[04Dec2025 01:06:41.436] [main/INFO] [cpw.mods.modlauncher.Launcher/MODLAUNCHER]: ModLauncher running: args [--launchTarget, forgeserver, --fml.forgeVersion, 40.2.21, --fml.mcVersion, 1.18.2, --fml.forgeGroup, net.minecraftforge, --fml.mcpVersion, 20220404.173914, nogui]
[04Dec2025 01:06:41.442] [main/INFO] [cpw.mods.modlauncher.Launcher/MODLAUNCHER]: ModLauncher 9.1.3+9.1.3+main.9b69c82a starting: java version 17.0.16 by Ubuntu
[04Dec2025 01:06:42.163] [main/INFO] [mixin/]: SpongePowered MIXIN Subsystem Version=0.8.5 Source=union:/workspaces/server/servidor_minecraft/libraries/org/spongepowered/mixin/0.8.5/mixin-0.8.5.jar%2314!/ Service=ModLauncher Env=SERVER
[04Dec2025 01:06:42.927] [main/WARN] [net.minecraftforge.fml.loading.moddiscovery.ModFileParser/LOADING]: Mod file /workspaces/server/servidor_minecraft/libraries/net/minecraftforge/fmlcore/1.18.2-40.2.21/fmlcore-1.18.2-40.2.21.jar is missing mods.toml file
[04Dec2025 01:06:42.928] [main/WARN] [net.minecraftforge.fml.loading.moddiscovery.ModFileParser/LOADING]: Mod file /workspaces/server/servidor_minecraft/libraries/net/minecraftforge/javafmllanguage/1.18.2-40.2.21/javafmllanguage-1.18.2-40.2.21.jar is missing mods.toml file
[04Dec2025 01:06:42.929] [main/WARN] [net.minecraftforge.fml.loading.moddiscovery.ModFileParser/LOADING]: Mod file /workspaces/server/servidor_minecraft/libraries/net/minecraftforge/lowcodelanguage/1.18.2-40.2.21/lowcodelanguage-1.18.2-40.2.21.jar is missing mods.toml file
[04Dec2025 01:06:42.930] [main/WARN] [net.minecraftforge.fml.loading.moddiscovery.ModFileParser/LOADING]: Mod file /workspaces/server/servidor_minecraft/libraries/net/minecraftforge/mclanguage/1.18.2-40.2.21/mclanguage-1.18.2-40.2.21.jar is missing mods.toml file
[04Dec2025 01:06:43.126] [main/INFO] [net.minecraftforge.fml.loading.moddiscovery.JarInJarDependencyLocator/]: Found 1 dependencies adding them to mods collection
[04Dec2025 01:06:50.645] [main/INFO] [mixin/]: Compatibility level set to JAVA_17
[04Dec2025 01:06:50.662] [main/ERROR] [mixin/]: Mixin config dim.mixins.json does not specify "minVersion" property
[04Dec2025 01:06:50.901] [main/ERROR] [mixin/]: Mixin config rei-jei-internals-workaround.mixins.json does not specify "minVersion" property
[04Dec2025 01:06:50.919] [main/ERROR] [mixin/]: Mixin config cat_jam.mixins.json does not specify "minVersion" property
[04Dec2025 01:06:50.971] [main/ERROR] [mixin/]: Mixin config debugify-common.mixins.json does not specify "minVersion" property
[04Dec2025 01:06:50.974] [main/ERROR] [mixin/]: Mixin config debugify.mixins.json does not specify "minVersion" property
[04Dec2025 01:06:50.979] [main/ERROR] [mixin/]: Mixin config polylib.mixins.json does not specify "minVersion" property
[04Dec2025 01:06:51.058] [main/ERROR] [mixin/]: Mixin config rei.mixins.json does not specify "minVersion" property
[04Dec2025 01:06:51.134] [main/INFO] [mixin/]: Successfully loaded Mixin Connector [tictim.paraglider.MixinConnector]
[04Dec2025 01:06:51.135] [main/INFO] [mixin/]: Successfully loaded Mixin Connector [shetiphian.core.mixins.MixinConnector]
[04Dec2025 01:06:51.136] [main/INFO] [mixin/]: Successfully loaded Mixin Connector [ca.spottedleaf.starlight.mixin.MixinConnector]
[04Dec2025 01:06:51.137] [main/INFO] [mixin/]: Successfully loaded Mixin Connector [shetiphian.multibeds.mixins.MixinConnector]
[04Dec2025 01:06:51.140] [main/INFO] [cpw.mods.modlauncher.LaunchServiceHandler/MODLAUNCHER]: Launching target 'forgeserver' with arguments [nogui]
[04Dec2025 01:06:51.247] [main/WARN] [mixin/]: Reference map 'yungsbridges.refmap.json' for yungsbridges.mixins.json could not be read. If this is a development environment you can ignore this message
[04Dec2025 01:06:51.250] [main/WARN] [mixin/]: Reference map 'yungsbridges.refmap.json' for yungsbridges_forge.mixins.json could not be read. If this is a development environment you can ignore this message
[04Dec2025 01:06:51.403] [main/INFO] [Canary/]: Loaded configuration file for Canary: 124 options available, 0 override(s) found
[04Dec2025 01:06:51.595] [main/INFO] [Debugify/]: Preloading Debugify
[04Dec2025 01:06:51.597] [main/INFO] [Debugify/]: Done.
[04Dec2025 01:06:51.610] [main/WARN] [mixin/]: Reference map 'polylib-common-refmap.json' for polylib.mixins.json could not be read. If this is a development environment you can ignore this message
[04Dec2025 01:06:51.623] [main/WARN] [mixin/]: Reference map 'xlpackets.refmap.json' for xlpackets.mixins.json could not be read. If this is a development environment you can ignore this message
[04Dec2025 01:06:51.639] [main/WARN] [mixin/]: Reference map 'dual_riders-1.18.2-1.1.1-forge-Forge-refmap.json' for dual_riders-forge.mixins.json could not be read. If this is a development environment you can ignore this message
[04Dec2025 01:06:51.662] [main/WARN] [mixin/]: Reference map 'creativecore.mixins.refmap.json' for creativecore.mixins.json could not be read. If this is a development environment you can ignore this message
[04Dec2025 01:06:51.667] [main/WARN] [mixin/]: Reference map 'nethersdelight.refmap.json' for nethersdelight.mixins.json could not be read. If this is a development environment you can ignore this message
[04Dec2025 01:06:52.773] [main/WARN] [mixin/]: Error loading class: draylar/identity/cca/IdentityComponent (java.lang.ClassNotFoundException: draylar.identity.cca.IdentityComponent)
[04Dec2025 01:06:52.889] [main/WARN] [mixin/]: Error loading class: mezz/jei/common/transfer/RecipeTransferUtil (java.lang.ClassNotFoundException: mezz.jei.common.transfer.RecipeTransferUtil)
[04Dec2025 01:06:52.890] [main/WARN] [mixin/]: @Mixin target mezz.jei.common.transfer.RecipeTransferUtil was not found polymorph_integrations.mixins.json:jei.MixinRecipeTransferUtil
[04Dec2025 01:07:00.256] [main/INFO] [me.steinborn.lazydfu.LazyDFU/]: Lazy DFU
[04Dec2025 01:07:02.451] [main/WARN] [mixin/]: @ModifyConstant conflict. Skipping repurposed_structures.mixins.json:structures.StructurePoolMixin->@ModifyConstant::repurposedstructures_increaseWeightLimitDev(I)I with priority 1000, already redirected by yungsapi.mixins.json:IncreaseStructureWeightLimitMixin->@ModifyConstant::yungsapi_increaseWeightLimit(I)I with priority 1000
[04Dec2025 01:07:04.459] [modloading-worker-0/INFO] [dev.wuffs.bcc.BCC/]: Better Compatibility Checker loading
[04Dec2025 01:07:05.861] [modloading-worker-0/INFO] [com.yellowbrossproductions.illageandspillage.IllageAndSpillage/]: Loading config: /workspaces/server/servidor_minecraft/config/illageandspillage-client.toml
[04Dec2025 01:07:05.863] [modloading-worker-0/INFO] [com.yellowbrossproductions.illageandspillage.IllageAndSpillage/]: Built config: /workspaces/server/servidor_minecraft/config/illageandspillage-client.toml
[04Dec2025 01:07:05.866] [modloading-worker-0/INFO] [com.yellowbrossproductions.illageandspillage.IllageAndSpillage/]: Loaded config: /workspaces/server/servidor_minecraft/config/illageandspillage-client.toml
[04Dec2025 01:07:05.866] [modloading-worker-0/INFO] [com.yellowbrossproductions.illageandspillage.IllageAndSpillage/]: Loading config: /workspaces/server/servidor_minecraft/config/illageandspillage-common.toml
[04Dec2025 01:07:05.871] [modloading-worker-0/INFO] [com.yellowbrossproductions.illageandspillage.IllageAndSpillage/]: Built config: /workspaces/server/servidor_minecraft/config/illageandspillage-common.toml
[04Dec2025 01:07:05.873] [modloading-worker-0/INFO] [com.yellowbrossproductions.illageandspillage.IllageAndSpillage/]: Loaded config: /workspaces/server/servidor_minecraft/config/illageandspillage-common.toml
[04Dec2025 01:07:06.387] [modloading-worker-0/INFO] [Furnish/]: Registered Furnish Containers.
[04Dec2025 01:07:06.388] [modloading-worker-0/INFO] [Furnish/]: Registered Furnish Recipes Serializers.
[04Dec2025 01:07:06.396] [modloading-worker-0/INFO] [Furnish/]: Registered Furnish Entities.
[04Dec2025 01:07:06.399] [modloading-worker-0/INFO] [Furnish/]: Registered Furnish Tile Entities.
[04Dec2025 01:07:06.406] [modloading-worker-0/INFO] [Furnish/]: Registered Furnish Sounds.
[04Dec2025 01:07:06.542] [modloading-worker-0/INFO] [com.jtorleonstudios.libraryferret.LibraryFerret/]: Initialize mod Library Ferret
[04Dec2025 01:07:06.561] [modloading-worker-0/WARN] [fallingleaves/]: Falling Leaves is a client only mod and should be removed from the mods list
[04Dec2025 01:07:06.576] [modloading-worker-0/INFO] [com.jtorleonstudios.libraryferret.LibraryFerret/]: Initialized mod Library Ferret
[04Dec2025 01:07:06.758] [modloading-worker-0/INFO] [net.minecraftforge.common.ForgeMod/FORGEMOD]: Forge mod loading, version 40.2.21, for MC 1.18.2 with MCP 20220404.173914
[04Dec2025 01:07:06.758] [modloading-worker-0/INFO] [net.minecraftforge.common.MinecraftForge/FORGE]: MinecraftForge v40.2.21 Initialized
[04Dec2025 01:07:07.696] [modloading-worker-0/INFO] [Puzzles Lib/]: Constructing common components for mod puzzleslib
[04Dec2025 01:07:08.818] [modloading-worker-0/INFO] [com.tterrag.registrate.AbstractRegistrate/]: Detected new forge version, registering events reflectively.
[04Dec2025 01:07:09.031] [Modding Legacy/blue_skies/Supporters thread/INFO] [ModdingLegacy/blue_skies/Supporter/]: Attempting to load the Modding Legacy supporters list from https://moddinglegacy.com/supporters-changelogs/supporters.txt
[04Dec2025 01:07:10.297] [Modding Legacy/blue_skies/Supporters thread/INFO] [ModdingLegacy/blue_skies/Supporter/]: Successfully loaded the Modding Legacy supporters list.
[04Dec2025 01:07:10.876] [modloading-worker-0/INFO] [Bookshelf/]: Fixing MC-151457. Crafting remainder for minecraft:pufferfish_bucket is now minecraft:bucket.
[04Dec2025 01:07:10.880] [modloading-worker-0/INFO] [Bookshelf/]: Fixing MC-151457. Crafting remainder for minecraft:salmon_bucket is now minecraft:bucket.
[04Dec2025 01:07:10.880] [modloading-worker-0/INFO] [Bookshelf/]: Fixing MC-151457. Crafting remainder for minecraft:cod_bucket is now minecraft:bucket.
[04Dec2025 01:07:10.880] [modloading-worker-0/INFO] [Bookshelf/]: Fixing MC-151457. Crafting remainder for minecraft:tropical_fish_bucket is now minecraft:bucket.
[04Dec2025 01:07:10.881] [modloading-worker-0/INFO] [Bookshelf/]: Fixing MC-151457. Crafting remainder for minecraft:axolotl_bucket is now minecraft:bucket.
[04Dec2025 01:07:10.881] [modloading-worker-0/INFO] [Bookshelf/]: Fixing MC-151457. Crafting remainder for minecraft:powder_snow_bucket is now minecraft:bucket.
[04Dec2025 01:07:11.341] [modloading-worker-0/INFO] [de.keksuccino.konkrete.Konkrete/]: [KONKRETE] Successfully initialized!
[04Dec2025 01:07:11.342] [modloading-worker-0/INFO] [de.keksuccino.konkrete.Konkrete/]: [KONKRETE] Server-side libs ready to use!
[04Dec2025 01:07:12.352] [modloading-worker-0/WARN] [yungsapi/]: WARNING: block Block{minecraft:iron_ore} added to BlockSelector exceeds max probabiltiy of 1!
[04Dec2025 01:07:12.588] [modloading-worker-0/INFO] [dev.architectury.networking.forge.NetworkManagerImpl/]: Registering C2S receiver with id architectury:sync_ids
[04Dec2025 01:07:12.689] [modloading-worker-0/INFO] [dev.architectury.networking.forge.NetworkManagerImpl/]: Registering C2S receiver with id identity:favorite
[04Dec2025 01:07:12.710] [modloading-worker-0/INFO] [dev.architectury.networking.forge.NetworkManagerImpl/]: Registering C2S receiver with id identity:request
[04Dec2025 01:07:12.711] [modloading-worker-0/INFO] [dev.architectury.networking.forge.NetworkManagerImpl/]: Registering C2S receiver with id identity:request
[04Dec2025 01:07:12.712] [modloading-worker-0/INFO] [dev.architectury.networking.forge.NetworkManagerImpl/]: Registering C2S receiver with id identity:use_ability
[04Dec2025 01:07:13.061] [modloading-worker-0/INFO] [twilightforest/]: Loaded compatibility for mod Tinkers Construct.
[04Dec2025 01:07:13.064] [modloading-worker-0/INFO] [twilightforest/]: Loaded compatibility for mod The Undergarden.
[04Dec2025 01:07:13.068] [modloading-worker-0/INFO] [twilightforest/]: Loaded compatibility for mod Immersive Engineering.
[04Dec2025 01:07:13.068] [modloading-worker-0/INFO] [twilightforest/]: Loaded compatibility for mod Curios.
[04Dec2025 01:07:13.203] [modloading-worker-0/INFO] [dev.architectury.networking.forge.NetworkManagerImpl/]: Registering C2S receiver with id itemfilters:main/14e7fa1454283aec8ae811ef844ada28
[04Dec2025 01:07:13.207] [modloading-worker-0/INFO] [dev.architectury.networking.forge.NetworkManagerImpl/]: Registering C2S receiver with id itemfilters:main/8f6a899247753217b9d86ab427a2b279
[04Dec2025 01:07:13.457] [modloading-worker-0/INFO] [Dungeon Crawl/]: Here we go! Launching Dungeon Crawl 2.3.14...
[04Dec2025 01:07:13.961] [ForkJoinPool.commonPool-worker-1/INFO] [friendsandfoes/]: An update for Friends&Foes is available! You're using 1.4.6 version but the latest version is 1.4.8!
[04Dec2025 01:07:14.263] [modloading-worker-0/INFO] [REI/]: [REI] Registered plugin provider REI Plugin Compatibilities Server Handler [rei_plugin_compatibilities, jei] for REIPlugin
[04Dec2025 01:07:14.382] [modloading-worker-0/INFO] [dev.architectury.networking.forge.NetworkManagerImpl/]: Registering C2S receiver with id roughlyenoughitems:request_tags_c2s
[04Dec2025 01:07:14.383] [modloading-worker-0/INFO] [REI/]: [REI] Registered plugin provider DefaultPluginImpl [roughlyenoughitems] for REIServerPlugin
[04Dec2025 01:07:14.383] [modloading-worker-0/INFO] [REI/]: [REI] Registered plugin provider DefaultPluginImpl [roughlyenoughitems] for REIPlugin
[04Dec2025 01:07:14.387] [modloading-worker-0/INFO] [REI/]: [REI] Registered plugin provider DefaultRuntimePlugin [roughlyenoughitems] for REIServerPlugin
[04Dec2025 01:07:14.388] [modloading-worker-0/INFO] [REI/]: [REI] Registered plugin provider DefaultRuntimePlugin [roughlyenoughitems] for REIPlugin
[04Dec2025 01:07:14.406] [modloading-worker-0/INFO] [REI/]: [REI] Registered plugin provider REI Plugin Compatibilities Server Handler [rei_plugin_compatibilities, jei] for REIServerPlugin
[04Dec2025 01:07:14.463] [modloading-worker-0/INFO] [dev.architectury.networking.forge.NetworkManagerImpl/]: Registering C2S receiver with id roughlyenoughitems:delete_item
[04Dec2025 01:07:14.464] [modloading-worker-0/INFO] [dev.architectury.networking.forge.NetworkManagerImpl/]: Registering C2S receiver with id roughlyenoughitems:create_item
[04Dec2025 01:07:14.464] [modloading-worker-0/INFO] [dev.architectury.networking.forge.NetworkManagerImpl/]: Registering C2S receiver with id roughlyenoughitems:create_item_grab
[04Dec2025 01:07:14.464] [modloading-worker-0/INFO] [dev.architectury.networking.forge.NetworkManagerImpl/]: Registering C2S receiver with id roughlyenoughitems:create_item_hotbar
[04Dec2025 01:07:14.464] [modloading-worker-0/INFO] [dev.architectury.networking.forge.NetworkManagerImpl/]: Registering C2S receiver with id roughlyenoughitems:move_items
[04Dec2025 01:07:14.565] [modloading-worker-0/INFO] [fancymenu/FancyMenu/]: [FANCYMENU] Loading v2.14.7 in server-side mode!
[04Dec2025 01:07:14.584] [modloading-worker-0/WARN] [de.keksuccino.drippyloadingscreen.DrippyLoadingScreen/]: WARNING: 'Drippy Loading Screen' is a client mod and has no effect when loaded on a server!
[04Dec2025 01:07:14.641] [modloading-worker-0/INFO] [be.florens.expandability.ExpandAbility/]: ExpandAbility here, who dis?
[04Dec2025 01:07:21.340] [main/INFO] [net.joefoxe.hexerei.Hexerei/]: HELLO from Register Block
[04Dec2025 01:07:23.963] [main/INFO] [Furnish/]: Registered Furnish Items.
[04Dec2025 01:07:24.092] [main/INFO] [com.github.klikli_dev.occultism.Occultism/]: Registered BlockItems
[04Dec2025 01:07:24.092] [main/INFO] [com.github.klikli_dev.occultism.Occultism/]: Registered compostable Items
[04Dec2025 01:07:24.717] [main/INFO] [net.minecraftforge.registries.GameData/]: Potentially Dangerous alternative prefix `minecraft` for name `shulker_shell`, expected `supplementaries`. This could be a intended override, but in most cases indicates a broken mod.
[04Dec2025 01:07:25.018] [main/INFO] [Puzzles Lib/]: Registering 1 element(s) to registry of type minecraft:block_entity_type for mod id visualworkbench
[04Dec2025 01:07:26.097] [main/WARN] [dev.architectury.registry.registries.forge.RegistriesImpl/]: Registry entry listened Registry Entry [minecraft:entity_type / friendsandfoes:mauler] was not realized!
[04Dec2025 01:07:26.097] [main/WARN] [dev.architectury.registry.registries.forge.RegistriesImpl/]: Registry entry listened Registry Entry [minecraft:entity_type / friendsandfoes:glare] was not realized!
[04Dec2025 01:07:26.097] [main/WARN] [dev.architectury.registry.registries.forge.RegistriesImpl/]: Registry entry listened Registry Entry [minecraft:entity_type / friendsandfoes:iceologer] was not realized!
[04Dec2025 01:07:26.098] [main/WARN] [dev.architectury.registry.registries.forge.RegistriesImpl/]: Registry entry listened Registry Entry [minecraft:entity_type / friendsandfoes:copper_golem] was not realized!
[04Dec2025 01:07:26.098] [main/WARN] [dev.architectury.registry.registries.forge.RegistriesImpl/]: Registry entry listened Registry Entry [minecraft:entity_type / friendsandfoes:moobloom] was not realized!
[04Dec2025 01:07:26.172] [main/INFO] [net.minecraftforge.registries.GameData/]: Potentially Dangerous alternative prefix `minecraft` for name `milk`, expected `forge`. This could be a intended override, but in most cases indicates a broken mod.
[04Dec2025 01:07:26.173] [main/INFO] [net.minecraftforge.registries.GameData/]: Potentially Dangerous alternative prefix `minecraft` for name `flowing_milk`, expected `forge`. This could be a intended override, but in most cases indicates a broken mod.
[04Dec2025 01:07:26.227] [main/INFO] [Puzzles Lib/]: Registering 1 element(s) to registry of type minecraft:menu for mod id visualworkbench
[04Dec2025 01:07:26.331] [main/INFO] [Furnish/]: Registered Furnish Paintings.
[04Dec2025 01:07:26.969] [main/INFO] [net.minecraftforge.registries.GameData/]: Potentially Dangerous alternative prefix `minecraft` for name `piglin_brute_specific_sensor`, expected `bygonenether`. This could be a intended override, but in most cases indicates a broken mod.
[04Dec2025 01:07:27.825] [main/INFO] [net.minecraftforge.registries.GameData/]: Potentially Dangerous alternative prefix `betterfortresses` for name `fortress`, expected `yungsapi`. This could be a intended override, but in most cases indicates a broken mod.
[04Dec2025 01:07:27.825] [main/INFO] [net.minecraftforge.registries.GameData/]: Potentially Dangerous alternative prefix `betteroceanmonuments` for name `ocean_monument`, expected `yungsapi`. This could be a intended override, but in most cases indicates a broken mod.
[04Dec2025 01:07:28.138] [main/INFO] [com.barion.dungeons_enhanced.DungeonsEnhanced/]: Dungeons Enhanced structures loaded
[04Dec2025 01:07:28.674] [main/WARN] [net.minecraft.network.syncher.SynchedEntityData/]: defineId called for: class com.github.alexthe666.alexsmobs.entity.EntityLeafcutterAnt from class com.github.alexthe666.alexsmobs.entity.EntityDevilsHolePupfish
[04Dec2025 01:07:28.676] [main/WARN] [net.minecraft.network.syncher.SynchedEntityData/]: defineId called for: class com.github.alexthe666.alexsmobs.entity.EntityMantisShrimp from class com.github.alexthe666.alexsmobs.entity.EntitySkelewag
[04Dec2025 01:07:28.801] [main/INFO] [ModdingLegacy/structure_gel/]: [Structure Gel] Registering data for structure_gel:biome_dictionary
[04Dec2025 01:07:28.869] [main/INFO] [ModdingLegacy/structure_gel/]: [Structure Gel] Registering data for structure_gel:loot_table_alias
[04Dec2025 01:07:28.881] [main/INFO] [ModdingLegacy/structure_gel/]: [Structure Gel] Registering data for structure_gel:data_handler_type
[04Dec2025 01:07:28.886] [main/INFO] [ModdingLegacy/structure_gel/]: [Structure Gel] Registering data for structure_gel:dynamic_spawner
[04Dec2025 01:07:28.888] [main/INFO] [ModdingLegacy/structure_gel/]: [Structure Gel] Attempting to register unregistered biomes to the biome dictionary. This can be disabled via config
[04Dec2025 01:07:29.015] [main/INFO] [ModdingLegacy/structure_gel/]: [Structure Gel] Registered byg:temperate_grove to [structure_gel:plains, structure_gel:neutral_temp]
[04Dec2025 01:07:29.015] [main/INFO] [ModdingLegacy/structure_gel/]: [Structure Gel] Registered twilightforest:enchanted_forest to [structure_gel:dry, structure_gel:snowy]
[04Dec2025 01:07:29.015] [main/INFO] [ModdingLegacy/structure_gel/]: [Structure Gel] Registered tropicraft:overgrown_mangroves to [structure_gel:hot, structure_gel:humid, structure_gel:swamp]
[04Dec2025 01:07:29.015] [main/INFO] [ModdingLegacy/structure_gel/]: [Structure Gel] Registered byg:sierra_badlands to [structure_gel:plains, structure_gel:warm]
[04Dec2025 01:07:29.015] [main/INFO] [ModdingLegacy/structure_gel/]: [Structure Gel] Registered byg:borealis_grove to [structure_gel:wooded, structure_gel:cold]
[04Dec2025 01:07:29.015] [main/INFO] [ModdingLegacy/structure_gel/]: [Structure Gel] Registered blueprint:original_source_marker to [structure_gel:neutral_temp, structure_gel:dry]
[04Dec2025 01:07:29.015] [main/INFO] [ModdingLegacy/structure_gel/]: [Structure Gel] Registered twilightforest:mushroom_forest to [structure_gel:dry, structure_gel:snowy, structure_gel:mushroom]
[04Dec2025 01:07:29.016] [main/INFO] [ModdingLegacy/structure_gel/]: [Structure Gel] Registered byg:cryptic_wastes to [structure_gel:neutral_temp, structure_gel:the_end, structure_gel:dry]
[04Dec2025 01:07:29.016] [main/INFO] [ModdingLegacy/structure_gel/]: [Structure Gel] Registered byg:lush_stacks to [structure_gel:neutral_temp, structure_gel:ocean]
[04Dec2025 01:07:29.016] [main/INFO] [ModdingLegacy/structure_gel/]: [Structure Gel] Registered byg:ethereal_islands to [structure_gel:neutral_temp, structure_gel:the_end, structure_gel:dry]
[04Dec2025 01:07:29.016] [main/INFO] [ModdingLegacy/structure_gel/]: [Structure Gel] Registered atmospheric:sparse_rainforest_basin to [structure_gel:humid, structure_gel:neutral_temp, structure_gel:jungle]
[04Dec2025 01:07:29.016] [main/INFO] [ModdingLegacy/structure_gel/]: [Structure Gel] Registered tropicraft:mangroves to [structure_gel:hot, structure_gel:humid, structure_gel:swamp]
[04Dec2025 01:07:29.016] [main/INFO] [ModdingLegacy/structure_gel/]: [Structure Gel] Registered byg:warped_desert to [structure_gel:hot, structure_gel:dry, structure_gel:the_nether]
[04Dec2025 01:07:29.016] [main/INFO] [ModdingLegacy/structure_gel/]: [Structure Gel] Registered byg:rainbow_beach to [structure_gel:neutral_temp, structure_gel:beach]
[04Dec2025 01:07:29.016] [main/INFO] [ModdingLegacy/structure_gel/]: [Structure Gel] Registered byg:jacaranda_forest to [structure_gel:neutral_temp, structure_gel:jungle]
[04Dec2025 01:07:29.016] [main/INFO] [ModdingLegacy/structure_gel/]: [Structure Gel] Registered undergarden:frostfields to [structure_gel:neutral_temp, structure_gel:dry]
[04Dec2025 01:07:29.016] [main/INFO] [ModdingLegacy/structure_gel/]: [Structure Gel] Registered twilightforest:highlands to [structure_gel:dry, structure_gel:snowy]
[04Dec2025 01:07:29.017] [main/INFO] [ModdingLegacy/structure_gel/]: [Structure Gel] Registered tropicraft:river to [structure_gel:humid, structure_gel:river, structure_gel:warm]
[04Dec2025 01:07:29.017] [main/INFO] [ModdingLegacy/structure_gel/]: [Structure Gel] Registered atmospheric:rainforest to [structure_gel:humid, structure_gel:neutral_temp, structure_gel:jungle]
[04Dec2025 01:07:29.017] [main/INFO] [ModdingLegacy/structure_gel/]: [Structure Gel] Registered byg:bulbis_gardens to [structure_gel:neutral_temp, structure_gel:the_end, structure_gel:dry]
[04Dec2025 01:07:29.017] [main/INFO] [ModdingLegacy/structure_gel/]: [Structure Gel] Registered atmospheric:rocky_dunes to [structure_gel:desert, structure_gel:hot, structure_gel:dry]
[04Dec2025 01:07:29.017] [main/INFO] [ModdingLegacy/structure_gel/]: [Structure Gel] Registered byg:embur_bog to [structure_gel:hot, structure_gel:dry, structure_gel:the_nether]
[04Dec2025 01:07:29.017] [main/INFO] [ModdingLegacy/structure_gel/]: [Structure Gel] Registered byg:dead_sea to [structure_gel:hot, structure_gel:ocean]
[04Dec2025 01:07:29.017] [main/INFO] [ModdingLegacy/structure_gel/]: [Structure Gel] Registered byg:aspen_forest to [structure_gel:wooded, structure_gel:neutral_temp]
[04Dec2025 01:07:29.018] [main/INFO] [ModdingLegacy/structure_gel/]: [Structure Gel] Registered tropicraft:osa_rainforest to [structure_gel:humid, structure_gel:warm, structure_gel:jungle]
[04Dec2025 01:07:29.018] [main/INFO] [ModdingLegacy/structure_gel/]: [Structure Gel] Registered byg:glowstone_gardens to [structure_gel:hot, structure_gel:dry, structure_gel:the_nether]
[04Dec2025 01:07:29.018] [main/INFO] [ModdingLegacy/structure_gel/]: [Structure Gel] Registered byg:viscal_isles to [structure_gel:neutral_temp, structure_gel:the_end, structure_gel:dry]
[04Dec2025 01:07:29.018] [main/INFO] [ModdingLegacy/structure_gel/]: [Structure Gel] Registered byg:windswept_desert to [structure_gel:desert, structure_gel:hot, structure_gel:dry]
[04Dec2025 01:07:29.018] [main/INFO] [ModdingLegacy/structure_gel/]: [Structure Gel] Registered byg:weeping_witch_forest to [structure_gel:wooded, structure_gel:cold]
[04Dec2025 01:07:29.018] [main/INFO] [ModdingLegacy/structure_gel/]: [Structure Gel] Registered undergarden:wigglewood_forest to [structure_gel:neutral_temp, structure_gel:dry]
[04Dec2025 01:07:29.019] [main/INFO] [ModdingLegacy/structure_gel/]: [Structure Gel] Registered byg:nightshade_forest to [structure_gel:neutral_temp, structure_gel:the_end, structure_gel:dry]
[04Dec2025 01:07:29.019] [main/INFO] [ModdingLegacy/structure_gel/]: [Structure Gel] Registered byg:brimstone_caverns to [structure_gel:hot, structure_gel:dry, structure_gel:the_nether, structure_gel:cave]
[04Dec2025 01:07:29.019] [main/INFO] [ModdingLegacy/structure_gel/]: [Structure Gel] Registered byg:twilight_meadow to [structure_gel:wooded, structure_gel:cold]
[04Dec2025 01:07:29.019] [main/INFO] [ModdingLegacy/structure_gel/]: [Structure Gel] Registered byg:atacama_desert to [structure_gel:desert, structure_gel:hot, structure_gel:dry]
[04Dec2025 01:07:29.019] [main/INFO] [ModdingLegacy/structure_gel/]: [Structure Gel] Registered byg:amaranth_fields to [structure_gel:plains, structure_gel:neutral_temp]
[04Dec2025 01:07:29.019] [main/INFO] [ModdingLegacy/structure_gel/]: [Structure Gel] Registered byg:magma_wastes to [structure_gel:hot, structure_gel:dry, structure_gel:the_nether]
[04Dec2025 01:07:29.020] [main/INFO] [ModdingLegacy/structure_gel/]: [Structure Gel] Registered undergarden:dense_forest to [structure_gel:neutral_temp, structure_gel:dry]
[04Dec2025 01:07:29.020] [main/INFO] [ModdingLegacy/structure_gel/]: [Structure Gel] Registered undergarden:mushroom_bog to [structure_gel:neutral_temp, structure_gel:dry, structure_gel:mushroom]
[04Dec2025 01:07:29.020] [main/INFO] [ModdingLegacy/structure_gel/]: [Structure Gel] Registered twilightforest:forest to [structure_gel:dry, structure_gel:snowy]
[04Dec2025 01:07:29.020] [main/INFO] [ModdingLegacy/structure_gel/]: [Structure Gel] Registered byg:maple_taiga to [structure_gel:spruce_forest, structure_gel:cold]
[04Dec2025 01:07:29.020] [main/INFO] [ModdingLegacy/structure_gel/]: [Structure Gel] Registered byg:araucaria_savanna to [structure_gel:dry, structure_gel:warm, structure_gel:savanna]
[04Dec2025 01:07:29.021] [main/INFO] [ModdingLegacy/structure_gel/]: [Structure Gel] Registered tropicraft:bamboo_rainforest to [structure_gel:humid, structure_gel:bamboo, structure_gel:warm, structure_gel:jungle]
[04Dec2025 01:07:29.021] [main/INFO] [ModdingLegacy/structure_gel/]: [Structure Gel] Registered undergarden:barren_abyss to [structure_gel:neutral_temp, structure_gel:dry]
[04Dec2025 01:07:29.021] [main/INFO] [ModdingLegacy/structure_gel/]: [Structure Gel] Registered byg:rose_fields to [structure_gel:plains, structure_gel:neutral_temp]
[04Dec2025 01:07:29.021] [main/INFO] [ModdingLegacy/structure_gel/]: [Structure Gel] Registered byg:bayou to [structure_gel:neutral_temp, structure_gel:swamp]
[04Dec2025 01:07:29.021] [main/INFO] [ModdingLegacy/structure_gel/]: [Structure Gel] Registered twilightforest:thornlands to [structure_gel:dry, structure_gel:snowy]
[04Dec2025 01:07:29.022] [main/INFO] [ModdingLegacy/structure_gel/]: [Structure Gel] Registered twilightforest:swamp to [structure_gel:dry, structure_gel:snowy]
[04Dec2025 01:07:29.022] [main/INFO] [ModdingLegacy/structure_gel/]: [Structure Gel] Registered byg:shulkren_forest to [structure_gel:neutral_temp, structure_gel:the_end, structure_gel:dry]
[04Dec2025 01:07:29.022] [main/INFO] [ModdingLegacy/structure_gel/]: [Structure Gel] Registered byg:arisian_undergrowth to [structure_gel:hot, structure_gel:dry, structure_gel:the_nether]
[04Dec2025 01:07:29.022] [main/INFO] [ModdingLegacy/structure_gel/]: [Structure Gel] Registered byg:temperate_rainforest to [structure_gel:wooded, structure_gel:neutral_temp]
[04Dec2025 01:07:29.023] [main/INFO] [ModdingLegacy/structure_gel/]: [Structure Gel] Registered byg:firecracker_shrubland to [structure_gel:desert, structure_gel:hot]
[04Dec2025 01:07:29.023] [main/INFO] [ModdingLegacy/structure_gel/]: [Structure Gel] Registered byg:red_oak_forest to [structure_gel:wooded, structure_gel:humid, structure_gel:neutral_temp]
[04Dec2025 01:07:29.023] [main/INFO] [ModdingLegacy/structure_gel/]: [Structure Gel] Registered byg:autumnal_taiga to [structure_gel:autumn_forest, structure_gel:spruce_forest, structure_gel:cold]
[04Dec2025 01:07:29.023] [main/INFO] [ModdingLegacy/structure_gel/]: [Structure Gel] Registered byg:white_mangrove_marshes to [structure_gel:neutral_temp, structure_gel:swamp]
[04Dec2025 01:07:29.024] [main/INFO] [ModdingLegacy/structure_gel/]: [Structure Gel] Registered tropicraft:ocean to [structure_gel:humid, structure_gel:warm, structure_gel:ocean]
[04Dec2025 01:07:29.024] [main/INFO] [ModdingLegacy/structure_gel/]: [Structure Gel] Registered byg:wailing_garth to [structure_gel:hot, structure_gel:dry, structure_gel:the_nether]
[04Dec2025 01:07:29.024] [main/INFO] [ModdingLegacy/structure_gel/]: [Structure Gel] Registered byg:cardinal_tundra to [structure_gel:snowy, structure_gel:cold]
[04Dec2025 01:07:29.025] [main/INFO] [ModdingLegacy/structure_gel/]: [Structure Gel] Registered undergarden:smog_spires to [structure_gel:neutral_temp, structure_gel:dry]
[04Dec2025 01:07:29.025] [main/INFO] [ModdingLegacy/structure_gel/]: [Structure Gel] Registered byg:cika_woods to [structure_gel:wooded, structure_gel:neutral_temp]
[04Dec2025 01:07:29.026] [main/INFO] [ModdingLegacy/structure_gel/]: [Structure Gel] Registered twilightforest:clearing to [structure_gel:dry, structure_gel:snowy]
[04Dec2025 01:07:29.026] [main/INFO] [ModdingLegacy/structure_gel/]: [Structure Gel] Registered byg:ivis_fields to [structure_gel:neutral_temp, structure_gel:the_end, structure_gel:dry]
[04Dec2025 01:07:29.026] [main/INFO] [ModdingLegacy/structure_gel/]: [Structure Gel] Registered byg:weeping_mire to [structure_gel:hot, structure_gel:dry, structure_gel:the_nether]
[04Dec2025 01:07:29.026] [main/INFO] [ModdingLegacy/structure_gel/]: [Structure Gel] Registered twilightforest:dark_forest to [structure_gel:dry, structure_gel:snowy]
[04Dec2025 01:07:29.026] [main/INFO] [ModdingLegacy/structure_gel/]: [Structure Gel] Registered twilightforest:oak_savannah to [structure_gel:dry, structure_gel:snowy]
[04Dec2025 01:07:29.026] [main/INFO] [ModdingLegacy/structure_gel/]: [Structure Gel] Registered terrablender:deferred_placeholder to [structure_gel:neutral_temp, structure_gel:dry]
[04Dec2025 01:07:29.026] [main/INFO] [ModdingLegacy/structure_gel/]: [Structure Gel] Registered byg:frosted_coniferous_forest to [structure_gel:snowy_spruce_forest, structure_gel:snowy, structure_gel:coniferous_forest]
[04Dec2025 01:07:29.027] [main/INFO] [ModdingLegacy/structure_gel/]: [Structure Gel] Registered undergarden:icy_sea to [structure_gel:neutral_temp, structure_gel:dry]
[04Dec2025 01:07:29.027] [main/INFO] [ModdingLegacy/structure_gel/]: [Structure Gel] Registered byg:coconino_meadow to [structure_gel:plains, structure_gel:neutral_temp]
[04Dec2025 01:07:29.027] [main/INFO] [ModdingLegacy/structure_gel/]: [Structure Gel] Registered undergarden:dead_sea to [structure_gel:neutral_temp, structure_gel:dry]
[04Dec2025 01:07:29.027] [main/INFO] [ModdingLegacy/structure_gel/]: [Structure Gel] Registered byg:skyris_vale to [structure_gel:mountain, structure_gel:cold]
[04Dec2025 01:07:29.027] [main/INFO] [ModdingLegacy/structure_gel/]: [Structure Gel] Registered byg:autumnal_forest to [structure_gel:wooded, structure_gel:humid, structure_gel:autumn_forest, structure_gel:cold]
[04Dec2025 01:07:29.027] [main/INFO] [ModdingLegacy/structure_gel/]: [Structure Gel] Registered byg:zelkova_forest to [structure_gel:spruce_forest, structure_gel:cold]
[04Dec2025 01:07:29.027] [main/INFO] [ModdingLegacy/structure_gel/]: [Structure Gel] Registered byg:sythian_torrids to [structure_gel:hot, structure_gel:dry, structure_gel:the_nether]
[04Dec2025 01:07:29.027] [main/INFO] [ModdingLegacy/structure_gel/]: [Structure Gel] Registered byg:dacite_ridges to [structure_gel:mountain, structure_gel:cold]
[04Dec2025 01:07:29.028] [main/INFO] [ModdingLegacy/structure_gel/]: [Structure Gel] Registered mythicbotany:alfheim_lakes to [structure_gel:neutral_temp, structure_gel:ocean]
[04Dec2025 01:07:29.028] [main/INFO] [ModdingLegacy/structure_gel/]: [Structure Gel] Registered mythicbotany:golden_fields to [structure_gel:plains, structure_gel:neutral_temp]
[04Dec2025 01:07:29.028] [main/INFO] [ModdingLegacy/structure_gel/]: [Structure Gel] Registered byg:black_forest to [structure_gel:spruce_forest, structure_gel:cold]
[04Dec2025 01:07:29.028] [main/INFO] [ModdingLegacy/structure_gel/]: [Structure Gel] Registered byg:allium_fields to [structure_gel:plains, structure_gel:flowery, structure_gel:neutral_temp]
[04Dec2025 01:07:29.028] [main/INFO] [ModdingLegacy/structure_gel/]: [Structure Gel] Registered byg:forgotten_forest to [structure_gel:wooded, structure_gel:neutral_temp]
[04Dec2025 01:07:29.028] [main/INFO] [ModdingLegacy/structure_gel/]: [Structure Gel] Registered byg:windswept_dunes to [structure_gel:desert, structure_gel:hot, structure_gel:dry]
[04Dec2025 01:07:29.028] [main/INFO] [ModdingLegacy/structure_gel/]: [Structure Gel] Registered twilightforest:fire_swamp to [structure_gel:dry, structure_gel:snowy]
[04Dec2025 01:07:29.028] [main/INFO] [ModdingLegacy/structure_gel/]: [Structure Gel] Registered undergarden:gronglegrowth to [structure_gel:neutral_temp, structure_gel:dry]
[04Dec2025 01:07:29.028] [main/INFO] [ModdingLegacy/structure_gel/]: [Structure Gel] Registered tropicraft:tropical_peaks to [structure_gel:humid, structure_gel:tropical, structure_gel:warm]
[04Dec2025 01:07:29.029] [main/INFO] [ModdingLegacy/structure_gel/]: [Structure Gel] Registered twilightforest:dense_forest to [structure_gel:dry, structure_gel:snowy]
[04Dec2025 01:07:29.029] [main/INFO] [ModdingLegacy/structure_gel/]: [Structure Gel] Registered twilightforest:stream to [structure_gel:dry, structure_gel:snowy]
[04Dec2025 01:07:29.029] [main/INFO] [ModdingLegacy/structure_gel/]: [Structure Gel] Registered tropicraft:tropics to [structure_gel:plains, structure_gel:hot, structure_gel:humid, structure_gel:tropical]
[04Dec2025 01:07:29.029] [main/INFO] [ModdingLegacy/structure_gel/]: [Structure Gel] Registered byg:imparius_grove to [structure_gel:neutral_temp, structure_gel:the_end, structure_gel:dry]
[04Dec2025 01:07:29.029] [main/INFO] [ModdingLegacy/structure_gel/]: [Structure Gel] Registered byg:redwood_thicket to [structure_gel:wooded, structure_gel:humid, structure_gel:neutral_temp, structure_gel:redwood_forest]
[04Dec2025 01:07:29.029] [main/INFO] [ModdingLegacy/structure_gel/]: [Structure Gel] Registered atmospheric:flourishing_dunes to [structure_gel:desert, structure_gel:hot, structure_gel:dry]
[04Dec2025 01:07:29.029] [main/INFO] [ModdingLegacy/structure_gel/]: [Structure Gel] Registered byg:frosted_taiga to [structure_gel:snowy_spruce_forest, structure_gel:snowy]
[04Dec2025 01:07:29.029] [main/INFO] [ModdingLegacy/structure_gel/]: [Structure Gel] Registered twilightforest:lake to [structure_gel:dry, structure_gel:snowy]
[04Dec2025 01:07:29.029] [main/INFO] [ModdingLegacy/structure_gel/]: [Structure Gel] Registered byg:guiana_shield to [structure_gel:humid, structure_gel:neutral_temp, structure_gel:jungle]
[04Dec2025 01:07:29.030] [main/INFO] [ModdingLegacy/structure_gel/]: [Structure Gel] Registered atmospheric:dunes to [structure_gel:desert, structure_gel:hot, structure_gel:dry]
[04Dec2025 01:07:29.030] [main/INFO] [ModdingLegacy/structure_gel/]: [Structure Gel] Registered undergarden:forgotten_field to [structure_gel:neutral_temp, structure_gel:dry]
[04Dec2025 01:07:29.030] [main/INFO] [ModdingLegacy/structure_gel/]: [Structure Gel] Registered byg:mojave_desert to [structure_gel:desert, structure_gel:hot, structure_gel:dry]
[04Dec2025 01:07:29.030] [main/INFO] [ModdingLegacy/structure_gel/]: [Structure Gel] Registered byg:cherry_blossom_forest to [structure_gel:wooded, structure_gel:neutral_temp]
[04Dec2025 01:07:29.030] [main/INFO] [ModdingLegacy/structure_gel/]: [Structure Gel] Registered mythicbotany:alfheim_hills to [structure_gel:plains, structure_gel:humid, structure_gel:neutral_temp]
[04Dec2025 01:07:29.030] [main/INFO] [ModdingLegacy/structure_gel/]: [Structure Gel] Registered byg:autumnal_valley to [structure_gel:plains, structure_gel:neutral_temp, structure_gel:autumn_forest]
[04Dec2025 01:07:29.030] [main/INFO] [ModdingLegacy/structure_gel/]: [Structure Gel] Registered twilightforest:firefly_forest to [structure_gel:dry, structure_gel:snowy]
[04Dec2025 01:07:29.030] [main/INFO] [ModdingLegacy/structure_gel/]: [Structure Gel] Registered byg:red_rock_valley to [structure_gel:desert, structure_gel:warm]
[04Dec2025 01:07:29.031] [main/INFO] [ModdingLegacy/structure_gel/]: [Structure Gel] Registered tropicraft:beach to [structure_gel:humid, structure_gel:warm, structure_gel:beach]
[04Dec2025 01:07:29.031] [main/INFO] [ModdingLegacy/structure_gel/]: [Structure Gel] Registered byg:crag_gardens to [structure_gel:neutral_temp, structure_gel:jungle]
[04Dec2025 01:07:29.031] [main/INFO] [ModdingLegacy/structure_gel/]: [Structure Gel] Registered twilightforest:spooky_forest to [structure_gel:dry, structure_gel:snowy]
[04Dec2025 01:07:29.031] [main/INFO] [ModdingLegacy/structure_gel/]: [Structure Gel] Registered byg:windswept_beach to [structure_gel:neutral_temp, structure_gel:beach]
[04Dec2025 01:07:29.031] [main/INFO] [ModdingLegacy/structure_gel/]: [Structure Gel] Registered byg:prairie to [structure_gel:plains, structure_gel:neutral_temp]
[04Dec2025 01:07:29.031] [main/INFO] [ModdingLegacy/structure_gel/]: [Structure Gel] Registered byg:baobab_savanna to [structure_gel:dry, structure_gel:warm, structure_gel:savanna]
[04Dec2025 01:07:29.031] [main/INFO] [ModdingLegacy/structure_gel/]: [Structure Gel] Registered twilightforest:glacier to [structure_gel:dry, structure_gel:snowy]
[04Dec2025 01:07:29.031] [main/INFO] [ModdingLegacy/structure_gel/]: [Structure Gel] Registered byg:subzero_hypogeal to [structure_gel:hot, structure_gel:dry, structure_gel:the_nether]
[04Dec2025 01:07:29.032] [main/INFO] [ModdingLegacy/structure_gel/]: [Structure Gel] Registered byg:ebony_woods to [structure_gel:wooded, structure_gel:neutral_temp]
[04Dec2025 01:07:29.032] [main/INFO] [ModdingLegacy/structure_gel/]: [Structure Gel] Registered byg:crimson_gardens to [structure_gel:hot, structure_gel:dry, structure_gel:the_nether]
[04Dec2025 01:07:29.032] [main/INFO] [ModdingLegacy/structure_gel/]: [Structure Gel] Registered tropicraft:rainforest to [structure_gel:humid, structure_gel:warm, structure_gel:jungle]
[04Dec2025 01:07:29.032] [main/INFO] [ModdingLegacy/structure_gel/]: [Structure Gel] Registered byg:cypress_swamplands to [structure_gel:swamp, structure_gel:cold]
[04Dec2025 01:07:29.032] [main/INFO] [ModdingLegacy/structure_gel/]: [Structure Gel] Registered twilightforest:final_plateau to [structure_gel:dry, structure_gel:snowy]
[04Dec2025 01:07:29.032] [main/INFO] [ModdingLegacy/structure_gel/]: [Structure Gel] Registered byg:shattered_glacier to [structure_gel:humid, structure_gel:snowy]
[04Dec2025 01:07:29.032] [main/INFO] [ModdingLegacy/structure_gel/]: [Structure Gel] Registered byg:canadian_shield to [structure_gel:snowy, structure_gel:snowy_mountain, structure_gel:cold]
[04Dec2025 01:07:29.033] [main/INFO] [ModdingLegacy/structure_gel/]: [Structure Gel] Registered byg:dacite_shore to [structure_gel:mountain, structure_gel:cold]
[04Dec2025 01:07:29.033] [main/INFO] [ModdingLegacy/structure_gel/]: [Structure Gel] Registered mythicbotany:dreamwood_forest to [structure_gel:wooded, structure_gel:humid, structure_gel:neutral_temp]
[04Dec2025 01:07:29.033] [main/INFO] [ModdingLegacy/structure_gel/]: [Structure Gel] Registered atmospheric:hot_springs to [structure_gel:dry, structure_gel:spruce_forest]
[04Dec2025 01:07:29.033] [main/INFO] [ModdingLegacy/structure_gel/]: [Structure Gel] Registered atmospheric:rainforest_basin to [structure_gel:humid, structure_gel:neutral_temp, structure_gel:jungle]
[04Dec2025 01:07:29.033] [main/INFO] [ModdingLegacy/structure_gel/]: [Structure Gel] Registered twilightforest:dark_forest_center to [structure_gel:dry, structure_gel:snowy]
[04Dec2025 01:07:29.033] [main/INFO] [ModdingLegacy/structure_gel/]: [Structure Gel] Registered byg:tropical_rainforest to [structure_gel:humid, structure_gel:neutral_temp, structure_gel:tropical, structure_gel:jungle]
[04Dec2025 01:07:29.034] [main/INFO] [ModdingLegacy/structure_gel/]: [Structure Gel] Registered byg:fragment_forest to [structure_gel:wooded, structure_gel:cold]
[04Dec2025 01:07:29.035] [main/INFO] [ModdingLegacy/structure_gel/]: [Structure Gel] Registered twilightforest:snowy_forest to [structure_gel:dry, structure_gel:snowy]
[04Dec2025 01:07:29.035] [main/INFO] [ModdingLegacy/structure_gel/]: [Structure Gel] Registered twilightforest:dense_mushroom_forest to [structure_gel:dry, structure_gel:snowy, structure_gel:mushroom]
[04Dec2025 01:07:29.035] [main/INFO] [ModdingLegacy/structure_gel/]: [Structure Gel] Registered byg:howling_peaks to [structure_gel:cold]
[04Dec2025 01:07:29.035] [main/INFO] [ModdingLegacy/structure_gel/]: [Structure Gel] Registered undergarden:smogstem_forest to [structure_gel:neutral_temp, structure_gel:dry]
[04Dec2025 01:07:29.035] [main/INFO] [ModdingLegacy/structure_gel/]: [Structure Gel] Registered undergarden:ancient_sea to [structure_gel:neutral_temp, structure_gel:dry]
[04Dec2025 01:07:29.035] [main/INFO] [ModdingLegacy/structure_gel/]: [Structure Gel] Registered atmospheric:sparse_rainforest to [structure_gel:humid, structure_gel:neutral_temp, structure_gel:jungle]
[04Dec2025 01:07:29.035] [main/INFO] [ModdingLegacy/structure_gel/]: [Structure Gel] Registered tropicraft:kelp_forest to [structure_gel:humid, structure_gel:warm, structure_gel:ocean]
[04Dec2025 01:07:29.035] [main/INFO] [ModdingLegacy/structure_gel/]: [Structure Gel] Registered atmospheric:petrified_dunes to [structure_gel:desert, structure_gel:hot, structure_gel:dry]
[04Dec2025 01:07:29.035] [main/INFO] [ModdingLegacy/structure_gel/]: [Structure Gel] Registered byg:quartz_desert to [structure_gel:hot, structure_gel:dry, structure_gel:the_nether]
[04Dec2025 01:07:29.036] [main/INFO] [ModdingLegacy/structure_gel/]: [Structure Gel] Registered byg:orchard to [structure_gel:plains, structure_gel:neutral_temp]
[04Dec2025 01:07:29.036] [main/INFO] [ModdingLegacy/structure_gel/]: [Structure Gel] Registered mythicbotany:alfheim_plains to [structure_gel:plains, structure_gel:humid, structure_gel:neutral_temp]
[04Dec2025 01:07:29.036] [main/INFO] [ModdingLegacy/structure_gel/]: [Structure Gel] Registered byg:basalt_barrera to [structure_gel:neutral_temp, structure_gel:beach]
[04Dec2025 01:07:29.036] [main/INFO] [ModdingLegacy/structure_gel/]: [Structure Gel] Registered byg:coniferous_forest to [structure_gel:spruce_forest, structure_gel:coniferous_forest, structure_gel:cold]
[04Dec2025 01:07:29.117] [main/INFO] [ModdingLegacy/blue_skies/]: Loading Config: blue_skies-common.toml
[04Dec2025 01:07:29.117] [main/INFO] [ModdingLegacy/blue_skies/]: Loading Config: blue_skies-common.toml
[04Dec2025 01:07:29.118] [Thread-0/INFO] [ModdingLegacy/blue_skies/]: Reloading Config: blue_skies-common.toml
[04Dec2025 01:07:29.119] [Thread-0/INFO] [ModdingLegacy/blue_skies/]: Reloading Config: blue_skies-common.toml
[04Dec2025 01:07:29.119] [Thread-0/INFO] [ModdingLegacy/blue_skies/]: Reloading Config: blue_skies-common.toml
[04Dec2025 01:07:29.119] [Thread-0/INFO] [ModdingLegacy/blue_skies/]: Reloading Config: blue_skies-common.toml
[04Dec2025 01:07:29.268] [modloading-worker-0/INFO] [dev.wuffs.bcc.BCC/]: Better Compatibility Checker setting up
[04Dec2025 01:07:29.419] [modloading-worker-0/INFO] [Mekanism/]: Version 10.2.5 initializing...
[04Dec2025 01:07:29.485] [Forge Version Check/INFO] [net.minecraftforge.fml.VersionChecker/]: [mcwwindows] Starting version check at https://raw.githubusercontent.com/sketchmacaw/macawsmods/master/window.json
[04Dec2025 01:07:29.502] [modloading-worker-0/INFO] [mythicbotany/]: Loading MythicBotany
[04Dec2025 01:07:29.520] [modloading-worker-0/INFO] [voicechat/]: Compatibility version 17
[04Dec2025 01:07:29.556] [Forge Version Check/INFO] [net.minecraftforge.fml.VersionChecker/]: [mcwwindows] Found status: OUTDATED Current: 2.1.1 Target: 2.4.1
[04Dec2025 01:07:29.557] [Forge Version Check/INFO] [net.minecraftforge.fml.VersionChecker/]: [mcwtrpdoors] Starting version check at https://raw.githubusercontent.com/sketchmacaw/macawsmods/master/trapdoors.json
[04Dec2025 01:07:29.572] [Forge Version Check/INFO] [net.minecraftforge.fml.VersionChecker/]: [mcwtrpdoors] Found status: OUTDATED Current: 1.1.1 Target: 1.1.5
[04Dec2025 01:07:29.572] [Forge Version Check/INFO] [net.minecraftforge.fml.VersionChecker/]: [highlighter] Starting version check at https://mc-update-check.anthonyhilyard.com/521590
[04Dec2025 01:07:29.601] [modloading-worker-0/INFO] [Mekanism/]: Fake player readout: UUID = 46e82cd0-d480-3d48-800a-77431ede078e, name = [Mekanism]
[04Dec2025 01:07:29.601] [modloading-worker-0/INFO] [Mekanism/]: Mod loaded.
[04Dec2025 01:07:29.627] [Immersive Engineering Contributors Thread/INFO] [immersiveengineering/]: Attempting to download special revolvers from GitHub
[04Dec2025 01:07:29.698] [modloading-worker-0/INFO] [voicechat/]: Loading plugins
[04Dec2025 01:07:29.720] [modloading-worker-0/INFO] [voicechat/]: Loaded 0 plugin(s)
[04Dec2025 01:07:29.726] [modloading-worker-0/INFO] [voicechat/]: Initializing plugins
[04Dec2025 01:07:29.726] [modloading-worker-0/INFO] [voicechat/]: Initialized 0 plugin(s)
[04Dec2025 01:07:29.720] [Forge Version Check/WARN] [net.minecraftforge.fml.VersionChecker/]: Failed to process update information
javax.net.ssl.SSLHandshakeException: PKIX path validation failed: java.security.cert.CertPathValidatorException: validity check failed
	at jdk.internal.net.http.HttpClientImpl.send(HttpClientImpl.java:579) ~[java.net.http:?]
	at jdk.internal.net.http.HttpClientFacade.send(HttpClientFacade.java:123) ~[java.net.http:?]
	at net.minecraftforge.fml.VersionChecker$1.openUrlString(VersionChecker.java:139) ~[fmlcore-1.18.2-40.2.21.jar%23258!/:?]
	at net.minecraftforge.fml.VersionChecker$1.process(VersionChecker.java:177) ~[fmlcore-1.18.2-40.2.21.jar%23258!/:?]
	at java.lang.Iterable.forEach(Iterable.java:75) [?:?]
	at net.minecraftforge.fml.VersionChecker$1.run(VersionChecker.java:114) [fmlcore-1.18.2-40.2.21.jar%23258!/:?]
Caused by: javax.net.ssl.SSLHandshakeException: PKIX path validation failed: java.security.cert.CertPathValidatorException: validity check failed
	at sun.security.ssl.Alert.createSSLException(Alert.java:131) ~[?:?]
	at sun.security.ssl.TransportContext.fatal(TransportContext.java:383) ~[?:?]
	at sun.security.ssl.TransportContext.fatal(TransportContext.java:326) ~[?:?]
	at sun.security.ssl.TransportContext.fatal(TransportContext.java:321) ~[?:?]
	at sun.security.ssl.CertificateMessage$T12CertificateConsumer.checkServerCerts(CertificateMessage.java:654) ~[?:?]
	at sun.security.ssl.CertificateMessage$T12CertificateConsumer.onCertificate(CertificateMessage.java:473) ~[?:?]
	at sun.security.ssl.CertificateMessage$T12CertificateConsumer.consume(CertificateMessage.java:369) ~[?:?]
	at sun.security.ssl.SSLHandshake.consume(SSLHandshake.java:396) ~[?:?]
	at sun.security.ssl.HandshakeContext.dispatch(HandshakeContext.java:480) ~[?:?]
	at sun.security.ssl.SSLEngineImpl$DelegatedTask$DelegatedAction.run(SSLEngineImpl.java:1277) ~[?:?]
	at sun.security.ssl.SSLEngineImpl$DelegatedTask$DelegatedAction.run(SSLEngineImpl.java:1264) ~[?:?]
	at java.security.AccessController.doPrivileged(AccessController.java:712) ~[?:?]
	at sun.security.ssl.SSLEngineImpl$DelegatedTask.run(SSLEngineImpl.java:1209) ~[?:?]
	at java.util.ArrayList.forEach(ArrayList.java:1511) ~[?:?]
	at jdk.internal.net.http.common.SSLFlowDelegate.lambda$executeTasks$3(SSLFlowDelegate.java:1132) ~[java.net.http:?]
	at jdk.internal.net.http.HttpClientImpl$DelegatingExecutor.execute(HttpClientImpl.java:158) ~[java.net.http:?]
	at jdk.internal.net.http.common.SSLFlowDelegate.executeTasks(SSLFlowDelegate.java:1127) ~[java.net.http:?]
	at jdk.internal.net.http.common.SSLFlowDelegate.doHandshake(SSLFlowDelegate.java:1093) ~[java.net.http:?]
	at jdk.internal.net.http.common.SSLFlowDelegate$Reader.processData(SSLFlowDelegate.java:498) ~[java.net.http:?]
	at jdk.internal.net.http.common.SSLFlowDelegate$Reader$ReaderDownstreamPusher.run(SSLFlowDelegate.java:282) ~[java.net.http:?]
	at jdk.internal.net.http.common.SequentialScheduler$LockingRestartableTask.run(SequentialScheduler.java:205) ~[java.net.http:?]
	at jdk.internal.net.http.common.SequentialScheduler$CompleteRestartableTask.run(SequentialScheduler.java:149) ~[java.net.http:?]
	at jdk.internal.net.http.common.SequentialScheduler$TryEndDeferredCompleter.complete(SequentialScheduler.java:347) ~[java.net.http:?]
	at jdk.internal.net.http.common.SequentialScheduler$CompleteRestartableTask.run(SequentialScheduler.java:151) ~[java.net.http:?]
	at jdk.internal.net.http.common.SequentialScheduler$SchedulableTask.run(SequentialScheduler.java:230) ~[java.net.http:?]
	at java.util.concurrent.ThreadPoolExecutor.runWorker(ThreadPoolExecutor.java:1136) ~[?:?]
	at java.util.concurrent.ThreadPoolExecutor$Worker.run(ThreadPoolExecutor.java:635) ~[?:?]
	at java.lang.Thread.run(Thread.java:840) ~[?:?]
Caused by: sun.security.validator.ValidatorException: PKIX path validation failed: java.security.cert.CertPathValidatorException: validity check failed
	at sun.security.validator.PKIXValidator.doValidate(PKIXValidator.java:369) ~[?:?]
	at sun.security.validator.PKIXValidator.engineValidate(PKIXValidator.java:275) ~[?:?]
	at sun.security.validator.Validator.validate(Validator.java:264) ~[?:?]
	at sun.security.ssl.X509TrustManagerImpl.checkTrusted(X509TrustManagerImpl.java:285) ~[?:?]
	at sun.security.ssl.X509TrustManagerImpl.checkServerTrusted(X509TrustManagerImpl.java:144) ~[?:?]
	at sun.security.ssl.CertificateMessage$T12CertificateConsumer.checkServerCerts(CertificateMessage.java:632) ~[?:?]
	at sun.security.ssl.CertificateMessage$T12CertificateConsumer.onCertificate(CertificateMessage.java:473) ~[?:?]
	at sun.security.ssl.CertificateMessage$T12CertificateConsumer.consume(CertificateMessage.java:369) ~[?:?]
	at sun.security.ssl.SSLHandshake.consume(SSLHandshake.java:396) ~[?:?]
	at sun.security.ssl.HandshakeContext.dispatch(HandshakeContext.java:480) ~[?:?]
	at sun.security.ssl.SSLEngineImpl$DelegatedTask$DelegatedAction.run(SSLEngineImpl.java:1277) ~[?:?]
	at sun.security.ssl.SSLEngineImpl$DelegatedTask$DelegatedAction.run(SSLEngineImpl.java:1264) ~[?:?]
	at java.security.AccessController.doPrivileged(AccessController.java:712) ~[?:?]
	at sun.security.ssl.SSLEngineImpl$DelegatedTask.run(SSLEngineImpl.java:1209) ~[?:?]
	at java.util.ArrayList.forEach(ArrayList.java:1511) ~[?:?]
	at jdk.internal.net.http.common.SSLFlowDelegate.lambda$executeTasks$3(SSLFlowDelegate.java:1132) ~[java.net.http:?]
	at jdk.internal.net.http.HttpClientImpl$DelegatingExecutor.execute(HttpClientImpl.java:158) ~[java.net.http:?]
	at jdk.internal.net.http.common.SSLFlowDelegate.executeTasks(SSLFlowDelegate.java:1127) ~[java.net.http:?]
	at jdk.internal.net.http.common.SSLFlowDelegate.doHandshake(SSLFlowDelegate.java:1093) ~[java.net.http:?]
	at jdk.internal.net.http.common.SSLFlowDelegate$Reader.processData(SSLFlowDelegate.java:498) ~[java.net.http:?]
	at jdk.internal.net.http.common.SSLFlowDelegate$Reader$ReaderDownstreamPusher.run(SSLFlowDelegate.java:282) ~[java.net.http:?]
	at jdk.internal.net.http.common.SequentialScheduler$LockingRestartableTask.run(SequentialScheduler.java:205) ~[java.net.http:?]
	at jdk.internal.net.http.common.SequentialScheduler$CompleteRestartableTask.run(SequentialScheduler.java:149) ~[java.net.http:?]
	at jdk.internal.net.http.common.SequentialScheduler$TryEndDeferredCompleter.complete(SequentialScheduler.java:347) ~[java.net.http:?]
	at jdk.internal.net.http.common.SequentialScheduler$CompleteRestartableTask.run(SequentialScheduler.java:151) ~[java.net.http:?]
	at jdk.internal.net.http.common.SequentialScheduler$SchedulableTask.run(SequentialScheduler.java:230) ~[java.net.http:?]
	at java.util.concurrent.ThreadPoolExecutor.runWorker(ThreadPoolExecutor.java:1136) ~[?:?]
	at java.util.concurrent.ThreadPoolExecutor$Worker.run(ThreadPoolExecutor.java:635) ~[?:?]
	at java.lang.Thread.run(Thread.java:840) ~[?:?]
Caused by: java.security.cert.CertPathValidatorException: validity check failed
	at sun.security.provider.certpath.PKIXMasterCertPathValidator.validate(PKIXMasterCertPathValidator.java:135) ~[?:?]
	at sun.security.provider.certpath.PKIXCertPathValidator.validate(PKIXCertPathValidator.java:224) ~[?:?]
	at sun.security.provider.certpath.PKIXCertPathValidator.validate(PKIXCertPathValidator.java:144) ~[?:?]
	at sun.security.provider.certpath.PKIXCertPathValidator.engineValidate(PKIXCertPathValidator.java:83) ~[?:?]
	at java.security.cert.CertPathValidator.validate(CertPathValidator.java:309) ~[?:?]
	at sun.security.validator.PKIXValidator.doValidate(PKIXValidator.java:364) ~[?:?]
	at sun.security.validator.PKIXValidator.engineValidate(PKIXValidator.java:275) ~[?:?]
	at sun.security.validator.Validator.validate(Validator.java:264) ~[?:?]
	at sun.security.ssl.X509TrustManagerImpl.checkTrusted(X509TrustManagerImpl.java:285) ~[?:?]
	at sun.security.ssl.X509TrustManagerImpl.checkServerTrusted(X509TrustManagerImpl.java:144) ~[?:?]
	at sun.security.ssl.CertificateMessage$T12CertificateConsumer.checkServerCerts(CertificateMessage.java:632) ~[?:?]
	at sun.security.ssl.CertificateMessage$T12CertificateConsumer.onCertificate(CertificateMessage.java:473) ~[?:?]
	at sun.security.ssl.CertificateMessage$T12CertificateConsumer.consume(CertificateMessage.java:369) ~[?:?]
	at sun.security.ssl.SSLHandshake.consume(SSLHandshake.java:396) ~[?:?]
	at sun.security.ssl.HandshakeContext.dispatch(HandshakeContext.java:480) ~[?:?]
	at sun.security.ssl.SSLEngineImpl$DelegatedTask$DelegatedAction.run(SSLEngineImpl.java:1277) ~[?:?]
	at sun.security.ssl.SSLEngineImpl$DelegatedTask$DelegatedAction.run(SSLEngineImpl.java:1264) ~[?:?]
	at java.security.AccessController.doPrivileged(AccessController.java:712) ~[?:?]
	at sun.security.ssl.SSLEngineImpl$DelegatedTask.run(SSLEngineImpl.java:1209) ~[?:?]
	at java.util.ArrayList.forEach(ArrayList.java:1511) ~[?:?]
	at jdk.internal.net.http.common.SSLFlowDelegate.lambda$executeTasks$3(SSLFlowDelegate.java:1132) ~[java.net.http:?]
	at jdk.internal.net.http.HttpClientImpl$DelegatingExecutor.execute(HttpClientImpl.java:158) ~[java.net.http:?]
	at jdk.internal.net.http.common.SSLFlowDelegate.executeTasks(SSLFlowDelegate.java:1127) ~[java.net.http:?]
	at jdk.internal.net.http.common.SSLFlowDelegate.doHandshake(SSLFlowDelegate.java:1093) ~[java.net.http:?]
	at jdk.internal.net.http.common.SSLFlowDelegate$Reader.processData(SSLFlowDelegate.java:498) ~[java.net.http:?]
	at jdk.internal.net.http.common.SSLFlowDelegate$Reader$ReaderDownstreamPusher.run(SSLFlowDelegate.java:282) ~[java.net.http:?]
	at jdk.internal.net.http.common.SequentialScheduler$LockingRestartableTask.run(SequentialScheduler.java:205) ~[java.net.http:?]
	at jdk.internal.net.http.common.SequentialScheduler$CompleteRestartableTask.run(SequentialScheduler.java:149) ~[java.net.http:?]
	at jdk.internal.net.http.common.SequentialScheduler$TryEndDeferredCompleter.complete(SequentialScheduler.java:347) ~[java.net.http:?]
	at jdk.internal.net.http.common.SequentialScheduler$CompleteRestartableTask.run(SequentialScheduler.java:151) ~[java.net.http:?]
	at jdk.internal.net.http.common.SequentialScheduler$SchedulableTask.run(SequentialScheduler.java:230) ~[java.net.http:?]
	at java.util.concurrent.ThreadPoolExecutor.runWorker(ThreadPoolExecutor.java:1136) ~[?:?]
	at java.util.concurrent.ThreadPoolExecutor$Worker.run(ThreadPoolExecutor.java:635) ~[?:?]
	at java.lang.Thread.run(Thread.java:840) ~[?:?]
Caused by: java.security.cert.CertificateExpiredException: NotAfter: Sat Sep 06 14:33:56 UTC 2025
	at sun.security.x509.CertificateValidity.valid(CertificateValidity.java:274) ~[?:?]
	at sun.security.x509.X509CertImpl.checkValidity(X509CertImpl.java:621) ~[?:?]
	at sun.security.provider.certpath.BasicChecker.verifyValidity(BasicChecker.java:190) ~[?:?]
	at sun.security.provider.certpath.BasicChecker.check(BasicChecker.java:144) ~[?:?]
	at sun.security.provider.certpath.PKIXMasterCertPathValidator.validate(PKIXMasterCertPathValidator.java:125) ~[?:?]
	at sun.security.provider.certpath.PKIXCertPathValidator.validate(PKIXCertPathValidator.java:224) ~[?:?]
	at sun.security.provider.certpath.PKIXCertPathValidator.validate(PKIXCertPathValidator.java:144) ~[?:?]
	at sun.security.provider.certpath.PKIXCertPathValidator.engineValidate(PKIXCertPathValidator.java:83) ~[?:?]
	at java.security.cert.CertPathValidator.validate(CertPathValidator.java:309) ~[?:?]
	at sun.security.validator.PKIXValidator.doValidate(PKIXValidator.java:364) ~[?:?]
	at sun.security.validator.PKIXValidator.engineValidate(PKIXValidator.java:275) ~[?:?]
	at sun.security.validator.Validator.validate(Validator.java:264) ~[?:?]
	at sun.security.ssl.X509TrustManagerImpl.checkTrusted(X509TrustManagerImpl.java:285) ~[?:?]
	at sun.security.ssl.X509TrustManagerImpl.checkServerTrusted(X509TrustManagerImpl.java:144) ~[?:?]
	at sun.security.ssl.CertificateMessage$T12CertificateConsumer.checkServerCerts(CertificateMessage.java:632) ~[?:?]
	at sun.security.ssl.CertificateMessage$T12CertificateConsumer.onCertificate(CertificateMessage.java:473) ~[?:?]
	at sun.security.ssl.CertificateMessage$T12CertificateConsumer.consume(CertificateMessage.java:369) ~[?:?]
	at sun.security.ssl.SSLHandshake.consume(SSLHandshake.java:396) ~[?:?]
	at sun.security.ssl.HandshakeContext.dispatch(HandshakeContext.java:480) ~[?:?]
	at sun.security.ssl.SSLEngineImpl$DelegatedTask$DelegatedAction.run(SSLEngineImpl.java:1277) ~[?:?]
	at sun.security.ssl.SSLEngineImpl$DelegatedTask$DelegatedAction.run(SSLEngineImpl.java:1264) ~[?:?]
	at java.security.AccessController.doPrivileged(AccessController.java:712) ~[?:?]
	at sun.security.ssl.SSLEngineImpl$DelegatedTask.run(SSLEngineImpl.java:1209) ~[?:?]
	at java.util.ArrayList.forEach(ArrayList.java:1511) ~[?:?]
	at jdk.internal.net.http.common.SSLFlowDelegate.lambda$executeTasks$3(SSLFlowDelegate.java:1132) ~[java.net.http:?]
	at jdk.internal.net.http.HttpClientImpl$DelegatingExecutor.execute(HttpClientImpl.java:158) ~[java.net.http:?]
	at jdk.internal.net.http.common.SSLFlowDelegate.executeTasks(SSLFlowDelegate.java:1127) ~[java.net.http:?]
	at jdk.internal.net.http.common.SSLFlowDelegate.doHandshake(SSLFlowDelegate.java:1093) ~[java.net.http:?]
	at jdk.internal.net.http.common.SSLFlowDelegate$Reader.processData(SSLFlowDelegate.java:498) ~[java.net.http:?]
	at jdk.internal.net.http.common.SSLFlowDelegate$Reader$ReaderDownstreamPusher.run(SSLFlowDelegate.java:282) ~[java.net.http:?]
	at jdk.internal.net.http.common.SequentialScheduler$LockingRestartableTask.run(SequentialScheduler.java:205) ~[java.net.http:?]
	at jdk.internal.net.http.common.SequentialScheduler$CompleteRestartableTask.run(SequentialScheduler.java:149) ~[java.net.http:?]
	at jdk.internal.net.http.common.SequentialScheduler$TryEndDeferredCompleter.complete(SequentialScheduler.java:347) ~[java.net.http:?]
	at jdk.internal.net.http.common.SequentialScheduler$CompleteRestartableTask.run(SequentialScheduler.java:151) ~[java.net.http:?]
	at jdk.internal.net.http.common.SequentialScheduler$SchedulableTask.run(SequentialScheduler.java:230) ~[java.net.http:?]
	at java.util.concurrent.ThreadPoolExecutor.runWorker(ThreadPoolExecutor.java:1136) ~[?:?]
	at java.util.concurrent.ThreadPoolExecutor$Worker.run(ThreadPoolExecutor.java:635) ~[?:?]
	at java.lang.Thread.run(Thread.java:840) ~[?:?]
[04Dec2025 01:07:29.732] [Forge Version Check/INFO] [net.minecraftforge.fml.VersionChecker/]: [tombstone] Starting version check at https://raw.githubusercontent.com/Corail31/tombstone_lite/master/update.json
[04Dec2025 01:07:29.751] [Forge Version Check/INFO] [net.minecraftforge.fml.VersionChecker/]: [tombstone] Found status: OUTDATED Current: 7.6.5 Target: 7.7.7
[04Dec2025 01:07:29.756] [Forge Version Check/INFO] [net.minecraftforge.fml.VersionChecker/]: [configmenusforge] Starting version check at https://raw.githubusercontent.com/Fuzss/modresources/main/update/configmenusforge.json
[04Dec2025 01:07:29.796] [Forge Version Check/INFO] [net.minecraftforge.fml.VersionChecker/]: [configmenusforge] Found status: UP_TO_DATE Current: 3.2.0 Target: null
[04Dec2025 01:07:29.796] [Forge Version Check/INFO] [net.minecraftforge.fml.VersionChecker/]: [visualworkbench] Starting version check at https://raw.githubusercontent.com/Fuzss/modresources/main/update/visualworkbench.json
[04Dec2025 01:07:29.824] [Forge Version Check/INFO] [net.minecraftforge.fml.VersionChecker/]: [visualworkbench] Found status: UP_TO_DATE Current: 3.3.0 Target: null
[04Dec2025 01:07:29.824] [Forge Version Check/INFO] [net.minecraftforge.fml.VersionChecker/]: [goblintraders] Starting version check at https://mrcrayfish.com/modupdatejson?id=goblintraders
[04Dec2025 01:07:29.841] [modloading-worker-0/INFO] [potionstudios.byg.BYG/]: BYG: "Common Setup" Event Complete!
[04Dec2025 01:07:29.862] [modloading-worker-0/INFO] [com.github.klikli_dev.occultism.Occultism/]: Common setup complete.
[04Dec2025 01:07:29.866] [modloading-worker-0/INFO] [potionstudios.byg.BYG/]: "/workspaces/server/servidor_minecraft/config/byg/end-biomes.json5" was read.
[04Dec2025 01:07:29.902] [modloading-worker-0/INFO] [com.connectivity.Connectivity/]: Connectivity initialized
[04Dec2025 01:07:29.917] [modloading-worker-0/INFO] [potionstudios.byg.BYG/]: "/workspaces/server/servidor_minecraft/config/byg/nether-biomes.json5" was read.
[04Dec2025 01:07:29.977] [Forge Version Check/WARN] [net.minecraftforge.fml.VersionChecker/]: Failed to process update information
com.google.gson.JsonSyntaxException: java.lang.IllegalStateException: Expected BEGIN_OBJECT but was STRING at line 1 column 1 path $
	at com.google.gson.Gson.fromJson(Gson.java:975) ~[gson-2.8.9.jar%2321!/:?]
	at com.google.gson.Gson.fromJson(Gson.java:928) ~[gson-2.8.9.jar%2321!/:?]
	at com.google.gson.Gson.fromJson(Gson.java:877) ~[gson-2.8.9.jar%2321!/:?]
	at com.google.gson.Gson.fromJson(Gson.java:848) ~[gson-2.8.9.jar%2321!/:?]
	at net.minecraftforge.fml.VersionChecker$1.process(VersionChecker.java:183) ~[fmlcore-1.18.2-40.2.21.jar%23258!/:?]
	at java.lang.Iterable.forEach(Iterable.java:75) [?:?]
	at net.minecraftforge.fml.VersionChecker$1.run(VersionChecker.java:114) [fmlcore-1.18.2-40.2.21.jar%23258!/:?]
Caused by: java.lang.IllegalStateException: Expected BEGIN_OBJECT but was STRING at line 1 column 1 path $
	at com.google.gson.stream.JsonReader.beginObject(JsonReader.java:384) ~[gson-2.8.9.jar%2321!/:?]
	at com.google.gson.internal.bind.MapTypeAdapterFactory$Adapter.read(MapTypeAdapterFactory.java:183) ~[gson-2.8.9.jar%2321!/:?]
	at com.google.gson.internal.bind.MapTypeAdapterFactory$Adapter.read(MapTypeAdapterFactory.java:145) ~[gson-2.8.9.jar%2321!/:?]
	at com.google.gson.Gson.fromJson(Gson.java:963) ~[gson-2.8.9.jar%2321!/:?]
	... 6 more
[04Dec2025 01:07:29.977] [Forge Version Check/INFO] [net.minecraftforge.fml.VersionChecker/]: [libx] Starting version check at https://assets.melanx.de/updates/libx.json
[04Dec2025 01:07:30.079] [modloading-worker-0/INFO] [Mekanism/]: Loaded 'Mekanism Generators' module.
[04Dec2025 01:07:30.098] [modloading-worker-0/INFO] [com.dragonfight.DragonfightMod/]: dragonfight mod initialized
[04Dec2025 01:07:30.114] [modloading-worker-0/INFO] [cn.foggyhillside.endsdelight.EndsDelight/]: HELLO FROM PREINIT
[04Dec2025 01:07:30.118] [modloading-worker-0/INFO] [cn.foggyhillside.endsdelight.EndsDelight/]: DIRT BLOCK >> minecraft:dirt
[04Dec2025 01:07:30.120] [modloading-worker-0/INFO] [Mekanism/]: Loaded 'Mekanism: Additions' module.
[04Dec2025 01:07:30.154] [modloading-worker-0/INFO] [potionstudios.byg.BYG/]: "/workspaces/server/servidor_minecraft/config/byg/overworld/byg-overworld-biomes.json5" was read.
[04Dec2025 01:07:30.161] [modloading-worker-0/INFO] [potionstudios.byg.BYG/]: "/workspaces/server/servidor_minecraft/config/byg/byg-biome-dictionary.json" was read.
[04Dec2025 01:07:30.181] [Forge Version Check/INFO] [net.minecraftforge.fml.VersionChecker/]: [libx] Found status: AHEAD Current: 1.18.2-3.2.19 Target: null
[04Dec2025 01:07:30.185] [Forge Version Check/INFO] [net.minecraftforge.fml.VersionChecker/]: [additional_lights] Starting version check at https://gist.githubusercontent.com/mgen256/59abe85e7950f2319e7538afe2f910ba/raw
[04Dec2025 01:07:30.185] [modloading-worker-0/INFO] [potionstudios.byg.BYG/]: "/workspaces/server/servidor_minecraft/config/byg/surface_rules/nether_surface_rules.json5" was read.
[04Dec2025 01:07:30.216] [modloading-worker-0/INFO] [potionstudios.byg.BYG/]: "/workspaces/server/servidor_minecraft/config/byg/surface_rules/overworld_surface_rules.json5" was read.
[04Dec2025 01:07:30.220] [modloading-worker-0/WARN] [patchouli/]: Book botania:lexicon is a resource-pack-based book. Extension books are unnecessary for resource-pack-based books. You should simply create a resource pack with the extra content you want to add or override.
[04Dec2025 01:07:30.234] [modloading-worker-0/INFO] [Mekanism/]: Loaded 'Mekanism: Tools' module.
[04Dec2025 01:07:30.242] [Forge Version Check/INFO] [net.minecraftforge.fml.VersionChecker/]: [additional_lights] Found status: UP_TO_DATE Current: 2.1.4 Target: null
[04Dec2025 01:07:30.242] [Forge Version Check/INFO] [net.minecraftforge.fml.VersionChecker/]: [forge] Starting version check at https://files.minecraftforge.net/net/minecraftforge/forge/promotions_slim.json
[04Dec2025 01:07:30.263] [modloading-worker-0/INFO] [Debugify/]: Successfully Debugify'd your game!
[04Dec2025 01:07:30.266] [modloading-worker-0/INFO] [Debugify/]: Proudly fixes 32 bugs!
[04Dec2025 01:07:30.286] [modloading-worker-0/INFO] [potionstudios.byg.BYG/]: "/workspaces/server/servidor_minecraft/config/byg/surface_rules/end_surface_rules.json5" was read.
[04Dec2025 01:07:30.287] [Modding Legacy/conjurer_illager/Supporters thread/INFO] [ModdingLegacy/conjurer_illager/Supporter/]: Attempting to load the Modding Legacy supporters list from https://moddinglegacy.com/supporters-changelogs/supporters.txt
[04Dec2025 01:07:30.331] [modloading-worker-0/INFO] [potionstudios.byg.BYG/]: "/workspaces/server/servidor_minecraft/config/byg/growing-patterns.json5" was read.
[04Dec2025 01:07:30.347] [modloading-worker-0/INFO] [net.hadrus.alcocraft.AlcoCraft/]: HELLO FROM PREINIT
[04Dec2025 01:07:30.347] [modloading-worker-0/INFO] [net.hadrus.alcocraft.AlcoCraft/]: DIRT BLOCK >> minecraft:dirt
[04Dec2025 01:07:30.348] [modloading-worker-0/INFO] [Dungeon Crawl/]: Common Setup
[04Dec2025 01:07:30.356] [modloading-worker-0/INFO] [com.farsight.FarsightMod/]: farsight_view mod initialized
[04Dec2025 01:07:30.385] [modloading-worker-0/INFO] [potionstudios.byg.BYG/]: "/workspaces/server/servidor_minecraft/config/byg/trades.json5" was read.
[04Dec2025 01:07:30.387] [Forge Version Check/INFO] [net.minecraftforge.fml.VersionChecker/]: [forge] Found status: OUTDATED Current: 40.2.21 Target: 40.3.0
[04Dec2025 01:07:30.387] [Forge Version Check/INFO] [net.minecraftforge.fml.VersionChecker/]: [mythicbotany] Starting version check at https://assets.melanx.de/updates/mythicbotany.json
[04Dec2025 01:07:30.411] [Modding Legacy/conjurer_illager/Supporters thread/INFO] [ModdingLegacy/conjurer_illager/Supporter/]: Successfully loaded the Modding Legacy supporters list.
[04Dec2025 01:07:30.413] [Forge Version Check/INFO] [net.minecraftforge.fml.VersionChecker/]: [mythicbotany] Found status: UP_TO_DATE Current: 1.18.2-2.1.14 Target: null
[04Dec2025 01:07:30.413] [Forge Version Check/INFO] [net.minecraftforge.fml.VersionChecker/]: [voicechat] Starting version check at https://maxhenkel.de/update/voicechat.json
[04Dec2025 01:07:30.429] [modloading-worker-0/INFO] [potionstudios.byg.BYG/]: "/workspaces/server/servidor_minecraft/config/byg/settings.json5" was read.
[04Dec2025 01:07:30.432] [modloading-worker-0/INFO] [Simple RPC/]: Loading config file from /workspaces/server/servidor_minecraft/config/simple-rpc-server.toml
[04Dec2025 01:07:30.439] [modloading-worker-0/INFO] [potionstudios.byg.BYG/]: "/workspaces/server/servidor_minecraft/config/byg/biomepedia.json5" was read.
[04Dec2025 01:07:30.440] [modloading-worker-0/INFO] [Simple RPC/]: Registered simple-rpc-server.toml successfully!
[04Dec2025 01:07:30.552] [modloading-worker-0/INFO] [com.klikli_dev.modonomicon.Modonomicon/]: Common setup complete.
[04Dec2025 01:07:30.559] [modloading-worker-0/INFO] [com.sk89q.worldedit.extension.platform.PlatformManager/]: Got request to register class com.sk89q.worldedit.forge.ForgePlatform with WorldEdit [com.sk89q.worldedit.extension.platform.PlatformManager@19145a80]
[04Dec2025 01:07:30.561] [modloading-worker-0/INFO] [potionstudios.byg.BYG/]: Created compressed zip back up for "/workspaces/server/servidor_minecraft/config/byg" in "/workspaces/server/servidor_minecraft/config/byg/backups/last_working_configs_backup.zip"
[04Dec2025 01:07:30.570] [modloading-worker-0/INFO] [potionstudios.byg.BYG/]: BYG: Added strippable Blocks...
[04Dec2025 01:07:30.575] [modloading-worker-0/INFO] [com.sk89q.worldedit.forge.ForgeWorldEdit/]: WorldEdit for Forge (version 7.2.10+1742f98) is loaded
[04Dec2025 01:07:30.609] [main/INFO] [terrablender/]: Registered region minecraft:overworld to index 0 for type OVERWORLD
[04Dec2025 01:07:30.609] [main/INFO] [terrablender/]: Registered region minecraft:nether to index 0 for type NETHER
[04Dec2025 01:07:30.609] [main/INFO] [terrablender/]: Registered region biomesoplenty:overworld_common to index 1 for type OVERWORLD
[04Dec2025 01:07:30.610] [main/INFO] [terrablender/]: Registered region biomesoplenty:overworld_rare to index 2 for type OVERWORLD
[04Dec2025 01:07:30.610] [main/INFO] [terrablender/]: Registered region biomesoplenty:nether_common to index 1 for type NETHER
[04Dec2025 01:07:30.610] [main/INFO] [terrablender/]: Registered region biomesoplenty:nether_rare to index 2 for type NETHER
[04Dec2025 01:07:30.890] [main/INFO] [Dungeon Crawl/]: Registering Structure Piece Types
[04Dec2025 01:07:30.953] [main/INFO] [net.mehvahdjukaar.supplementaries.Supplementaries/]: Finished mod setup in: 41 ms
[04Dec2025 01:07:31.012] [main/INFO] [potionstudios.byg.BYG/]: Initializing BYG network...
[04Dec2025 01:07:31.016] [main/INFO] [potionstudios.byg.BYG/]: Initialized BYG network!
[04Dec2025 01:07:31.023] [main/INFO] [terrablender/]: Registered region byg:region_0 to index 3 for type OVERWORLD
[04Dec2025 01:07:31.024] [main/INFO] [terrablender/]: Registered region byg:region_1 to index 4 for type OVERWORLD
[04Dec2025 01:07:31.025] [main/INFO] [terrablender/]: Registered region byg:region_2 to index 5 for type OVERWORLD
[04Dec2025 01:07:31.026] [main/INFO] [terrablender/]: Registered region byg:region_3 to index 6 for type OVERWORLD
[04Dec2025 01:07:31.034] [modloading-worker-0/INFO] [com.github.klikli_dev.occultism.Occultism/]: Dedicated server setup complete.
[04Dec2025 01:07:31.037] [modloading-worker-0/INFO] [com.klikli_dev.modonomicon.Modonomicon/]: Dedicated server setup complete.
[04Dec2025 01:07:31.041] [modloading-worker-0/INFO] [xaero.map.server.WorldMapServer/]: Loading Xaero's World Map - Stage 1/2 (Server)
[04Dec2025 01:07:31.044] [main/INFO] [xaero.map.server.WorldMapServer/]: Loading Xaero's World Map - Stage 2/2 (Server)
[04Dec2025 01:07:31.141] [modloading-worker-0/INFO] [Waila/]: Start loading plugin at mcp.mobius.waila.addons.core.CorePlugin
[04Dec2025 01:07:31.303] [modloading-worker-0/INFO] [Waila/]: Start loading plugin at ovh.corail.tombstone.compatibility.IntegrationWaila
[04Dec2025 01:07:31.317] [modloading-worker-0/INFO] [Waila/]: Start loading plugin at mekanism.common.integration.lookingat.hwyla.MekanismHwylaPlugin
[04Dec2025 01:07:31.324] [modloading-worker-0/INFO] [Waila/]: Start loading plugin at blusunrize.immersiveengineering.common.util.compat.jade.IEWailaPlugin
[04Dec2025 01:07:31.325] [modloading-worker-0/INFO] [Waila/]: Start loading plugin at net.geforcemods.securitycraft.compat.waila.WailaDataProvider
[04Dec2025 01:07:31.329] [modloading-worker-0/INFO] [Waila/]: Start loading plugin at net.mrscauthd.beyond_earth.compats.waila.WailaPlugin
[04Dec2025 01:07:31.330] [modloading-worker-0/INFO] [Waila/]: Start loading plugin at net.blay09.mods.waystones.compat.WailaProvider
[04Dec2025 01:07:31.331] [modloading-worker-0/INFO] [Waila/]: Start loading plugin at snownee.jade.VanillaPlugin
[04Dec2025 01:07:31.348] [main/INFO] [potionstudios.byg.BYG/]: BYG: Compostable Blocks Added!
[04Dec2025 01:07:31.350] [main/INFO] [potionstudios.byg.BYG/]: BYG: Added tillables!
[04Dec2025 01:07:31.354] [main/INFO] [potionstudios.byg.BYG/]: BYG: Added Flammables!
[04Dec2025 01:07:31.355] [main/INFO] [potionstudios.byg.BYG/]: BYG: "Load Complete" Event Complete!
[04Dec2025 01:07:31.522] [Forge Version Check/INFO] [net.minecraftforge.fml.VersionChecker/]: [voicechat] Found status: OUTDATED Current: 1.18.2-2.4.12 Target: 1.18.2-2.6.6
[04Dec2025 01:07:31.523] [Forge Version Check/INFO] [net.minecraftforge.fml.VersionChecker/]: [immersiveengineering] Starting version check at https://raw.githubusercontent.com/BluSunrize/ImmersiveEngineering/1.18.2/changelog.json
[04Dec2025 01:07:31.601] [Forge Version Check/INFO] [net.minecraftforge.fml.VersionChecker/]: [immersiveengineering] Found status: OUTDATED Current: 1.18.2-8.3.1-157 Target: 1.18.2-8.4.0-161
[04Dec2025 01:07:31.602] [Forge Version Check/INFO] [net.minecraftforge.fml.VersionChecker/]: [securitycraft] Starting version check at https://www.github.com/Geforce132/SecurityCraft/raw/master/Updates/Forge.json
[04Dec2025 01:07:31.717] [Forge Version Check/INFO] [net.minecraftforge.fml.VersionChecker/]: [securitycraft] Found status: OUTDATED Current: 1.9.7 Target: 1.10.1
[04Dec2025 01:07:31.717] [Forge Version Check/INFO] [net.minecraftforge.fml.VersionChecker/]: [canary] Starting version check at https://github.com/AbdElAziz333/Canary/raw/mc1.19.2/dev/updates.json
[04Dec2025 01:07:31.740] [Forge Version Check/INFO] [net.minecraftforge.fml.VersionChecker/]: [canary] Found status: OUTDATED Current: 0.2.3 Target: 0.3.3
[04Dec2025 01:07:31.740] [Forge Version Check/INFO] [net.minecraftforge.fml.VersionChecker/]: [occultism] Starting version check at https://raw.githubusercontent.com/klikli-dev/occultism/meta/updates.json
[04Dec2025 01:07:31.749] [Forge Version Check/INFO] [net.minecraftforge.fml.VersionChecker/]: [occultism] Found status: AHEAD Current: 1.18.2-1.81.1 Target: null
[04Dec2025 01:07:31.750] [Forge Version Check/INFO] [net.minecraftforge.fml.VersionChecker/]: [puzzleslib] Starting version check at https://raw.githubusercontent.com/Fuzss/modresources/main/update/puzzleslib.json
[04Dec2025 01:07:31.764] [Forge Version Check/INFO] [net.minecraftforge.fml.VersionChecker/]: [puzzleslib] Found status: OUTDATED Current: 3.4.5 Target: 3.5.10
[04Dec2025 01:07:31.764] [Forge Version Check/INFO] [net.minecraftforge.fml.VersionChecker/]: [blue_skies] Starting version check at http://changelogs.moddinglegacy.com/blue-skies.json
[04Dec2025 01:07:31.939] [Forge Version Check/INFO] [net.minecraftforge.fml.VersionChecker/]: [blue_skies] Found status: UP_TO_DATE Current: 1.3.12 Target: null
[04Dec2025 01:07:31.939] [Forge Version Check/INFO] [net.minecraftforge.fml.VersionChecker/]: [tipsmod] Starting version check at https://updates.blamejared.com/get?n=tipsmod&gv=1.18.2
[04Dec2025 01:07:32.352] [Forge Version Check/INFO] [net.minecraftforge.fml.VersionChecker/]: [tipsmod] Found status: BETA Current: 5.0.11 Target: 5.0.11
[04Dec2025 01:07:32.353] [Forge Version Check/INFO] [net.minecraftforge.fml.VersionChecker/]: [controlling] Starting version check at https://updates.blamejared.com/get?n=controlling&gv=1.18.2
[04Dec2025 01:07:32.471] [Forge Version Check/INFO] [net.minecraftforge.fml.VersionChecker/]: [controlling] Found status: BETA Current: 9.0+23 Target: 9.0+23
[04Dec2025 01:07:32.471] [Forge Version Check/INFO] [net.minecraftforge.fml.VersionChecker/]: [bookshelf] Starting version check at https://updates.blamejared.com/get?n=bookshelf&gv=1.18.2
[04Dec2025 01:07:32.567] [Forge Version Check/INFO] [net.minecraftforge.fml.VersionChecker/]: [bookshelf] Found status: BETA Current: 13.3.56 Target: 13.3.56
[04Dec2025 01:07:32.568] [Forge Version Check/INFO] [net.minecraftforge.fml.VersionChecker/]: [shieldexp] Starting version check at https://infernalstudios.org/api/mods/shieldexpansion/forge
[04Dec2025 01:07:32.645] [Forge Version Check/INFO] [net.minecraftforge.fml.VersionChecker/]: [shieldexp] Found status: BETA Current: 1.1.6 Target: null
[04Dec2025 01:07:32.647] [Forge Version Check/INFO] [net.minecraftforge.fml.VersionChecker/]: [twilightforest] Starting version check at https://gh.tamaized.com/TeamTwilight/twilightforest/update.json
[04Dec2025 01:07:32.764] [Forge Version Check/INFO] [net.minecraftforge.fml.VersionChecker/]: [twilightforest] Found status: UP_TO_DATE Current: 4.1.1494 Target: null
[04Dec2025 01:07:32.765] [Forge Version Check/INFO] [net.minecraftforge.fml.VersionChecker/]: [mcwbridges] Starting version check at https://raw.githubusercontent.com/sketchmacaw/macawsmods/master/bridges.json
[04Dec2025 01:07:32.779] [Forge Version Check/INFO] [net.minecraftforge.fml.VersionChecker/]: [mcwbridges] Found status: OUTDATED Current: 2.1.0 Target: 3.1.0
[04Dec2025 01:07:32.779] [Forge Version Check/INFO] [net.minecraftforge.fml.VersionChecker/]: [mcwfences] Starting version check at https://raw.githubusercontent.com/sketchmacaw/macawsmods/master/fences.json
[04Dec2025 01:07:32.790] [Forge Version Check/INFO] [net.minecraftforge.fml.VersionChecker/]: [mcwfences] Found status: OUTDATED Current: 1.0.7 Target: 1.2.0
[04Dec2025 01:07:32.790] [Forge Version Check/INFO] [net.minecraftforge.fml.VersionChecker/]: [rootsclassic] Starting version check at https://raw.githubusercontent.com/Lothrazar/RootsClassic/trunk/1.18/update.json
[04Dec2025 01:07:32.804] [Forge Version Check/INFO] [net.minecraftforge.fml.VersionChecker/]: [rootsclassic] Found status: BETA Current: 1.18.2-1.1.31 Target: null
[04Dec2025 01:07:32.804] [Forge Version Check/INFO] [net.minecraftforge.fml.VersionChecker/]: [conjurer_illager] Starting version check at http://changelogs.moddinglegacy.com/conjurer-illager.json
[04Dec2025 01:07:32.847] [Forge Version Check/INFO] [net.minecraftforge.fml.VersionChecker/]: [conjurer_illager] Found status: UP_TO_DATE Current: 1.1.1 Target: null
[04Dec2025 01:07:32.848] [Forge Version Check/INFO] [net.minecraftforge.fml.VersionChecker/]: [ageofweapons] Starting version check at https://raw.githubusercontent.com/XxRexRaptorxX/Update-Checker/main/AgeOfWeapons.json
[04Dec2025 01:07:32.876] [Forge Version Check/INFO] [net.minecraftforge.fml.VersionChecker/]: [ageofweapons] Found status: OUTDATED Current: 0.7.2 Target: 0.7.3
[04Dec2025 01:07:32.876] [Forge Version Check/INFO] [net.minecraftforge.fml.VersionChecker/]: [mcwpaintings] Starting version check at https://raw.githubusercontent.com/sketchmacaw/macawsmods/master/paintings.json
[04Dec2025 01:07:32.892] [Forge Version Check/INFO] [net.minecraftforge.fml.VersionChecker/]: [mcwpaintings] Found status: OUTDATED Current: 1.0.4 Target: 1.0.5
[04Dec2025 01:07:32.892] [Forge Version Check/INFO] [net.minecraftforge.fml.VersionChecker/]: [clumps] Starting version check at https://updates.blamejared.com/get?n=clumps&gv=1.18.2
[04Dec2025 01:07:32.991] [Forge Version Check/INFO] [net.minecraftforge.fml.VersionChecker/]: [clumps] Found status: BETA Current: 8.0.0+17 Target: 8.0.0+17
[04Dec2025 01:07:32.993] [Forge Version Check/INFO] [net.minecraftforge.fml.VersionChecker/]: [enchdesc] Starting version check at https://updates.blamejared.com/get?n=enchdesc&gv=1.18.2
[04Dec2025 01:07:33.092] [Forge Version Check/INFO] [net.minecraftforge.fml.VersionChecker/]: [enchdesc] Found status: BETA_OUTDATED Current: 10.0.12 Target: 10.0.17
[04Dec2025 01:07:33.093] [Forge Version Check/INFO] [net.minecraftforge.fml.VersionChecker/]: [smoothboot] Starting version check at https://github.com/AbdElAziz333/SmoothBoot-Reloaded/raw/mc1.19.2/dev/updates.json
[04Dec2025 01:07:33.308] [Forge Version Check/WARN] [net.minecraftforge.fml.VersionChecker/]: Failed to process update information
com.google.gson.JsonSyntaxException: java.lang.IllegalStateException: Expected BEGIN_OBJECT but was STRING at line 9 column 1 path $
	at com.google.gson.Gson.fromJson(Gson.java:975) ~[gson-2.8.9.jar%2321!/:?]
	at com.google.gson.Gson.fromJson(Gson.java:928) ~[gson-2.8.9.jar%2321!/:?]
	at com.google.gson.Gson.fromJson(Gson.java:877) ~[gson-2.8.9.jar%2321!/:?]
	at com.google.gson.Gson.fromJson(Gson.java:848) ~[gson-2.8.9.jar%2321!/:?]
	at net.minecraftforge.fml.VersionChecker$1.process(VersionChecker.java:183) ~[fmlcore-1.18.2-40.2.21.jar%23258!/:?]
	at java.lang.Iterable.forEach(Iterable.java:75) [?:?]
	at net.minecraftforge.fml.VersionChecker$1.run(VersionChecker.java:114) [fmlcore-1.18.2-40.2.21.jar%23258!/:?]
Caused by: java.lang.IllegalStateException: Expected BEGIN_OBJECT but was STRING at line 9 column 1 path $
	at com.google.gson.stream.JsonReader.beginObject(JsonReader.java:384) ~[gson-2.8.9.jar%2321!/:?]
	at com.google.gson.internal.bind.MapTypeAdapterFactory$Adapter.read(MapTypeAdapterFactory.java:183) ~[gson-2.8.9.jar%2321!/:?]
	at com.google.gson.internal.bind.MapTypeAdapterFactory$Adapter.read(MapTypeAdapterFactory.java:145) ~[gson-2.8.9.jar%2321!/:?]
	at com.google.gson.Gson.fromJson(Gson.java:963) ~[gson-2.8.9.jar%2321!/:?]
	... 6 more
[04Dec2025 01:07:33.312] [Forge Version Check/INFO] [net.minecraftforge.fml.VersionChecker/]: [iceberg] Starting version check at https://mc-update-check.anthonyhilyard.com/520110
[04Dec2025 01:07:33.368] [Forge Version Check/WARN] [net.minecraftforge.fml.VersionChecker/]: Failed to process update information
javax.net.ssl.SSLHandshakeException: PKIX path validation failed: java.security.cert.CertPathValidatorException: validity check failed
	at jdk.internal.net.http.HttpClientImpl.send(HttpClientImpl.java:579) ~[java.net.http:?]
	at jdk.internal.net.http.HttpClientFacade.send(HttpClientFacade.java:123) ~[java.net.http:?]
	at net.minecraftforge.fml.VersionChecker$1.openUrlString(VersionChecker.java:139) ~[fmlcore-1.18.2-40.2.21.jar%23258!/:?]
	at net.minecraftforge.fml.VersionChecker$1.process(VersionChecker.java:177) ~[fmlcore-1.18.2-40.2.21.jar%23258!/:?]
	at java.lang.Iterable.forEach(Iterable.java:75) [?:?]
	at net.minecraftforge.fml.VersionChecker$1.run(VersionChecker.java:114) [fmlcore-1.18.2-40.2.21.jar%23258!/:?]
Caused by: javax.net.ssl.SSLHandshakeException: PKIX path validation failed: java.security.cert.CertPathValidatorException: validity check failed
	at sun.security.ssl.Alert.createSSLException(Alert.java:131) ~[?:?]
	at sun.security.ssl.TransportContext.fatal(TransportContext.java:383) ~[?:?]
	at sun.security.ssl.TransportContext.fatal(TransportContext.java:326) ~[?:?]
	at sun.security.ssl.TransportContext.fatal(TransportContext.java:321) ~[?:?]
	at sun.security.ssl.CertificateMessage$T12CertificateConsumer.checkServerCerts(CertificateMessage.java:654) ~[?:?]
	at sun.security.ssl.CertificateMessage$T12CertificateConsumer.onCertificate(CertificateMessage.java:473) ~[?:?]
	at sun.security.ssl.CertificateMessage$T12CertificateConsumer.consume(CertificateMessage.java:369) ~[?:?]
	at sun.security.ssl.SSLHandshake.consume(SSLHandshake.java:396) ~[?:?]
	at sun.security.ssl.HandshakeContext.dispatch(HandshakeContext.java:480) ~[?:?]
	at sun.security.ssl.SSLEngineImpl$DelegatedTask$DelegatedAction.run(SSLEngineImpl.java:1277) ~[?:?]
	at sun.security.ssl.SSLEngineImpl$DelegatedTask$DelegatedAction.run(SSLEngineImpl.java:1264) ~[?:?]
	at java.security.AccessController.doPrivileged(AccessController.java:712) ~[?:?]
	at sun.security.ssl.SSLEngineImpl$DelegatedTask.run(SSLEngineImpl.java:1209) ~[?:?]
	at java.util.ArrayList.forEach(ArrayList.java:1511) ~[?:?]
	at jdk.internal.net.http.common.SSLFlowDelegate.lambda$executeTasks$3(SSLFlowDelegate.java:1132) ~[java.net.http:?]
	at jdk.internal.net.http.HttpClientImpl$DelegatingExecutor.execute(HttpClientImpl.java:158) ~[java.net.http:?]
	at jdk.internal.net.http.common.SSLFlowDelegate.executeTasks(SSLFlowDelegate.java:1127) ~[java.net.http:?]
	at jdk.internal.net.http.common.SSLFlowDelegate.doHandshake(SSLFlowDelegate.java:1093) ~[java.net.http:?]
	at jdk.internal.net.http.common.SSLFlowDelegate$Reader.processData(SSLFlowDelegate.java:498) ~[java.net.http:?]
	at jdk.internal.net.http.common.SSLFlowDelegate$Reader$ReaderDownstreamPusher.run(SSLFlowDelegate.java:282) ~[java.net.http:?]
	at jdk.internal.net.http.common.SequentialScheduler$LockingRestartableTask.run(SequentialScheduler.java:205) ~[java.net.http:?]
	at jdk.internal.net.http.common.SequentialScheduler$CompleteRestartableTask.run(SequentialScheduler.java:149) ~[java.net.http:?]
	at jdk.internal.net.http.common.SequentialScheduler$TryEndDeferredCompleter.complete(SequentialScheduler.java:347) ~[java.net.http:?]
	at jdk.internal.net.http.common.SequentialScheduler$CompleteRestartableTask.run(SequentialScheduler.java:151) ~[java.net.http:?]
	at jdk.internal.net.http.common.SequentialScheduler$SchedulableTask.run(SequentialScheduler.java:230) ~[java.net.http:?]
	at java.util.concurrent.ThreadPoolExecutor.runWorker(ThreadPoolExecutor.java:1136) ~[?:?]
	at java.util.concurrent.ThreadPoolExecutor$Worker.run(ThreadPoolExecutor.java:635) ~[?:?]
	at java.lang.Thread.run(Thread.java:840) ~[?:?]
Caused by: sun.security.validator.ValidatorException: PKIX path validation failed: java.security.cert.CertPathValidatorException: validity check failed
	at sun.security.validator.PKIXValidator.doValidate(PKIXValidator.java:369) ~[?:?]
	at sun.security.validator.PKIXValidator.engineValidate(PKIXValidator.java:275) ~[?:?]
	at sun.security.validator.Validator.validate(Validator.java:264) ~[?:?]
	at sun.security.ssl.X509TrustManagerImpl.checkTrusted(X509TrustManagerImpl.java:285) ~[?:?]
	at sun.security.ssl.X509TrustManagerImpl.checkServerTrusted(X509TrustManagerImpl.java:144) ~[?:?]
	at sun.security.ssl.CertificateMessage$T12CertificateConsumer.checkServerCerts(CertificateMessage.java:632) ~[?:?]
	at sun.security.ssl.CertificateMessage$T12CertificateConsumer.onCertificate(CertificateMessage.java:473) ~[?:?]
	at sun.security.ssl.CertificateMessage$T12CertificateConsumer.consume(CertificateMessage.java:369) ~[?:?]
	at sun.security.ssl.SSLHandshake.consume(SSLHandshake.java:396) ~[?:?]
	at sun.security.ssl.HandshakeContext.dispatch(HandshakeContext.java:480) ~[?:?]
	at sun.security.ssl.SSLEngineImpl$DelegatedTask$DelegatedAction.run(SSLEngineImpl.java:1277) ~[?:?]
	at sun.security.ssl.SSLEngineImpl$DelegatedTask$DelegatedAction.run(SSLEngineImpl.java:1264) ~[?:?]
	at java.security.AccessController.doPrivileged(AccessController.java:712) ~[?:?]
	at sun.security.ssl.SSLEngineImpl$DelegatedTask.run(SSLEngineImpl.java:1209) ~[?:?]
	at java.util.ArrayList.forEach(ArrayList.java:1511) ~[?:?]
	at jdk.internal.net.http.common.SSLFlowDelegate.lambda$executeTasks$3(SSLFlowDelegate.java:1132) ~[java.net.http:?]
	at jdk.internal.net.http.HttpClientImpl$DelegatingExecutor.execute(HttpClientImpl.java:158) ~[java.net.http:?]
	at jdk.internal.net.http.common.SSLFlowDelegate.executeTasks(SSLFlowDelegate.java:1127) ~[java.net.http:?]
	at jdk.internal.net.http.common.SSLFlowDelegate.doHandshake(SSLFlowDelegate.java:1093) ~[java.net.http:?]
	at jdk.internal.net.http.common.SSLFlowDelegate$Reader.processData(SSLFlowDelegate.java:498) ~[java.net.http:?]
	at jdk.internal.net.http.common.SSLFlowDelegate$Reader$ReaderDownstreamPusher.run(SSLFlowDelegate.java:282) ~[java.net.http:?]
	at jdk.internal.net.http.common.SequentialScheduler$LockingRestartableTask.run(SequentialScheduler.java:205) ~[java.net.http:?]
	at jdk.internal.net.http.common.SequentialScheduler$CompleteRestartableTask.run(SequentialScheduler.java:149) ~[java.net.http:?]
	at jdk.internal.net.http.common.SequentialScheduler$TryEndDeferredCompleter.complete(SequentialScheduler.java:347) ~[java.net.http:?]
	at jdk.internal.net.http.common.SequentialScheduler$CompleteRestartableTask.run(SequentialScheduler.java:151) ~[java.net.http:?]
	at jdk.internal.net.http.common.SequentialScheduler$SchedulableTask.run(SequentialScheduler.java:230) ~[java.net.http:?]
	at java.util.concurrent.ThreadPoolExecutor.runWorker(ThreadPoolExecutor.java:1136) ~[?:?]
	at java.util.concurrent.ThreadPoolExecutor$Worker.run(ThreadPoolExecutor.java:635) ~[?:?]
	at java.lang.Thread.run(Thread.java:840) ~[?:?]
Caused by: java.security.cert.CertPathValidatorException: validity check failed
	at sun.security.provider.certpath.PKIXMasterCertPathValidator.validate(PKIXMasterCertPathValidator.java:135) ~[?:?]
	at sun.security.provider.certpath.PKIXCertPathValidator.validate(PKIXCertPathValidator.java:224) ~[?:?]
	at sun.security.provider.certpath.PKIXCertPathValidator.validate(PKIXCertPathValidator.java:144) ~[?:?]
	at sun.security.provider.certpath.PKIXCertPathValidator.engineValidate(PKIXCertPathValidator.java:83) ~[?:?]
	at java.security.cert.CertPathValidator.validate(CertPathValidator.java:309) ~[?:?]
	at sun.security.validator.PKIXValidator.doValidate(PKIXValidator.java:364) ~[?:?]
	at sun.security.validator.PKIXValidator.engineValidate(PKIXValidator.java:275) ~[?:?]
	at sun.security.validator.Validator.validate(Validator.java:264) ~[?:?]
	at sun.security.ssl.X509TrustManagerImpl.checkTrusted(X509TrustManagerImpl.java:285) ~[?:?]
	at sun.security.ssl.X509TrustManagerImpl.checkServerTrusted(X509TrustManagerImpl.java:144) ~[?:?]
	at sun.security.ssl.CertificateMessage$T12CertificateConsumer.checkServerCerts(CertificateMessage.java:632) ~[?:?]
	at sun.security.ssl.CertificateMessage$T12CertificateConsumer.onCertificate(CertificateMessage.java:473) ~[?:?]
	at sun.security.ssl.CertificateMessage$T12CertificateConsumer.consume(CertificateMessage.java:369) ~[?:?]
	at sun.security.ssl.SSLHandshake.consume(SSLHandshake.java:396) ~[?:?]
	at sun.security.ssl.HandshakeContext.dispatch(HandshakeContext.java:480) ~[?:?]
	at sun.security.ssl.SSLEngineImpl$DelegatedTask$DelegatedAction.run(SSLEngineImpl.java:1277) ~[?:?]
	at sun.security.ssl.SSLEngineImpl$DelegatedTask$DelegatedAction.run(SSLEngineImpl.java:1264) ~[?:?]
	at java.security.AccessController.doPrivileged(AccessController.java:712) ~[?:?]
	at sun.security.ssl.SSLEngineImpl$DelegatedTask.run(SSLEngineImpl.java:1209) ~[?:?]
	at java.util.ArrayList.forEach(ArrayList.java:1511) ~[?:?]
	at jdk.internal.net.http.common.SSLFlowDelegate.lambda$executeTasks$3(SSLFlowDelegate.java:1132) ~[java.net.http:?]
	at jdk.internal.net.http.HttpClientImpl$DelegatingExecutor.execute(HttpClientImpl.java:158) ~[java.net.http:?]
	at jdk.internal.net.http.common.SSLFlowDelegate.executeTasks(SSLFlowDelegate.java:1127) ~[java.net.http:?]
	at jdk.internal.net.http.common.SSLFlowDelegate.doHandshake(SSLFlowDelegate.java:1093) ~[java.net.http:?]
	at jdk.internal.net.http.common.SSLFlowDelegate$Reader.processData(SSLFlowDelegate.java:498) ~[java.net.http:?]
	at jdk.internal.net.http.common.SSLFlowDelegate$Reader$ReaderDownstreamPusher.run(SSLFlowDelegate.java:282) ~[java.net.http:?]
	at jdk.internal.net.http.common.SequentialScheduler$LockingRestartableTask.run(SequentialScheduler.java:205) ~[java.net.http:?]
	at jdk.internal.net.http.common.SequentialScheduler$CompleteRestartableTask.run(SequentialScheduler.java:149) ~[java.net.http:?]
	at jdk.internal.net.http.common.SequentialScheduler$TryEndDeferredCompleter.complete(SequentialScheduler.java:347) ~[java.net.http:?]
	at jdk.internal.net.http.common.SequentialScheduler$CompleteRestartableTask.run(SequentialScheduler.java:151) ~[java.net.http:?]
	at jdk.internal.net.http.common.SequentialScheduler$SchedulableTask.run(SequentialScheduler.java:230) ~[java.net.http:?]
	at java.util.concurrent.ThreadPoolExecutor.runWorker(ThreadPoolExecutor.java:1136) ~[?:?]
	at java.util.concurrent.ThreadPoolExecutor$Worker.run(ThreadPoolExecutor.java:635) ~[?:?]
	at java.lang.Thread.run(Thread.java:840) ~[?:?]
Caused by: java.security.cert.CertificateExpiredException: NotAfter: Sat Sep 06 14:33:56 UTC 2025
	at sun.security.x509.CertificateValidity.valid(CertificateValidity.java:274) ~[?:?]
	at sun.security.x509.X509CertImpl.checkValidity(X509CertImpl.java:621) ~[?:?]
	at sun.security.provider.certpath.BasicChecker.verifyValidity(BasicChecker.java:190) ~[?:?]
	at sun.security.provider.certpath.BasicChecker.check(BasicChecker.java:144) ~[?:?]
	at sun.security.provider.certpath.PKIXMasterCertPathValidator.validate(PKIXMasterCertPathValidator.java:125) ~[?:?]
	at sun.security.provider.certpath.PKIXCertPathValidator.validate(PKIXCertPathValidator.java:224) ~[?:?]
	at sun.security.provider.certpath.PKIXCertPathValidator.validate(PKIXCertPathValidator.java:144) ~[?:?]
	at sun.security.provider.certpath.PKIXCertPathValidator.engineValidate(PKIXCertPathValidator.java:83) ~[?:?]
	at java.security.cert.CertPathValidator.validate(CertPathValidator.java:309) ~[?:?]
	at sun.security.validator.PKIXValidator.doValidate(PKIXValidator.java:364) ~[?:?]
	at sun.security.validator.PKIXValidator.engineValidate(PKIXValidator.java:275) ~[?:?]
	at sun.security.validator.Validator.validate(Validator.java:264) ~[?:?]
	at sun.security.ssl.X509TrustManagerImpl.checkTrusted(X509TrustManagerImpl.java:285) ~[?:?]
	at sun.security.ssl.X509TrustManagerImpl.checkServerTrusted(X509TrustManagerImpl.java:144) ~[?:?]
	at sun.security.ssl.CertificateMessage$T12CertificateConsumer.checkServerCerts(CertificateMessage.java:632) ~[?:?]
	at sun.security.ssl.CertificateMessage$T12CertificateConsumer.onCertificate(CertificateMessage.java:473) ~[?:?]
	at sun.security.ssl.CertificateMessage$T12CertificateConsumer.consume(CertificateMessage.java:369) ~[?:?]
	at sun.security.ssl.SSLHandshake.consume(SSLHandshake.java:396) ~[?:?]
	at sun.security.ssl.HandshakeContext.dispatch(HandshakeContext.java:480) ~[?:?]
	at sun.security.ssl.SSLEngineImpl$DelegatedTask$DelegatedAction.run(SSLEngineImpl.java:1277) ~[?:?]
	at sun.security.ssl.SSLEngineImpl$DelegatedTask$DelegatedAction.run(SSLEngineImpl.java:1264) ~[?:?]
	at java.security.AccessController.doPrivileged(AccessController.java:712) ~[?:?]
	at sun.security.ssl.SSLEngineImpl$DelegatedTask.run(SSLEngineImpl.java:1209) ~[?:?]
	at java.util.ArrayList.forEach(ArrayList.java:1511) ~[?:?]
	at jdk.internal.net.http.common.SSLFlowDelegate.lambda$executeTasks$3(SSLFlowDelegate.java:1132) ~[java.net.http:?]
	at jdk.internal.net.http.HttpClientImpl$DelegatingExecutor.execute(HttpClientImpl.java:158) ~[java.net.http:?]
	at jdk.internal.net.http.common.SSLFlowDelegate.executeTasks(SSLFlowDelegate.java:1127) ~[java.net.http:?]
	at jdk.internal.net.http.common.SSLFlowDelegate.doHandshake(SSLFlowDelegate.java:1093) ~[java.net.http:?]
	at jdk.internal.net.http.common.SSLFlowDelegate$Reader.processData(SSLFlowDelegate.java:498) ~[java.net.http:?]
	at jdk.internal.net.http.common.SSLFlowDelegate$Reader$ReaderDownstreamPusher.run(SSLFlowDelegate.java:282) ~[java.net.http:?]
	at jdk.internal.net.http.common.SequentialScheduler$LockingRestartableTask.run(SequentialScheduler.java:205) ~[java.net.http:?]
	at jdk.internal.net.http.common.SequentialScheduler$CompleteRestartableTask.run(SequentialScheduler.java:149) ~[java.net.http:?]
	at jdk.internal.net.http.common.SequentialScheduler$TryEndDeferredCompleter.complete(SequentialScheduler.java:347) ~[java.net.http:?]
	at jdk.internal.net.http.common.SequentialScheduler$CompleteRestartableTask.run(SequentialScheduler.java:151) ~[java.net.http:?]
	at jdk.internal.net.http.common.SequentialScheduler$SchedulableTask.run(SequentialScheduler.java:230) ~[java.net.http:?]
	at java.util.concurrent.ThreadPoolExecutor.runWorker(ThreadPoolExecutor.java:1136) ~[?:?]
	at java.util.concurrent.ThreadPoolExecutor$Worker.run(ThreadPoolExecutor.java:635) ~[?:?]
	at java.lang.Thread.run(Thread.java:840) ~[?:?]
[04Dec2025 01:07:33.378] [Forge Version Check/INFO] [net.minecraftforge.fml.VersionChecker/]: [inventoryhud] Starting version check at https://raw.githubusercontent.com/DmitryLovin/pluginUpdate/master/invupdate.json
[04Dec2025 01:07:33.400] [Forge Version Check/INFO] [net.minecraftforge.fml.VersionChecker/]: [inventoryhud] Found status: OUTDATED Current: 3.4.12 Target: 3.4.26
[04Dec2025 01:07:39.505] [main/INFO] [com.mojang.authlib.yggdrasil.YggdrasilAuthenticationService/]: Environment: authHost='https://authserver.mojang.com', accountsHost='https://api.mojang.com', sessionHost='https://sessionserver.mojang.com', servicesHost='https://api.minecraftservices.com', name='PROD'
[04Dec2025 01:07:46.594] [main/WARN] [net.minecraft.server.packs.VanillaPackResources/]: Assets URL 'union:/workspaces/server/servidor_minecraft/libraries/net/minecraft/server/1.18.2-20220404.173914/server-1.18.2-20220404.173914-srg.jar%23257!/assets/.mcassetsroot' uses unexpected schema
[04Dec2025 01:07:46.594] [main/WARN] [net.minecraft.server.packs.VanillaPackResources/]: Assets URL 'union:/workspaces/server/servidor_minecraft/libraries/net/minecraft/server/1.18.2-20220404.173914/server-1.18.2-20220404.173914-srg.jar%23257!/data/.mcassetsroot' uses unexpected schema
[04Dec2025 01:07:46.839] [main/INFO] [net.mehvahdjukaar.supplementaries.Supplementaries/]: Generated runtime SERVER_DATA for pack Supplementaries Generated Pack in: 88 ms
[04Dec2025 01:07:51.527] [main/INFO] [com.jtorleonstudios.libraryferret.LibraryFerret/]: Structure placement for `awesomedungeonnether:nth_center_square/start_pool`: { spacing: 50, separation: 25, salt: 46482856, useValueFromConfiguration: true}
[04Dec2025 01:07:51.528] [main/INFO] [com.jtorleonstudios.libraryferret.LibraryFerret/]: Structure placement for `awesomedungeonnether:nth_absi_palace/start_pool`: { spacing: 50, separation: 25, salt: 19482856, useValueFromConfiguration: true}
[04Dec2025 01:07:51.528] [main/INFO] [com.jtorleonstudios.libraryferret.LibraryFerret/]: Structure placement for `awesomedungeonnether:nth_giant_crimson_tree/start_pool`: { spacing: 50, separation: 25, salt: 55482856, useValueFromConfiguration: true}
[04Dec2025 01:07:51.529] [main/INFO] [com.jtorleonstudios.libraryferret.LibraryFerret/]: Structure placement for `awesomedungeon:better_default_jungle_temple/start_pool`: { spacing: 50, separation: 25, salt: 1654787080, useValueFromConfiguration: true}
[04Dec2025 01:07:51.530] [main/INFO] [com.jtorleonstudios.libraryferret.LibraryFerret/]: Structure placement for `awesomedungeon:witch_castle/start_pool`: { spacing: 50, separation: 25, salt: 1894776078, useValueFromConfiguration: true}
[04Dec2025 01:07:51.533] [main/INFO] [com.jtorleonstudios.libraryferret.LibraryFerret/]: Structure placement for `awesomedungeon:swamp_big_temple/start_pool`: { spacing: 50, separation: 25, salt: 1594763280, useValueFromConfiguration: true}
[04Dec2025 01:07:51.534] [main/INFO] [com.jtorleonstudios.libraryferret.LibraryFerret/]: Structure placement for `awesomedungeon:desert_temple_husk/start_pool`: { spacing: 50, separation: 25, salt: 1394767080, useValueFromConfiguration: true}
[04Dec2025 01:07:51.536] [main/INFO] [com.jtorleonstudios.libraryferret.LibraryFerret/]: Structure placement for `awesomedungeonnether:nth_accum_quad/start_pool`: { spacing: 50, separation: 25, salt: 28482856, useValueFromConfiguration: true}
[04Dec2025 01:07:51.538] [main/INFO] [com.jtorleonstudios.libraryferret.LibraryFerret/]: Structure placement for `awesomedungeonend:aws_all_end_structures/start_pool`: { spacing: 20, separation: 15, salt: 49082056, useValueFromConfiguration: true}
[04Dec2025 01:07:51.538] [main/INFO] [com.jtorleonstudios.libraryferret.LibraryFerret/]: Structure placement for `awesomedungeon:abandoned_oak_palace/start_pool`: { spacing: 50, separation: 25, salt: 1694767080, useValueFromConfiguration: true}
[04Dec2025 01:07:51.539] [main/INFO] [com.jtorleonstudios.libraryferret.LibraryFerret/]: Structure placement for `awesomedungeon:mushroom_abandonned/start_pool`: { spacing: 50, separation: 25, salt: 1494227080, useValueFromConfiguration: true}
[04Dec2025 01:07:51.539] [main/INFO] [com.jtorleonstudios.libraryferret.LibraryFerret/]: Structure placement for `awesomedungeon:jungle_giant_tree/start_pool`: { spacing: 50, separation: 25, salt: 1494763380, useValueFromConfiguration: true}
[04Dec2025 01:07:51.539] [main/INFO] [com.jtorleonstudios.libraryferret.LibraryFerret/]: Structure placement for `awesomedungeon:t_z_tower/start_pool`: { spacing: 50, separation: 25, salt: 1794767078, useValueFromConfiguration: true}
[04Dec2025 01:07:51.540] [main/INFO] [com.jtorleonstudios.libraryferret.LibraryFerret/]: Structure placement for `awesomedungeonnether:nth_blaze_tower/start_pool`: { spacing: 50, separation: 25, salt: 37482856, useValueFromConfiguration: true}
[04Dec2025 01:07:51.540] [main/INFO] [com.jtorleonstudios.libraryferret.LibraryFerret/]: Structure placement for `awesomedungeon:the_usine/start_pool`: { spacing: 50, separation: 25, salt: 1694767078, useValueFromConfiguration: true}
[04Dec2025 01:07:51.542] [main/INFO] [com.jtorleonstudios.libraryferret.LibraryFerret/]: Structure placement for `awesomedungeonnether:nth_obsi_house/start_pool`: { spacing: 50, separation: 25, salt: 64482856, useValueFromConfiguration: true}
[04Dec2025 01:07:54.039] [main/INFO] [com.sk89q.worldedit.extension.platform.PlatformCommandManager/]: Registering commands with com.sk89q.worldedit.forge.ForgePlatform
[04Dec2025 01:07:54.201] [main/WARN] [net.minecraft.commands.Commands/]: Ambiguity between arguments [teleport, location] and [teleport, destination] with inputs: [0.1 -0.5 .9, 0 0 0]
[04Dec2025 01:07:54.202] [main/WARN] [net.minecraft.commands.Commands/]: Ambiguity between arguments [teleport, location] and [teleport, targets] with inputs: [0.1 -0.5 .9, 0 0 0]
[04Dec2025 01:07:54.206] [main/WARN] [net.minecraft.commands.Commands/]: Ambiguity between arguments [teleport, destination] and [teleport, targets] with inputs: [Player, 0123, @e, dd12be42-52a9-4a91-a8a1-11c01849e498]
[04Dec2025 01:07:54.208] [main/WARN] [net.minecraft.commands.Commands/]: Ambiguity between arguments [teleport, targets] and [teleport, destination] with inputs: [Player, 0123, dd12be42-52a9-4a91-a8a1-11c01849e498]
[04Dec2025 01:07:54.209] [main/WARN] [net.minecraft.commands.Commands/]: Ambiguity between arguments [teleport, targets, location] and [teleport, targets, destination] with inputs: [0.1 -0.5 .9, 0 0 0]
[04Dec2025 01:07:54.214] [main/WARN] [net.minecraft.commands.Commands/]: Ambiguity between arguments [fakename, set, fakename] and [fakename, set, target] with inputs: ["quoted phrase", word]
[04Dec2025 01:07:54.215] [main/WARN] [net.minecraft.commands.Commands/]: Ambiguity between arguments [fakename, set, target] and [fakename, set, fakename] with inputs: [Player, 0123, dd12be42-52a9-4a91-a8a1-11c01849e498]
[04Dec2025 01:07:54.236] [main/WARN] [net.minecraft.commands.Commands/]: Ambiguity between arguments [scale, get, scale_type] and [scale, get, entity] with inputs: [base]
[04Dec2025 01:07:54.237] [main/WARN] [net.minecraft.commands.Commands/]: Ambiguity between arguments [scale, get, scale_type, entity] and [scale, get, scale_type, scalingFactor] with inputs: [0123]
[04Dec2025 01:07:54.239] [main/WARN] [net.minecraft.commands.Commands/]: Ambiguity between arguments [scale, get, scale_type, scalingFactor] and [scale, get, scale_type, entity] with inputs: [0, -1, -.5, 1.2, .5, -1234.56]
[04Dec2025 01:07:54.240] [main/WARN] [net.minecraft.commands.Commands/]: Ambiguity between arguments [scale, get, scalingFactor] and [scale, get, entity] with inputs: [0, -1, -.5, 1.2, .5, -1234.56]
[04Dec2025 01:07:54.242] [main/WARN] [net.minecraft.commands.Commands/]: Ambiguity between arguments [scale, get, entity] and [scale, get, scalingFactor] with inputs: [0123]
[04Dec2025 01:07:54.243] [main/WARN] [net.minecraft.commands.Commands/]: Ambiguity between arguments [scale, compute, scale_type, entity] and [scale, compute, scale_type, scalingFactor] with inputs: [0123]
[04Dec2025 01:07:54.245] [main/WARN] [net.minecraft.commands.Commands/]: Ambiguity between arguments [scale, compute, scale_type, scalingFactor] and [scale, compute, scale_type, entity] with inputs: [0, -1, -.5, 1.2, .5, -1234.56]
[04Dec2025 01:07:54.246] [main/WARN] [net.minecraft.commands.Commands/]: Ambiguity between arguments [scale, reset, scale_type] and [scale, reset, targets] with inputs: [base]
[04Dec2025 01:07:54.247] [main/WARN] [net.minecraft.commands.Commands/]: Ambiguity between arguments [scale, delay, get, scale_type] and [scale, delay, get, entity] with inputs: [base]
[04Dec2025 01:07:54.249] [main/WARN] [net.minecraft.commands.Commands/]: Ambiguity between arguments [scale, delay, reset, scale_type] and [scale, delay, reset, targets] with inputs: [base]
[04Dec2025 01:07:54.250] [main/WARN] [net.minecraft.commands.Commands/]: Ambiguity between arguments [scale, easing, get, scale_type] and [scale, easing, get, entity] with inputs: [base]
[04Dec2025 01:07:54.252] [main/WARN] [net.minecraft.commands.Commands/]: Ambiguity between arguments [scale, easing, reset, scale_type] and [scale, easing, reset, targets] with inputs: [base]
[04Dec2025 01:07:54.253] [main/WARN] [net.minecraft.commands.Commands/]: Ambiguity between arguments [scale, persist, reset, scale_type] and [scale, persist, reset, targets] with inputs: [base]
[04Dec2025 01:07:56.580] [Worker-Main2/ERROR] [net.minecraft.tags.TagLoader/]: Couldn't load tag bygonenether:has_structure/bastion_remnant as it is missing following references: #bygonenether:collections/nether (from bygonenether-1.3.0-1.18.2.jar)
[04Dec2025 01:07:56.581] [Worker-Main2/ERROR] [net.minecraft.tags.TagLoader/]: Couldn't load tag awesomedungeonend:structure_set/aws_all_end_structures_avoid as it is missing following references: minecraft:end_cities (from awesomedungeonend-forge-1.18.2-3.1.1.jar)
[04Dec2025 01:07:56.585] [Worker-Main2/ERROR] [net.minecraft.tags.TagLoader/]: Couldn't load tag bygonenether:has_structure/fortress as it is missing following references: #bygonenether:collections/nether (from bygonenether-1.3.0-1.18.2.jar)
[04Dec2025 01:07:56.586] [Worker-Main2/ERROR] [net.minecraft.tags.TagLoader/]: Couldn't load tag ba_bt:has_structure/modded_biomes/terralith_land_overgrown as it is missing following references: terralith:amethyst_rainforest (from BrassAmberBattleTowers-1.18.2-2.3.12.jar), 
	terralith:blooming_valley (from BrassAmberBattleTowers-1.18.2-2.3.12.jar), 
	terralith:orchid_swamp (from BrassAmberBattleTowers-1.18.2-2.3.12.jar), 
	terralith:tropical_jungle (from BrassAmberBattleTowers-1.18.2-2.3.12.jar)
[04Dec2025 01:07:56.592] [Worker-Main2/ERROR] [net.minecraft.tags.TagLoader/]: Couldn't load tag ba_bt:has_structure/modded_biomes/terralith_land as it is missing following references: terralith:alpine_highlands (from BrassAmberBattleTowers-1.18.2-2.3.12.jar), 
	terralith:arid_highlands (from BrassAmberBattleTowers-1.18.2-2.3.12.jar), 
	terralith:birch_taiga (from BrassAmberBattleTowers-1.18.2-2.3.12.jar), 
	terralith:blooming_plateau (from BrassAmberBattleTowers-1.18.2-2.3.12.jar), 
	terralith:brushland (from BrassAmberBattleTowers-1.18.2-2.3.12.jar), 
	terralith:moonlight_valley (from BrassAmberBattleTowers-1.18.2-2.3.12.jar), 
	terralith:savanna_badlands (from BrassAmberBattleTowers-1.18.2-2.3.12.jar), 
	terralith:shield_clearing (from BrassAmberBattleTowers-1.18.2-2.3.12.jar), 
	terralith:shield (from BrassAmberBattleTowers-1.18.2-2.3.12.jar), 
	terralith:snowy_shield (from BrassAmberBattleTowers-1.18.2-2.3.12.jar), 
	terralith:steppe (from BrassAmberBattleTowers-1.18.2-2.3.12.jar), 
	terralith:temperate_highlands (from BrassAmberBattleTowers-1.18.2-2.3.12.jar), 
	terralith:valley_clearing (from BrassAmberBattleTowers-1.18.2-2.3.12.jar), 
	terralith:wintry_forest (from BrassAmberBattleTowers-1.18.2-2.3.12.jar)
[04Dec2025 01:07:56.595] [Worker-Main2/ERROR] [net.minecraft.tags.TagLoader/]: Couldn't load tag mvs:has_structure/nether_biomes as it is missing following references: #forge:is_wasteland/nether (from mvs-3.0.8-1.18.2.jar)
[04Dec2025 01:07:56.597] [Worker-Main2/ERROR] [net.minecraft.tags.TagLoader/]: Couldn't load tag ba_bt:has_structure/modded_biomes/terralith_land_sandy as it is missing following references: terralith:ancient_sands (from BrassAmberBattleTowers-1.18.2-2.3.12.jar)
[04Dec2025 01:07:57.680] [Worker-Main1/ERROR] [net.minecraft.tags.TagLoader/]: Couldn't load tag furnish:animal_baskets as it is missing following references: furnish:white_animal_basket (from furnish-1.18-0.6-fix1.jar)
[04Dec2025 01:07:57.745] [Worker-Main1/ERROR] [net.minecraft.tags.TagLoader/]: Couldn't load tag fabric:mineable/needs_tool_level_0 as it is missing following references: rslamps_plus:soul_lamp (from rlp-1.4.0-1.18.2.jar), 
	rslamps_plus:soul_lamp_on (from rlp-1.4.0-1.18.2.jar)
[04Dec2025 01:08:16.927] [Worker-Main1/INFO] [net.minecraft.world.item.crafting.RecipeManager/]: Skipping loading recipe upgrade_aquatic:driftwood_furnace_boat as it's serializer returned null
[04Dec2025 01:08:16.982] [Worker-Main1/ERROR] [net.minecraft.world.item.crafting.RecipeManager/]: Parsing error loading recipe ends_delight:brewing/chorus_fruit_milk_tea
com.google.gson.JsonSyntaxException: Invalid or unsupported recipe type 'farmersrespite:brewing'
	at net.minecraft.world.item.crafting.RecipeManager.m_199901_(RecipeManager.java:156) ~[server-1.18.2-20220404.173914-srg.jar%23257!/:?]
	at java.util.Optional.orElseThrow(Optional.java:403) ~[?:?]
	at net.minecraft.world.item.crafting.RecipeManager.fromJson(RecipeManager.java:155) ~[server-1.18.2-20220404.173914-srg.jar%23257!/:?]
	at net.minecraft.world.item.crafting.RecipeManager.m_5787_(RecipeManager.java:67) ~[server-1.18.2-20220404.173914-srg.jar%23257!/:?]
	at net.minecraft.world.item.crafting.RecipeManager.m_5787_(RecipeManager.java:34) ~[server-1.18.2-20220404.173914-srg.jar%23257!/:?]
	at net.minecraft.server.packs.resources.SimplePreparableReloadListener.m_10789_(SimplePreparableReloadListener.java:13) ~[server-1.18.2-20220404.173914-srg.jar%23257!/:?]
	at java.util.concurrent.CompletableFuture$UniAccept.tryFire(CompletableFuture.java:718) ~[?:?]
	at java.util.concurrent.CompletableFuture$Completion.run(CompletableFuture.java:482) ~[?:?]
	at net.minecraft.server.packs.resources.SimpleReloadInstance.m_143940_(SimpleReloadInstance.java:69) ~[server-1.18.2-20220404.173914-srg.jar%23257!/:?]
	at net.minecraft.server.packs.resources.SimpleReloadInstance.m_10834_(SimpleReloadInstance.java:68) ~[server-1.18.2-20220404.173914-srg.jar%23257!/:?]
	at java.util.concurrent.CompletableFuture$UniCompletion.claim(CompletableFuture.java:572) ~[?:?]
	at java.util.concurrent.CompletableFuture$UniAccept.tryFire(CompletableFuture.java:714) ~[?:?]
	at java.util.concurrent.CompletableFuture.postComplete(CompletableFuture.java:510) ~[?:?]
	at java.util.concurrent.CompletableFuture.postFire(CompletableFuture.java:614) ~[?:?]
	at java.util.concurrent.CompletableFuture$UniAccept.tryFire(CompletableFuture.java:726) ~[?:?]
	at java.util.concurrent.CompletableFuture$Completion.run(CompletableFuture.java:482) ~[?:?]
	at net.minecraft.server.packs.resources.SimpleReloadInstance.m_143940_(SimpleReloadInstance.java:69) ~[server-1.18.2-20220404.173914-srg.jar%23257!/:?]
	at net.minecraft.server.packs.resources.SimpleReloadInstance.m_10834_(SimpleReloadInstance.java:68) ~[server-1.18.2-20220404.173914-srg.jar%23257!/:?]
	at java.util.concurrent.CompletableFuture$UniCompletion.claim(CompletableFuture.java:572) ~[?:?]
	at java.util.concurrent.CompletableFuture$UniAccept.tryFire(CompletableFuture.java:714) ~[?:?]
	at java.util.concurrent.CompletableFuture.postComplete(CompletableFuture.java:510) ~[?:?]
	at java.util.concurrent.CompletableFuture.postFire(CompletableFuture.java:614) ~[?:?]
	at java.util.concurrent.CompletableFuture$UniAccept.tryFire(CompletableFuture.java:726) ~[?:?]
	at java.util.concurrent.CompletableFuture$Completion.run(CompletableFuture.java:482) ~[?:?]
	at net.minecraft.server.packs.resources.SimpleReloadInstance.m_143940_(SimpleReloadInstance.java:69) ~[server-1.18.2-20220404.173914-srg.jar%23257!/:?]
	at net.minecraft.server.packs.resources.SimpleReloadInstance.m_10834_(SimpleReloadInstance.java:68) ~[server-1.18.2-20220404.173914-srg.jar%23257!/:?]
	at java.util.concurrent.CompletableFuture$UniCompletion.claim(CompletableFuture.java:572) ~[?:?]
	at java.util.concurrent.CompletableFuture$UniAccept.tryFire(CompletableFuture.java:714) ~[?:?]
	at java.util.concurrent.CompletableFuture.postComplete(CompletableFuture.java:510) ~[?:?]
	at java.util.concurrent.CompletableFuture.complete(CompletableFuture.java:2147) ~[?:?]
	at net.minecraft.server.packs.resources.SimpleReloadInstance$1.m_10855_(SimpleReloadInstance.java:51) ~[server-1.18.2-20220404.173914-srg.jar%23257!/:?]
	at net.minecraft.server.packs.resources.SimpleReloadInstance$1.m_6769_(SimpleReloadInstance.java:48) ~[server-1.18.2-20220404.173914-srg.jar%23257!/:?]
	at java.util.concurrent.CompletableFuture$UniCompose.tryFire(CompletableFuture.java:1150) [?:?]
	at java.util.concurrent.CompletableFuture.postComplete(CompletableFuture.java:510) [?:?]
	at java.util.concurrent.CompletableFuture$AsyncSupply.run(CompletableFuture.java:1773) [?:?]
	at java.util.concurrent.CompletableFuture$AsyncSupply.exec(CompletableFuture.java:1760) [?:?]
	at java.util.concurrent.ForkJoinTask.doExec(ForkJoinTask.java:373) [?:?]
	at java.util.concurrent.ForkJoinPool$WorkQueue.topLevelExec(ForkJoinPool.java:1182) [?:?]
	at java.util.concurrent.ForkJoinPool.scan(ForkJoinPool.java:1655) [?:?]
	at java.util.concurrent.ForkJoinPool.runWorker(ForkJoinPool.java:1622) [?:?]
	at java.util.concurrent.ForkJoinWorkerThread.run(ForkJoinWorkerThread.java:165) [?:?]
[04Dec2025 01:08:16.987] [Worker-Main1/INFO] [net.minecraft.world.item.crafting.RecipeManager/]: Skipping loading recipe atmospheric:yucca_trapped_chest as it's serializer returned null
[04Dec2025 01:08:17.042] [Worker-Main1/INFO] [net.minecraft.world.item.crafting.RecipeManager/]: Skipping loading recipe atmospheric:rosewood_leaf_pile as it's serializer returned null
[04Dec2025 01:08:17.045] [Worker-Main1/INFO] [net.minecraft.world.item.crafting.RecipeManager/]: Skipping loading recipe upgrade_aquatic:vertical_river_planks as it's serializer returned null
[04Dec2025 01:08:17.063] [Worker-Main1/ERROR] [net.minecraft.world.item.crafting.RecipeManager/]: Parsing error loading recipe beyond_earth:smeltery/melting/metal/ostrum/raw
com.google.gson.JsonSyntaxException: Missing rate, expected to find a string
	at net.minecraft.util.GsonHelper.m_13906_(GsonHelper.java:112) ~[server-1.18.2-20220404.173914-srg.jar%23257!/:?]
	at slimeknights.tconstruct.library.recipe.melting.IMeltingContainer$OreRateType.parse(IMeltingContainer.java:41) ~[TConstruct-1.18.2-3.6.4.113.jar%23227!/:1.18.2-3.6.4.113]
	at slimeknights.tconstruct.library.recipe.melting.OreMeltingRecipe$Serializer.createFromJson(OreMeltingRecipe.java:44) ~[TConstruct-1.18.2-3.6.4.113.jar%23227!/:1.18.2-3.6.4.113]
	at slimeknights.tconstruct.library.recipe.melting.OreMeltingRecipe$Serializer.createFromJson(OreMeltingRecipe.java:41) ~[TConstruct-1.18.2-3.6.4.113.jar%23227!/:1.18.2-3.6.4.113]
	at slimeknights.tconstruct.library.recipe.melting.MeltingRecipe$AbstractSerializer.fromJson(MeltingRecipe.java:142) ~[TConstruct-1.18.2-3.6.4.113.jar%23227!/:1.18.2-3.6.4.113]
	at slimeknights.tconstruct.library.recipe.melting.OreMeltingRecipe$Serializer.fromJson(OreMeltingRecipe.java:41) ~[TConstruct-1.18.2-3.6.4.113.jar%23227!/:1.18.2-3.6.4.113]
	at slimeknights.tconstruct.library.recipe.melting.MeltingRecipe$AbstractSerializer.m_6729_(MeltingRecipe.java:118) ~[TConstruct-1.18.2-3.6.4.113.jar%23227!/:1.18.2-3.6.4.113]
	at net.minecraftforge.common.extensions.IForgeRecipeSerializer.fromJson(IForgeRecipeSerializer.java:23) ~[forge-1.18.2-40.2.21-universal.jar%23262!/:?]
	at net.minecraft.world.item.crafting.RecipeManager.fromJson(RecipeManager.java:157) ~[server-1.18.2-20220404.173914-srg.jar%23257!/:?]
	at net.minecraft.world.item.crafting.RecipeManager.m_5787_(RecipeManager.java:67) ~[server-1.18.2-20220404.173914-srg.jar%23257!/:?]
	at net.minecraft.world.item.crafting.RecipeManager.m_5787_(RecipeManager.java:34) ~[server-1.18.2-20220404.173914-srg.jar%23257!/:?]
	at net.minecraft.server.packs.resources.SimplePreparableReloadListener.m_10789_(SimplePreparableReloadListener.java:13) ~[server-1.18.2-20220404.173914-srg.jar%23257!/:?]
	at java.util.concurrent.CompletableFuture$UniAccept.tryFire(CompletableFuture.java:718) ~[?:?]
	at java.util.concurrent.CompletableFuture$Completion.run(CompletableFuture.java:482) ~[?:?]
	at net.minecraft.server.packs.resources.SimpleReloadInstance.m_143940_(SimpleReloadInstance.java:69) ~[server-1.18.2-20220404.173914-srg.jar%23257!/:?]
	at net.minecraft.server.packs.resources.SimpleReloadInstance.m_10834_(SimpleReloadInstance.java:68) ~[server-1.18.2-20220404.173914-srg.jar%23257!/:?]
	at java.util.concurrent.CompletableFuture$UniCompletion.claim(CompletableFuture.java:572) ~[?:?]
	at java.util.concurrent.CompletableFuture$UniAccept.tryFire(CompletableFuture.java:714) ~[?:?]
	at java.util.concurrent.CompletableFuture.postComplete(CompletableFuture.java:510) ~[?:?]
	at java.util.concurrent.CompletableFuture.postFire(CompletableFuture.java:614) ~[?:?]
	at java.util.concurrent.CompletableFuture$UniAccept.tryFire(CompletableFuture.java:726) ~[?:?]
	at java.util.concurrent.CompletableFuture$Completion.run(CompletableFuture.java:482) ~[?:?]
	at net.minecraft.server.packs.resources.SimpleReloadInstance.m_143940_(SimpleReloadInstance.java:69) ~[server-1.18.2-20220404.173914-srg.jar%23257!/:?]
	at net.minecraft.server.packs.resources.SimpleReloadInstance.m_10834_(SimpleReloadInstance.java:68) ~[server-1.18.2-20220404.173914-srg.jar%23257!/:?]
	at java.util.concurrent.CompletableFuture$UniCompletion.claim(CompletableFuture.java:572) ~[?:?]
	at java.util.concurrent.CompletableFuture$UniAccept.tryFire(CompletableFuture.java:714) ~[?:?]
	at java.util.concurrent.CompletableFuture.postComplete(CompletableFuture.java:510) ~[?:?]
	at java.util.concurrent.CompletableFuture.postFire(CompletableFuture.java:614) ~[?:?]
	at java.util.concurrent.CompletableFuture$UniAccept.tryFire(CompletableFuture.java:726) ~[?:?]
	at java.util.concurrent.CompletableFuture$Completion.run(CompletableFuture.java:482) ~[?:?]
	at net.minecraft.server.packs.resources.SimpleReloadInstance.m_143940_(SimpleReloadInstance.java:69) ~[server-1.18.2-20220404.173914-srg.jar%23257!/:?]
	at net.minecraft.server.packs.resources.SimpleReloadInstance.m_10834_(SimpleReloadInstance.java:68) ~[server-1.18.2-20220404.173914-srg.jar%23257!/:?]
	at java.util.concurrent.CompletableFuture$UniCompletion.claim(CompletableFuture.java:572) ~[?:?]
	at java.util.concurrent.CompletableFuture$UniAccept.tryFire(CompletableFuture.java:714) ~[?:?]
	at java.util.concurrent.CompletableFuture.postComplete(CompletableFuture.java:510) ~[?:?]
	at java.util.concurrent.CompletableFuture.complete(CompletableFuture.java:2147) ~[?:?]
	at net.minecraft.server.packs.resources.SimpleReloadInstance$1.m_10855_(SimpleReloadInstance.java:51) ~[server-1.18.2-20220404.173914-srg.jar%23257!/:?]
	at net.minecraft.server.packs.resources.SimpleReloadInstance$1.m_6769_(SimpleReloadInstance.java:48) ~[server-1.18.2-20220404.173914-srg.jar%23257!/:?]
	at java.util.concurrent.CompletableFuture$UniCompose.tryFire(CompletableFuture.java:1150) [?:?]
	at java.util.concurrent.CompletableFuture.postComplete(CompletableFuture.java:510) [?:?]
	at java.util.concurrent.CompletableFuture$AsyncSupply.run(CompletableFuture.java:1773) [?:?]
	at java.util.concurrent.CompletableFuture$AsyncSupply.exec(CompletableFuture.java:1760) [?:?]
	at java.util.concurrent.ForkJoinTask.doExec(ForkJoinTask.java:373) [?:?]
	at java.util.concurrent.ForkJoinPool$WorkQueue.topLevelExec(ForkJoinPool.java:1182) [?:?]
	at java.util.concurrent.ForkJoinPool.scan(ForkJoinPool.java:1655) [?:?]
	at java.util.concurrent.ForkJoinPool.runWorker(ForkJoinPool.java:1622) [?:?]
	at java.util.concurrent.ForkJoinWorkerThread.run(ForkJoinWorkerThread.java:165) [?:?]
[04Dec2025 01:08:17.066] [Worker-Main1/ERROR] [net.minecraft.world.item.crafting.RecipeManager/]: Parsing error loading recipe beyond_earth:smeltery/melting/metal/desh/ore
com.google.gson.JsonSyntaxException: Missing rate, expected to find a string
	at net.minecraft.util.GsonHelper.m_13906_(GsonHelper.java:112) ~[server-1.18.2-20220404.173914-srg.jar%23257!/:?]
	at slimeknights.tconstruct.library.recipe.melting.IMeltingContainer$OreRateType.parse(IMeltingContainer.java:41) ~[TConstruct-1.18.2-3.6.4.113.jar%23227!/:1.18.2-3.6.4.113]
	at slimeknights.tconstruct.library.recipe.melting.OreMeltingRecipe$Serializer.createFromJson(OreMeltingRecipe.java:44) ~[TConstruct-1.18.2-3.6.4.113.jar%23227!/:1.18.2-3.6.4.113]
	at slimeknights.tconstruct.library.recipe.melting.OreMeltingRecipe$Serializer.createFromJson(OreMeltingRecipe.java:41) ~[TConstruct-1.18.2-3.6.4.113.jar%23227!/:1.18.2-3.6.4.113]
	at slimeknights.tconstruct.library.recipe.melting.MeltingRecipe$AbstractSerializer.fromJson(MeltingRecipe.java:142) ~[TConstruct-1.18.2-3.6.4.113.jar%23227!/:1.18.2-3.6.4.113]
	at slimeknights.tconstruct.library.recipe.melting.OreMeltingRecipe$Serializer.fromJson(OreMeltingRecipe.java:41) ~[TConstruct-1.18.2-3.6.4.113.jar%23227!/:1.18.2-3.6.4.113]
	at slimeknights.tconstruct.library.recipe.melting.MeltingRecipe$AbstractSerializer.m_6729_(MeltingRecipe.java:118) ~[TConstruct-1.18.2-3.6.4.113.jar%23227!/:1.18.2-3.6.4.113]
	at net.minecraftforge.common.extensions.IForgeRecipeSerializer.fromJson(IForgeRecipeSerializer.java:23) ~[forge-1.18.2-40.2.21-universal.jar%23262!/:?]
	at net.minecraft.world.item.crafting.RecipeManager.fromJson(RecipeManager.java:157) ~[server-1.18.2-20220404.173914-srg.jar%23257!/:?]
	at net.minecraft.world.item.crafting.RecipeManager.m_5787_(RecipeManager.java:67) ~[server-1.18.2-20220404.173914-srg.jar%23257!/:?]
	at net.minecraft.world.item.crafting.RecipeManager.m_5787_(RecipeManager.java:34) ~[server-1.18.2-20220404.173914-srg.jar%23257!/:?]
	at net.minecraft.server.packs.resources.SimplePreparableReloadListener.m_10789_(SimplePreparableReloadListener.java:13) ~[server-1.18.2-20220404.173914-srg.jar%23257!/:?]
	at java.util.concurrent.CompletableFuture$UniAccept.tryFire(CompletableFuture.java:718) ~[?:?]
	at java.util.concurrent.CompletableFuture$Completion.run(CompletableFuture.java:482) ~[?:?]
	at net.minecraft.server.packs.resources.SimpleReloadInstance.m_143940_(SimpleReloadInstance.java:69) ~[server-1.18.2-20220404.173914-srg.jar%23257!/:?]
	at net.minecraft.server.packs.resources.SimpleReloadInstance.m_10834_(SimpleReloadInstance.java:68) ~[server-1.18.2-20220404.173914-srg.jar%23257!/:?]
	at java.util.concurrent.CompletableFuture$UniCompletion.claim(CompletableFuture.java:572) ~[?:?]
	at java.util.concurrent.CompletableFuture$UniAccept.tryFire(CompletableFuture.java:714) ~[?:?]
	at java.util.concurrent.CompletableFuture.postComplete(CompletableFuture.java:510) ~[?:?]
	at java.util.concurrent.CompletableFuture.postFire(CompletableFuture.java:614) ~[?:?]
	at java.util.concurrent.CompletableFuture$UniAccept.tryFire(CompletableFuture.java:726) ~[?:?]
	at java.util.concurrent.CompletableFuture$Completion.run(CompletableFuture.java:482) ~[?:?]
	at net.minecraft.server.packs.resources.SimpleReloadInstance.m_143940_(SimpleReloadInstance.java:69) ~[server-1.18.2-20220404.173914-srg.jar%23257!/:?]
	at net.minecraft.server.packs.resources.SimpleReloadInstance.m_10834_(SimpleReloadInstance.java:68) ~[server-1.18.2-20220404.173914-srg.jar%23257!/:?]
	at java.util.concurrent.CompletableFuture$UniCompletion.claim(CompletableFuture.java:572) ~[?:?]
	at java.util.concurrent.CompletableFuture$UniAccept.tryFire(CompletableFuture.java:714) ~[?:?]
	at java.util.concurrent.CompletableFuture.postComplete(CompletableFuture.java:510) ~[?:?]
	at java.util.concurrent.CompletableFuture.postFire(CompletableFuture.java:614) ~[?:?]
	at java.util.concurrent.CompletableFuture$UniAccept.tryFire(CompletableFuture.java:726) ~[?:?]
	at java.util.concurrent.CompletableFuture$Completion.run(CompletableFuture.java:482) ~[?:?]
	at net.minecraft.server.packs.resources.SimpleReloadInstance.m_143940_(SimpleReloadInstance.java:69) ~[server-1.18.2-20220404.173914-srg.jar%23257!/:?]
	at net.minecraft.server.packs.resources.SimpleReloadInstance.m_10834_(SimpleReloadInstance.java:68) ~[server-1.18.2-20220404.173914-srg.jar%23257!/:?]
	at java.util.concurrent.CompletableFuture$UniCompletion.claim(CompletableFuture.java:572) ~[?:?]
	at java.util.concurrent.CompletableFuture$UniAccept.tryFire(CompletableFuture.java:714) ~[?:?]
	at java.util.concurrent.CompletableFuture.postComplete(CompletableFuture.java:510) ~[?:?]
	at java.util.concurrent.CompletableFuture.complete(CompletableFuture.java:2147) ~[?:?]
	at net.minecraft.server.packs.resources.SimpleReloadInstance$1.m_10855_(SimpleReloadInstance.java:51) ~[server-1.18.2-20220404.173914-srg.jar%23257!/:?]
	at net.minecraft.server.packs.resources.SimpleReloadInstance$1.m_6769_(SimpleReloadInstance.java:48) ~[server-1.18.2-20220404.173914-srg.jar%23257!/:?]
	at java.util.concurrent.CompletableFuture$UniCompose.tryFire(CompletableFuture.java:1150) [?:?]
	at java.util.concurrent.CompletableFuture.postComplete(CompletableFuture.java:510) [?:?]
	at java.util.concurrent.CompletableFuture$AsyncSupply.run(CompletableFuture.java:1773) [?:?]
	at java.util.concurrent.CompletableFuture$AsyncSupply.exec(CompletableFuture.java:1760) [?:?]
	at java.util.concurrent.ForkJoinTask.doExec(ForkJoinTask.java:373) [?:?]
	at java.util.concurrent.ForkJoinPool$WorkQueue.topLevelExec(ForkJoinPool.java:1182) [?:?]
	at java.util.concurrent.ForkJoinPool.scan(ForkJoinPool.java:1655) [?:?]
	at java.util.concurrent.ForkJoinPool.runWorker(ForkJoinPool.java:1622) [?:?]
	at java.util.concurrent.ForkJoinWorkerThread.run(ForkJoinWorkerThread.java:165) [?:?]
[04Dec2025 01:08:17.091] [Worker-Main1/INFO] [net.minecraft.world.item.crafting.RecipeManager/]: Skipping loading recipe atmospheric:kousa_leaf_pile as it's serializer returned null
[04Dec2025 01:08:17.091] [Worker-Main1/INFO] [net.minecraft.world.item.crafting.RecipeManager/]: Skipping loading recipe atmospheric:grimwood_ladder as it's serializer returned null
[04Dec2025 01:08:17.116] [Worker-Main1/INFO] [net.minecraft.world.item.crafting.RecipeManager/]: Skipping loading recipe atmospheric:grimwood_leaf_pile as it's serializer returned null
[04Dec2025 01:08:17.118] [Worker-Main1/ERROR] [net.minecraft.world.item.crafting.RecipeManager/]: Parsing error loading recipe ends_delight:brewing/chorus_flower_tea
com.google.gson.JsonSyntaxException: Invalid or unsupported recipe type 'farmersrespite:brewing'
	at net.minecraft.world.item.crafting.RecipeManager.m_199901_(RecipeManager.java:156) ~[server-1.18.2-20220404.173914-srg.jar%23257!/:?]
	at java.util.Optional.orElseThrow(Optional.java:403) ~[?:?]
	at net.minecraft.world.item.crafting.RecipeManager.fromJson(RecipeManager.java:155) ~[server-1.18.2-20220404.173914-srg.jar%23257!/:?]
	at net.minecraft.world.item.crafting.RecipeManager.m_5787_(RecipeManager.java:67) ~[server-1.18.2-20220404.173914-srg.jar%23257!/:?]
	at net.minecraft.world.item.crafting.RecipeManager.m_5787_(RecipeManager.java:34) ~[server-1.18.2-20220404.173914-srg.jar%23257!/:?]
	at net.minecraft.server.packs.resources.SimplePreparableReloadListener.m_10789_(SimplePreparableReloadListener.java:13) ~[server-1.18.2-20220404.173914-srg.jar%23257!/:?]
	at java.util.concurrent.CompletableFuture$UniAccept.tryFire(CompletableFuture.java:718) ~[?:?]
	at java.util.concurrent.CompletableFuture$Completion.run(CompletableFuture.java:482) ~[?:?]
	at net.minecraft.server.packs.resources.SimpleReloadInstance.m_143940_(SimpleReloadInstance.java:69) ~[server-1.18.2-20220404.173914-srg.jar%23257!/:?]
	at net.minecraft.server.packs.resources.SimpleReloadInstance.m_10834_(SimpleReloadInstance.java:68) ~[server-1.18.2-20220404.173914-srg.jar%23257!/:?]
	at java.util.concurrent.CompletableFuture$UniCompletion.claim(CompletableFuture.java:572) ~[?:?]
	at java.util.concurrent.CompletableFuture$UniAccept.tryFire(CompletableFuture.java:714) ~[?:?]
	at java.util.concurrent.CompletableFuture.postComplete(CompletableFuture.java:510) ~[?:?]
	at java.util.concurrent.CompletableFuture.postFire(CompletableFuture.java:614) ~[?:?]
	at java.util.concurrent.CompletableFuture$UniAccept.tryFire(CompletableFuture.java:726) ~[?:?]
	at java.util.concurrent.CompletableFuture$Completion.run(CompletableFuture.java:482) ~[?:?]
	at net.minecraft.server.packs.resources.SimpleReloadInstance.m_143940_(SimpleReloadInstance.java:69) ~[server-1.18.2-20220404.173914-srg.jar%23257!/:?]
	at net.minecraft.server.packs.resources.SimpleReloadInstance.m_10834_(SimpleReloadInstance.java:68) ~[server-1.18.2-20220404.173914-srg.jar%23257!/:?]
	at java.util.concurrent.CompletableFuture$UniCompletion.claim(CompletableFuture.java:572) ~[?:?]
	at java.util.concurrent.CompletableFuture$UniAccept.tryFire(CompletableFuture.java:714) ~[?:?]
	at java.util.concurrent.CompletableFuture.postComplete(CompletableFuture.java:510) ~[?:?]
	at java.util.concurrent.CompletableFuture.postFire(CompletableFuture.java:614) ~[?:?]
	at java.util.concurrent.CompletableFuture$UniAccept.tryFire(CompletableFuture.java:726) ~[?:?]
	at java.util.concurrent.CompletableFuture$Completion.run(CompletableFuture.java:482) ~[?:?]
	at net.minecraft.server.packs.resources.SimpleReloadInstance.m_143940_(SimpleReloadInstance.java:69) ~[server-1.18.2-20220404.173914-srg.jar%23257!/:?]
	at net.minecraft.server.packs.resources.SimpleReloadInstance.m_10834_(SimpleReloadInstance.java:68) ~[server-1.18.2-20220404.173914-srg.jar%23257!/:?]
	at java.util.concurrent.CompletableFuture$UniCompletion.claim(CompletableFuture.java:572) ~[?:?]
	at java.util.concurrent.CompletableFuture$UniAccept.tryFire(CompletableFuture.java:714) ~[?:?]
	at java.util.concurrent.CompletableFuture.postComplete(CompletableFuture.java:510) ~[?:?]
	at java.util.concurrent.CompletableFuture.complete(CompletableFuture.java:2147) ~[?:?]
	at net.minecraft.server.packs.resources.SimpleReloadInstance$1.m_10855_(SimpleReloadInstance.java:51) ~[server-1.18.2-20220404.173914-srg.jar%23257!/:?]
	at net.minecraft.server.packs.resources.SimpleReloadInstance$1.m_6769_(SimpleReloadInstance.java:48) ~[server-1.18.2-20220404.173914-srg.jar%23257!/:?]
	at java.util.concurrent.CompletableFuture$UniCompose.tryFire(CompletableFuture.java:1150) [?:?]
	at java.util.concurrent.CompletableFuture.postComplete(CompletableFuture.java:510) [?:?]
	at java.util.concurrent.CompletableFuture$AsyncSupply.run(CompletableFuture.java:1773) [?:?]
	at java.util.concurrent.CompletableFuture$AsyncSupply.exec(CompletableFuture.java:1760) [?:?]
	at java.util.concurrent.ForkJoinTask.doExec(ForkJoinTask.java:373) [?:?]
	at java.util.concurrent.ForkJoinPool$WorkQueue.topLevelExec(ForkJoinPool.java:1182) [?:?]
	at java.util.concurrent.ForkJoinPool.scan(ForkJoinPool.java:1655) [?:?]
	at java.util.concurrent.ForkJoinPool.runWorker(ForkJoinPool.java:1622) [?:?]
	at java.util.concurrent.ForkJoinWorkerThread.run(ForkJoinWorkerThread.java:165) [?:?]
[04Dec2025 01:08:17.119] [Worker-Main1/INFO] [net.minecraft.world.item.crafting.RecipeManager/]: Skipping loading recipe upgrade_aquatic:river_furnace_boat as it's serializer returned null
[04Dec2025 01:08:17.140] [Worker-Main1/INFO] [net.minecraft.world.item.crafting.RecipeManager/]: Skipping loading recipe upgrade_aquatic:river_ladder as it's serializer returned null
[04Dec2025 01:08:17.141] [Worker-Main1/ERROR] [net.minecraft.world.item.crafting.RecipeManager/]: Parsing error loading recipe beyond_earth:smeltery/melting/metal/desh/raw
com.google.gson.JsonSyntaxException: Missing rate, expected to find a string
	at net.minecraft.util.GsonHelper.m_13906_(GsonHelper.java:112) ~[server-1.18.2-20220404.173914-srg.jar%23257!/:?]
	at slimeknights.tconstruct.library.recipe.melting.IMeltingContainer$OreRateType.parse(IMeltingContainer.java:41) ~[TConstruct-1.18.2-3.6.4.113.jar%23227!/:1.18.2-3.6.4.113]
	at slimeknights.tconstruct.library.recipe.melting.OreMeltingRecipe$Serializer.createFromJson(OreMeltingRecipe.java:44) ~[TConstruct-1.18.2-3.6.4.113.jar%23227!/:1.18.2-3.6.4.113]
	at slimeknights.tconstruct.library.recipe.melting.OreMeltingRecipe$Serializer.createFromJson(OreMeltingRecipe.java:41) ~[TConstruct-1.18.2-3.6.4.113.jar%23227!/:1.18.2-3.6.4.113]
	at slimeknights.tconstruct.library.recipe.melting.MeltingRecipe$AbstractSerializer.fromJson(MeltingRecipe.java:142) ~[TConstruct-1.18.2-3.6.4.113.jar%23227!/:1.18.2-3.6.4.113]
	at slimeknights.tconstruct.library.recipe.melting.OreMeltingRecipe$Serializer.fromJson(OreMeltingRecipe.java:41) ~[TConstruct-1.18.2-3.6.4.113.jar%23227!/:1.18.2-3.6.4.113]
	at slimeknights.tconstruct.library.recipe.melting.MeltingRecipe$AbstractSerializer.m_6729_(MeltingRecipe.java:118) ~[TConstruct-1.18.2-3.6.4.113.jar%23227!/:1.18.2-3.6.4.113]
	at net.minecraftforge.common.extensions.IForgeRecipeSerializer.fromJson(IForgeRecipeSerializer.java:23) ~[forge-1.18.2-40.2.21-universal.jar%23262!/:?]
	at net.minecraft.world.item.crafting.RecipeManager.fromJson(RecipeManager.java:157) ~[server-1.18.2-20220404.173914-srg.jar%23257!/:?]
	at net.minecraft.world.item.crafting.RecipeManager.m_5787_(RecipeManager.java:67) ~[server-1.18.2-20220404.173914-srg.jar%23257!/:?]
	at net.minecraft.world.item.crafting.RecipeManager.m_5787_(RecipeManager.java:34) ~[server-1.18.2-20220404.173914-srg.jar%23257!/:?]
	at net.minecraft.server.packs.resources.SimplePreparableReloadListener.m_10789_(SimplePreparableReloadListener.java:13) ~[server-1.18.2-20220404.173914-srg.jar%23257!/:?]
	at java.util.concurrent.CompletableFuture$UniAccept.tryFire(CompletableFuture.java:718) ~[?:?]
	at java.util.concurrent.CompletableFuture$Completion.run(CompletableFuture.java:482) ~[?:?]
	at net.minecraft.server.packs.resources.SimpleReloadInstance.m_143940_(SimpleReloadInstance.java:69) ~[server-1.18.2-20220404.173914-srg.jar%23257!/:?]
	at net.minecraft.server.packs.resources.SimpleReloadInstance.m_10834_(SimpleReloadInstance.java:68) ~[server-1.18.2-20220404.173914-srg.jar%23257!/:?]
	at java.util.concurrent.CompletableFuture$UniCompletion.claim(CompletableFuture.java:572) ~[?:?]
	at java.util.concurrent.CompletableFuture$UniAccept.tryFire(CompletableFuture.java:714) ~[?:?]
	at java.util.concurrent.CompletableFuture.postComplete(CompletableFuture.java:510) ~[?:?]
	at java.util.concurrent.CompletableFuture.postFire(CompletableFuture.java:614) ~[?:?]
	at java.util.concurrent.CompletableFuture$UniAccept.tryFire(CompletableFuture.java:726) ~[?:?]
	at java.util.concurrent.CompletableFuture$Completion.run(CompletableFuture.java:482) ~[?:?]
	at net.minecraft.server.packs.resources.SimpleReloadInstance.m_143940_(SimpleReloadInstance.java:69) ~[server-1.18.2-20220404.173914-srg.jar%23257!/:?]
	at net.minecraft.server.packs.resources.SimpleReloadInstance.m_10834_(SimpleReloadInstance.java:68) ~[server-1.18.2-20220404.173914-srg.jar%23257!/:?]
	at java.util.concurrent.CompletableFuture$UniCompletion.claim(CompletableFuture.java:572) ~[?:?]
	at java.util.concurrent.CompletableFuture$UniAccept.tryFire(CompletableFuture.java:714) ~[?:?]
	at java.util.concurrent.CompletableFuture.postComplete(CompletableFuture.java:510) ~[?:?]
	at java.util.concurrent.CompletableFuture.postFire(CompletableFuture.java:614) ~[?:?]
	at java.util.concurrent.CompletableFuture$UniAccept.tryFire(CompletableFuture.java:726) ~[?:?]
	at java.util.concurrent.CompletableFuture$Completion.run(CompletableFuture.java:482) ~[?:?]
	at net.minecraft.server.packs.resources.SimpleReloadInstance.m_143940_(SimpleReloadInstance.java:69) ~[server-1.18.2-20220404.173914-srg.jar%23257!/:?]
	at net.minecraft.server.packs.resources.SimpleReloadInstance.m_10834_(SimpleReloadInstance.java:68) ~[server-1.18.2-20220404.173914-srg.jar%23257!/:?]
	at java.util.concurrent.CompletableFuture$UniCompletion.claim(CompletableFuture.java:572) ~[?:?]
	at java.util.concurrent.CompletableFuture$UniAccept.tryFire(CompletableFuture.java:714) ~[?:?]
	at java.util.concurrent.CompletableFuture.postComplete(CompletableFuture.java:510) ~[?:?]
	at java.util.concurrent.CompletableFuture.complete(CompletableFuture.java:2147) ~[?:?]
	at net.minecraft.server.packs.resources.SimpleReloadInstance$1.m_10855_(SimpleReloadInstance.java:51) ~[server-1.18.2-20220404.173914-srg.jar%23257!/:?]
	at net.minecraft.server.packs.resources.SimpleReloadInstance$1.m_6769_(SimpleReloadInstance.java:48) ~[server-1.18.2-20220404.173914-srg.jar%23257!/:?]
	at java.util.concurrent.CompletableFuture$UniCompose.tryFire(CompletableFuture.java:1150) [?:?]
	at java.util.concurrent.CompletableFuture.postComplete(CompletableFuture.java:510) [?:?]
	at java.util.concurrent.CompletableFuture$AsyncSupply.run(CompletableFuture.java:1773) [?:?]
	at java.util.concurrent.CompletableFuture$AsyncSupply.exec(CompletableFuture.java:1760) [?:?]
	at java.util.concurrent.ForkJoinTask.doExec(ForkJoinTask.java:373) [?:?]
	at java.util.concurrent.ForkJoinPool$WorkQueue.topLevelExec(ForkJoinPool.java:1182) [?:?]
	at java.util.concurrent.ForkJoinPool.scan(ForkJoinPool.java:1655) [?:?]
	at java.util.concurrent.ForkJoinPool.runWorker(ForkJoinPool.java:1622) [?:?]
	at java.util.concurrent.ForkJoinWorkerThread.run(ForkJoinWorkerThread.java:165) [?:?]
[04Dec2025 01:08:17.174] [Worker-Main1/INFO] [net.minecraft.world.item.crafting.RecipeManager/]: Skipping loading recipe atmospheric:yucca_beehive as it's serializer returned null
[04Dec2025 01:08:17.187] [Worker-Main1/INFO] [net.minecraft.world.item.crafting.RecipeManager/]: Skipping loading recipe upgrade_aquatic:vertical_driftwood_planks as it's serializer returned null
[04Dec2025 01:08:17.189] [Worker-Main1/ERROR] [net.minecraft.world.item.crafting.RecipeManager/]: Parsing error loading recipe piglin_expansion:phantom_divinty_staff_r
com.google.gson.JsonSyntaxException: Unknown item 'piglin_expansion:deleted_mod_element'
	at net.minecraftforge.common.crafting.CraftingHelper.getItem(CraftingHelper.java:155) ~[forge-1.18.2-40.2.21-universal.jar%23262!/:?]
	at net.minecraftforge.common.crafting.CraftingHelper.getItemStack(CraftingHelper.java:181) ~[forge-1.18.2-40.2.21-universal.jar%23262!/:?]
	at net.minecraft.world.item.crafting.ShapedRecipe.m_151274_(ShapedRecipe.java:270) ~[server-1.18.2-20220404.173914-srg.jar%23257!/:?]
	at net.minecraft.world.item.crafting.ShapelessRecipe$Serializer.m_6729_(ShapelessRecipe.java:87) ~[server-1.18.2-20220404.173914-srg.jar%23257!/:?]
	at net.minecraft.world.item.crafting.ShapelessRecipe$Serializer.m_6729_(ShapelessRecipe.java:77) ~[server-1.18.2-20220404.173914-srg.jar%23257!/:?]
	at net.minecraftforge.common.extensions.IForgeRecipeSerializer.fromJson(IForgeRecipeSerializer.java:23) ~[forge-1.18.2-40.2.21-universal.jar%23262!/:?]
	at net.minecraft.world.item.crafting.RecipeManager.fromJson(RecipeManager.java:157) ~[server-1.18.2-20220404.173914-srg.jar%23257!/:?]
	at net.minecraft.world.item.crafting.RecipeManager.m_5787_(RecipeManager.java:67) ~[server-1.18.2-20220404.173914-srg.jar%23257!/:?]
	at net.minecraft.world.item.crafting.RecipeManager.m_5787_(RecipeManager.java:34) ~[server-1.18.2-20220404.173914-srg.jar%23257!/:?]
	at net.minecraft.server.packs.resources.SimplePreparableReloadListener.m_10789_(SimplePreparableReloadListener.java:13) ~[server-1.18.2-20220404.173914-srg.jar%23257!/:?]
	at java.util.concurrent.CompletableFuture$UniAccept.tryFire(CompletableFuture.java:718) ~[?:?]
	at java.util.concurrent.CompletableFuture$Completion.run(CompletableFuture.java:482) ~[?:?]
	at net.minecraft.server.packs.resources.SimpleReloadInstance.m_143940_(SimpleReloadInstance.java:69) ~[server-1.18.2-20220404.173914-srg.jar%23257!/:?]
	at net.minecraft.server.packs.resources.SimpleReloadInstance.m_10834_(SimpleReloadInstance.java:68) ~[server-1.18.2-20220404.173914-srg.jar%23257!/:?]
	at java.util.concurrent.CompletableFuture$UniCompletion.claim(CompletableFuture.java:572) ~[?:?]
	at java.util.concurrent.CompletableFuture$UniAccept.tryFire(CompletableFuture.java:714) ~[?:?]
	at java.util.concurrent.CompletableFuture.postComplete(CompletableFuture.java:510) ~[?:?]
	at java.util.concurrent.CompletableFuture.postFire(CompletableFuture.java:614) ~[?:?]
	at java.util.concurrent.CompletableFuture$UniAccept.tryFire(CompletableFuture.java:726) ~[?:?]
	at java.util.concurrent.CompletableFuture$Completion.run(CompletableFuture.java:482) ~[?:?]
	at net.minecraft.server.packs.resources.SimpleReloadInstance.m_143940_(SimpleReloadInstance.java:69) ~[server-1.18.2-20220404.173914-srg.jar%23257!/:?]
	at net.minecraft.server.packs.resources.SimpleReloadInstance.m_10834_(SimpleReloadInstance.java:68) ~[server-1.18.2-20220404.173914-srg.jar%23257!/:?]
	at java.util.concurrent.CompletableFuture$UniCompletion.claim(CompletableFuture.java:572) ~[?:?]
	at java.util.concurrent.CompletableFuture$UniAccept.tryFire(CompletableFuture.java:714) ~[?:?]
	at java.util.concurrent.CompletableFuture.postComplete(CompletableFuture.java:510) ~[?:?]
	at java.util.concurrent.CompletableFuture.postFire(CompletableFuture.java:614) ~[?:?]
	at java.util.concurrent.CompletableFuture$UniAccept.tryFire(CompletableFuture.java:726) ~[?:?]
	at java.util.concurrent.CompletableFuture$Completion.run(CompletableFuture.java:482) ~[?:?]
	at net.minecraft.server.packs.resources.SimpleReloadInstance.m_143940_(SimpleReloadInstance.java:69) ~[server-1.18.2-20220404.173914-srg.jar%23257!/:?]
	at net.minecraft.server.packs.resources.SimpleReloadInstance.m_10834_(SimpleReloadInstance.java:68) ~[server-1.18.2-20220404.173914-srg.jar%23257!/:?]
	at java.util.concurrent.CompletableFuture$UniCompletion.claim(CompletableFuture.java:572) ~[?:?]
	at java.util.concurrent.CompletableFuture$UniAccept.tryFire(CompletableFuture.java:714) ~[?:?]
	at java.util.concurrent.CompletableFuture.postComplete(CompletableFuture.java:510) ~[?:?]
	at java.util.concurrent.CompletableFuture.complete(CompletableFuture.java:2147) ~[?:?]
	at net.minecraft.server.packs.resources.SimpleReloadInstance$1.m_10855_(SimpleReloadInstance.java:51) ~[server-1.18.2-20220404.173914-srg.jar%23257!/:?]
	at net.minecraft.server.packs.resources.SimpleReloadInstance$1.m_6769_(SimpleReloadInstance.java:48) ~[server-1.18.2-20220404.173914-srg.jar%23257!/:?]
	at java.util.concurrent.CompletableFuture$UniCompose.tryFire(CompletableFuture.java:1150) [?:?]
	at java.util.concurrent.CompletableFuture.postComplete(CompletableFuture.java:510) [?:?]
	at java.util.concurrent.CompletableFuture$AsyncSupply.run(CompletableFuture.java:1773) [?:?]
	at java.util.concurrent.CompletableFuture$AsyncSupply.exec(CompletableFuture.java:1760) [?:?]
	at java.util.concurrent.ForkJoinTask.doExec(ForkJoinTask.java:373) [?:?]
	at java.util.concurrent.ForkJoinPool$WorkQueue.topLevelExec(ForkJoinPool.java:1182) [?:?]
	at java.util.concurrent.ForkJoinPool.scan(ForkJoinPool.java:1655) [?:?]
	at java.util.concurrent.ForkJoinPool.runWorker(ForkJoinPool.java:1622) [?:?]
	at java.util.concurrent.ForkJoinWorkerThread.run(ForkJoinWorkerThread.java:165) [?:?]
[04Dec2025 01:08:17.190] [Worker-Main1/INFO] [net.minecraft.world.item.crafting.RecipeManager/]: Skipping loading recipe atmospheric:yucca_furnace_boat as it's serializer returned null
[04Dec2025 01:08:17.193] [Worker-Main1/INFO] [net.minecraft.world.item.crafting.RecipeManager/]: Skipping loading recipe atmospheric:large_kousa_boat as it's serializer returned null
[04Dec2025 01:08:17.194] [Worker-Main1/INFO] [net.minecraft.world.item.crafting.RecipeManager/]: Skipping loading recipe atmospheric:large_rosewood_boat as it's serializer returned null
[04Dec2025 01:08:17.195] [Worker-Main1/ERROR] [net.minecraft.world.item.crafting.RecipeManager/]: Parsing error loading recipe ageofweapons:fantasy/saw_sword_netherite
com.google.gson.JsonSyntaxException: Unknown item 'ageofweapons:_diamond'
	at net.minecraft.world.item.crafting.ShapedRecipe.m_151280_(ShapedRecipe.java:276) ~[server-1.18.2-20220404.173914-srg.jar%23257!/:?]
	at java.util.Optional.orElseThrow(Optional.java:403) ~[?:?]
	at net.minecraft.world.item.crafting.ShapedRecipe.m_151278_(ShapedRecipe.java:275) ~[server-1.18.2-20220404.173914-srg.jar%23257!/:?]
	at net.minecraft.world.item.crafting.Ingredient.m_43919_(Ingredient.java:222) ~[server-1.18.2-20220404.173914-srg.jar%23257!/:?]
	at net.minecraftforge.common.crafting.VanillaIngredientSerializer.parse(VanillaIngredientSerializer.java:27) ~[forge-1.18.2-40.2.21-universal.jar%23262!/:?]
	at net.minecraftforge.common.crafting.CraftingHelper.getIngredient(CraftingHelper.java:143) ~[forge-1.18.2-40.2.21-universal.jar%23262!/:?]
	at net.minecraft.world.item.crafting.Ingredient.m_43917_(Ingredient.java:197) ~[server-1.18.2-20220404.173914-srg.jar%23257!/:?]
	at net.minecraft.world.item.crafting.UpgradeRecipe$Serializer.m_6729_(UpgradeRecipe.java:77) ~[server-1.18.2-20220404.173914-srg.jar%23257!/:?]
	at net.minecraft.world.item.crafting.UpgradeRecipe$Serializer.m_6729_(UpgradeRecipe.java:75) ~[server-1.18.2-20220404.173914-srg.jar%23257!/:?]
	at net.minecraftforge.common.extensions.IForgeRecipeSerializer.fromJson(IForgeRecipeSerializer.java:23) ~[forge-1.18.2-40.2.21-universal.jar%23262!/:?]
	at net.minecraft.world.item.crafting.RecipeManager.fromJson(RecipeManager.java:157) ~[server-1.18.2-20220404.173914-srg.jar%23257!/:?]
	at net.minecraft.world.item.crafting.RecipeManager.m_5787_(RecipeManager.java:67) ~[server-1.18.2-20220404.173914-srg.jar%23257!/:?]
	at net.minecraft.world.item.crafting.RecipeManager.m_5787_(RecipeManager.java:34) ~[server-1.18.2-20220404.173914-srg.jar%23257!/:?]
	at net.minecraft.server.packs.resources.SimplePreparableReloadListener.m_10789_(SimplePreparableReloadListener.java:13) ~[server-1.18.2-20220404.173914-srg.jar%23257!/:?]
	at java.util.concurrent.CompletableFuture$UniAccept.tryFire(CompletableFuture.java:718) ~[?:?]
	at java.util.concurrent.CompletableFuture$Completion.run(CompletableFuture.java:482) ~[?:?]
	at net.minecraft.server.packs.resources.SimpleReloadInstance.m_143940_(SimpleReloadInstance.java:69) ~[server-1.18.2-20220404.173914-srg.jar%23257!/:?]
	at net.minecraft.server.packs.resources.SimpleReloadInstance.m_10834_(SimpleReloadInstance.java:68) ~[server-1.18.2-20220404.173914-srg.jar%23257!/:?]
	at java.util.concurrent.CompletableFuture$UniCompletion.claim(CompletableFuture.java:572) ~[?:?]
	at java.util.concurrent.CompletableFuture$UniAccept.tryFire(CompletableFuture.java:714) ~[?:?]
	at java.util.concurrent.CompletableFuture.postComplete(CompletableFuture.java:510) ~[?:?]
	at java.util.concurrent.CompletableFuture.postFire(CompletableFuture.java:614) ~[?:?]
	at java.util.concurrent.CompletableFuture$UniAccept.tryFire(CompletableFuture.java:726) ~[?:?]
	at java.util.concurrent.CompletableFuture$Completion.run(CompletableFuture.java:482) ~[?:?]
	at net.minecraft.server.packs.resources.SimpleReloadInstance.m_143940_(SimpleReloadInstance.java:69) ~[server-1.18.2-20220404.173914-srg.jar%23257!/:?]
	at net.minecraft.server.packs.resources.SimpleReloadInstance.m_10834_(SimpleReloadInstance.java:68) ~[server-1.18.2-20220404.173914-srg.jar%23257!/:?]
	at java.util.concurrent.CompletableFuture$UniCompletion.claim(CompletableFuture.java:572) ~[?:?]
	at java.util.concurrent.CompletableFuture$UniAccept.tryFire(CompletableFuture.java:714) ~[?:?]
	at java.util.concurrent.CompletableFuture.postComplete(CompletableFuture.java:510) ~[?:?]
	at java.util.concurrent.CompletableFuture.postFire(CompletableFuture.java:614) ~[?:?]
	at java.util.concurrent.CompletableFuture$UniAccept.tryFire(CompletableFuture.java:726) ~[?:?]
	at java.util.concurrent.CompletableFuture$Completion.run(CompletableFuture.java:482) ~[?:?]
	at net.minecraft.server.packs.resources.SimpleReloadInstance.m_143940_(SimpleReloadInstance.java:69) ~[server-1.18.2-20220404.173914-srg.jar%23257!/:?]
	at net.minecraft.server.packs.resources.SimpleReloadInstance.m_10834_(SimpleReloadInstance.java:68) ~[server-1.18.2-20220404.173914-srg.jar%23257!/:?]
	at java.util.concurrent.CompletableFuture$UniCompletion.claim(CompletableFuture.java:572) ~[?:?]
	at java.util.concurrent.CompletableFuture$UniAccept.tryFire(CompletableFuture.java:714) ~[?:?]
	at java.util.concurrent.CompletableFuture.postComplete(CompletableFuture.java:510) ~[?:?]
	at java.util.concurrent.CompletableFuture.complete(CompletableFuture.java:2147) ~[?:?]
	at net.minecraft.server.packs.resources.SimpleReloadInstance$1.m_10855_(SimpleReloadInstance.java:51) ~[server-1.18.2-20220404.173914-srg.jar%23257!/:?]
	at net.minecraft.server.packs.resources.SimpleReloadInstance$1.m_6769_(SimpleReloadInstance.java:48) ~[server-1.18.2-20220404.173914-srg.jar%23257!/:?]
	at java.util.concurrent.CompletableFuture$UniCompose.tryFire(CompletableFuture.java:1150) [?:?]
	at java.util.concurrent.CompletableFuture.postComplete(CompletableFuture.java:510) [?:?]
	at java.util.concurrent.CompletableFuture$AsyncSupply.run(CompletableFuture.java:1773) [?:?]
	at java.util.concurrent.CompletableFuture$AsyncSupply.exec(CompletableFuture.java:1760) [?:?]
	at java.util.concurrent.ForkJoinTask.doExec(ForkJoinTask.java:373) [?:?]
	at java.util.concurrent.ForkJoinPool$WorkQueue.topLevelExec(ForkJoinPool.java:1182) [?:?]
	at java.util.concurrent.ForkJoinPool.scan(ForkJoinPool.java:1655) [?:?]
	at java.util.concurrent.ForkJoinPool.runWorker(ForkJoinPool.java:1622) [?:?]
	at java.util.concurrent.ForkJoinWorkerThread.run(ForkJoinWorkerThread.java:165) [?:?]
[04Dec2025 01:08:17.206] [Worker-Main1/INFO] [net.minecraft.world.item.crafting.RecipeManager/]: Skipping loading recipe atmospheric:kousa_beehive as it's serializer returned null
[04Dec2025 01:08:17.207] [Worker-Main1/INFO] [net.minecraft.world.item.crafting.RecipeManager/]: Skipping loading recipe upgrade_aquatic:driftwood_boards as it's serializer returned null
[04Dec2025 01:08:17.214] [Worker-Main1/INFO] [net.minecraft.world.item.crafting.RecipeManager/]: Skipping loading recipe atmospheric:rosewood_ladder as it's serializer returned null
[04Dec2025 01:08:17.235] [Worker-Main1/INFO] [net.minecraft.world.item.crafting.RecipeManager/]: Skipping loading recipe atmospheric:grimwood_trapped_chest as it's serializer returned null
[04Dec2025 01:08:17.236] [Worker-Main1/INFO] [net.minecraft.world.item.crafting.RecipeManager/]: Skipping loading recipe atmospheric:aspen_furnace_boat as it's serializer returned null
[04Dec2025 01:08:17.240] [Worker-Main1/INFO] [net.minecraft.world.item.crafting.RecipeManager/]: Skipping loading recipe atmospheric:aspen_ladder as it's serializer returned null
[04Dec2025 01:08:17.249] [Worker-Main1/INFO] [net.minecraft.world.item.crafting.RecipeManager/]: Skipping loading recipe atmospheric:yucca_chest as it's serializer returned null
[04Dec2025 01:08:17.263] [Worker-Main1/INFO] [net.minecraft.world.item.crafting.RecipeManager/]: Skipping loading recipe upgrade_aquatic:river_leaves_from_river_leaf_pile as it's serializer returned null
[04Dec2025 01:08:17.265] [Worker-Main1/INFO] [net.minecraft.world.item.crafting.RecipeManager/]: Skipping loading recipe supplementaries:spiky_bomb as it's serializer returned null
[04Dec2025 01:08:17.271] [Worker-Main1/ERROR] [net.minecraft.world.item.crafting.RecipeManager/]: Parsing error loading recipe unusualend:chorus_petals_via_cutting
com.google.gson.JsonSyntaxException: Expected tool to be a JsonObject, was an array ([{"t..."}])
	at net.minecraft.util.GsonHelper.m_13918_(GsonHelper.java:398) ~[server-1.18.2-20220404.173914-srg.jar%23257!/:?]
	at net.minecraft.util.GsonHelper.m_13930_(GsonHelper.java:404) ~[server-1.18.2-20220404.173914-srg.jar%23257!/:?]
	at vectorwing.farmersdelight.common.crafting.CuttingBoardRecipe$Serializer.fromJson(CuttingBoardRecipe.java:153) ~[FarmersDelight-1.18.2-1.2.2.jar%23126!/:1.18.2-1.2.2]
	at vectorwing.farmersdelight.common.crafting.CuttingBoardRecipe$Serializer.m_6729_(CuttingBoardRecipe.java:144) ~[FarmersDelight-1.18.2-1.2.2.jar%23126!/:1.18.2-1.2.2]
	at net.minecraftforge.common.extensions.IForgeRecipeSerializer.fromJson(IForgeRecipeSerializer.java:23) ~[forge-1.18.2-40.2.21-universal.jar%23262!/:?]
	at net.minecraft.world.item.crafting.RecipeManager.fromJson(RecipeManager.java:157) ~[server-1.18.2-20220404.173914-srg.jar%23257!/:?]
	at net.minecraft.world.item.crafting.RecipeManager.m_5787_(RecipeManager.java:67) ~[server-1.18.2-20220404.173914-srg.jar%23257!/:?]
	at net.minecraft.world.item.crafting.RecipeManager.m_5787_(RecipeManager.java:34) ~[server-1.18.2-20220404.173914-srg.jar%23257!/:?]
	at net.minecraft.server.packs.resources.SimplePreparableReloadListener.m_10789_(SimplePreparableReloadListener.java:13) ~[server-1.18.2-20220404.173914-srg.jar%23257!/:?]
	at java.util.concurrent.CompletableFuture$UniAccept.tryFire(CompletableFuture.java:718) ~[?:?]
	at java.util.concurrent.CompletableFuture$Completion.run(CompletableFuture.java:482) ~[?:?]
	at net.minecraft.server.packs.resources.SimpleReloadInstance.m_143940_(SimpleReloadInstance.java:69) ~[server-1.18.2-20220404.173914-srg.jar%23257!/:?]
	at net.minecraft.server.packs.resources.SimpleReloadInstance.m_10834_(SimpleReloadInstance.java:68) ~[server-1.18.2-20220404.173914-srg.jar%23257!/:?]
	at java.util.concurrent.CompletableFuture$UniCompletion.claim(CompletableFuture.java:572) ~[?:?]
	at java.util.concurrent.CompletableFuture$UniAccept.tryFire(CompletableFuture.java:714) ~[?:?]
	at java.util.concurrent.CompletableFuture.postComplete(CompletableFuture.java:510) ~[?:?]
	at java.util.concurrent.CompletableFuture.postFire(CompletableFuture.java:614) ~[?:?]
	at java.util.concurrent.CompletableFuture$UniAccept.tryFire(CompletableFuture.java:726) ~[?:?]
	at java.util.concurrent.CompletableFuture$Completion.run(CompletableFuture.java:482) ~[?:?]
	at net.minecraft.server.packs.resources.SimpleReloadInstance.m_143940_(SimpleReloadInstance.java:69) ~[server-1.18.2-20220404.173914-srg.jar%23257!/:?]
	at net.minecraft.server.packs.resources.SimpleReloadInstance.m_10834_(SimpleReloadInstance.java:68) ~[server-1.18.2-20220404.173914-srg.jar%23257!/:?]
	at java.util.concurrent.CompletableFuture$UniCompletion.claim(CompletableFuture.java:572) ~[?:?]
	at java.util.concurrent.CompletableFuture$UniAccept.tryFire(CompletableFuture.java:714) ~[?:?]
	at java.util.concurrent.CompletableFuture.postComplete(CompletableFuture.java:510) ~[?:?]
	at java.util.concurrent.CompletableFuture.postFire(CompletableFuture.java:614) ~[?:?]
	at java.util.concurrent.CompletableFuture$UniAccept.tryFire(CompletableFuture.java:726) ~[?:?]
	at java.util.concurrent.CompletableFuture$Completion.run(CompletableFuture.java:482) ~[?:?]
	at net.minecraft.server.packs.resources.SimpleReloadInstance.m_143940_(SimpleReloadInstance.java:69) ~[server-1.18.2-20220404.173914-srg.jar%23257!/:?]
	at net.minecraft.server.packs.resources.SimpleReloadInstance.m_10834_(SimpleReloadInstance.java:68) ~[server-1.18.2-20220404.173914-srg.jar%23257!/:?]
	at java.util.concurrent.CompletableFuture$UniCompletion.claim(CompletableFuture.java:572) ~[?:?]
	at java.util.concurrent.CompletableFuture$UniAccept.tryFire(CompletableFuture.java:714) ~[?:?]
	at java.util.concurrent.CompletableFuture.postComplete(CompletableFuture.java:510) ~[?:?]
	at java.util.concurrent.CompletableFuture.complete(CompletableFuture.java:2147) ~[?:?]
	at net.minecraft.server.packs.resources.SimpleReloadInstance$1.m_10855_(SimpleReloadInstance.java:51) ~[server-1.18.2-20220404.173914-srg.jar%23257!/:?]
	at net.minecraft.server.packs.resources.SimpleReloadInstance$1.m_6769_(SimpleReloadInstance.java:48) ~[server-1.18.2-20220404.173914-srg.jar%23257!/:?]
	at java.util.concurrent.CompletableFuture$UniCompose.tryFire(CompletableFuture.java:1150) [?:?]
	at java.util.concurrent.CompletableFuture.postComplete(CompletableFuture.java:510) [?:?]
	at java.util.concurrent.CompletableFuture$AsyncSupply.run(CompletableFuture.java:1773) [?:?]
	at java.util.concurrent.CompletableFuture$AsyncSupply.exec(CompletableFuture.java:1760) [?:?]
	at java.util.concurrent.ForkJoinTask.doExec(ForkJoinTask.java:373) [?:?]
	at java.util.concurrent.ForkJoinPool$WorkQueue.topLevelExec(ForkJoinPool.java:1182) [?:?]
	at java.util.concurrent.ForkJoinPool.scan(ForkJoinPool.java:1655) [?:?]
	at java.util.concurrent.ForkJoinPool.runWorker(ForkJoinPool.java:1622) [?:?]
	at java.util.concurrent.ForkJoinWorkerThread.run(ForkJoinWorkerThread.java:165) [?:?]
[04Dec2025 01:08:17.277] [Worker-Main1/INFO] [net.minecraft.world.item.crafting.RecipeManager/]: Skipping loading recipe atmospheric:yucca_leaves_from_yucca_leaf_pile as it's serializer returned null
[04Dec2025 01:08:17.278] [Worker-Main1/INFO] [net.minecraft.world.item.crafting.RecipeManager/]: Skipping loading recipe atmospheric:flowering_morado_leaf_pile as it's serializer returned null
[04Dec2025 01:08:17.283] [Worker-Main1/INFO] [net.minecraft.world.item.crafting.RecipeManager/]: Skipping loading recipe atmospheric:kousa_bookshelf as it's serializer returned null
[04Dec2025 01:08:17.295] [Worker-Main1/INFO] [net.minecraft.world.item.crafting.RecipeManager/]: Skipping loading recipe atmospheric:rosewood_chest as it's serializer returned null
[04Dec2025 01:08:17.296] [Worker-Main1/INFO] [net.minecraft.world.item.crafting.RecipeManager/]: Skipping loading recipe upgrade_aquatic:river_chest as it's serializer returned null
[04Dec2025 01:08:17.322] [Worker-Main1/INFO] [net.minecraft.world.item.crafting.RecipeManager/]: Skipping loading recipe upgrade_aquatic:river_chest_wood as it's serializer returned null
[04Dec2025 01:08:17.325] [Worker-Main1/INFO] [net.minecraft.world.item.crafting.RecipeManager/]: Skipping loading recipe upgrade_aquatic:river_leaf_pile as it's serializer returned null
[04Dec2025 01:08:17.334] [Worker-Main1/INFO] [net.minecraft.world.item.crafting.RecipeManager/]: Skipping loading recipe atmospheric:morado_furnace_boat as it's serializer returned null
[04Dec2025 01:08:17.334] [Worker-Main1/INFO] [net.minecraft.world.item.crafting.RecipeManager/]: Skipping loading recipe atmospheric:large_aspen_boat as it's serializer returned null
[04Dec2025 01:08:17.347] [Worker-Main1/ERROR] [net.minecraft.world.item.crafting.RecipeManager/]: Parsing error loading recipe beyond_earth:smeltery/melting/metal/calorite/ore
com.google.gson.JsonSyntaxException: Missing rate, expected to find a string
	at net.minecraft.util.GsonHelper.m_13906_(GsonHelper.java:112) ~[server-1.18.2-20220404.173914-srg.jar%23257!/:?]
	at slimeknights.tconstruct.library.recipe.melting.IMeltingContainer$OreRateType.parse(IMeltingContainer.java:41) ~[TConstruct-1.18.2-3.6.4.113.jar%23227!/:1.18.2-3.6.4.113]
	at slimeknights.tconstruct.library.recipe.melting.OreMeltingRecipe$Serializer.createFromJson(OreMeltingRecipe.java:44) ~[TConstruct-1.18.2-3.6.4.113.jar%23227!/:1.18.2-3.6.4.113]
	at slimeknights.tconstruct.library.recipe.melting.OreMeltingRecipe$Serializer.createFromJson(OreMeltingRecipe.java:41) ~[TConstruct-1.18.2-3.6.4.113.jar%23227!/:1.18.2-3.6.4.113]
	at slimeknights.tconstruct.library.recipe.melting.MeltingRecipe$AbstractSerializer.fromJson(MeltingRecipe.java:142) ~[TConstruct-1.18.2-3.6.4.113.jar%23227!/:1.18.2-3.6.4.113]
	at slimeknights.tconstruct.library.recipe.melting.OreMeltingRecipe$Serializer.fromJson(OreMeltingRecipe.java:41) ~[TConstruct-1.18.2-3.6.4.113.jar%23227!/:1.18.2-3.6.4.113]
	at slimeknights.tconstruct.library.recipe.melting.MeltingRecipe$AbstractSerializer.m_6729_(MeltingRecipe.java:118) ~[TConstruct-1.18.2-3.6.4.113.jar%23227!/:1.18.2-3.6.4.113]
	at net.minecraftforge.common.extensions.IForgeRecipeSerializer.fromJson(IForgeRecipeSerializer.java:23) ~[forge-1.18.2-40.2.21-universal.jar%23262!/:?]
	at net.minecraft.world.item.crafting.RecipeManager.fromJson(RecipeManager.java:157) ~[server-1.18.2-20220404.173914-srg.jar%23257!/:?]
	at net.minecraft.world.item.crafting.RecipeManager.m_5787_(RecipeManager.java:67) ~[server-1.18.2-20220404.173914-srg.jar%23257!/:?]
	at net.minecraft.world.item.crafting.RecipeManager.m_5787_(RecipeManager.java:34) ~[server-1.18.2-20220404.173914-srg.jar%23257!/:?]
	at net.minecraft.server.packs.resources.SimplePreparableReloadListener.m_10789_(SimplePreparableReloadListener.java:13) ~[server-1.18.2-20220404.173914-srg.jar%23257!/:?]
	at java.util.concurrent.CompletableFuture$UniAccept.tryFire(CompletableFuture.java:718) ~[?:?]
	at java.util.concurrent.CompletableFuture$Completion.run(CompletableFuture.java:482) ~[?:?]
	at net.minecraft.server.packs.resources.SimpleReloadInstance.m_143940_(SimpleReloadInstance.java:69) ~[server-1.18.2-20220404.173914-srg.jar%23257!/:?]
	at net.minecraft.server.packs.resources.SimpleReloadInstance.m_10834_(SimpleReloadInstance.java:68) ~[server-1.18.2-20220404.173914-srg.jar%23257!/:?]
	at java.util.concurrent.CompletableFuture$UniCompletion.claim(CompletableFuture.java:572) ~[?:?]
	at java.util.concurrent.CompletableFuture$UniAccept.tryFire(CompletableFuture.java:714) ~[?:?]
	at java.util.concurrent.CompletableFuture.postComplete(CompletableFuture.java:510) ~[?:?]
	at java.util.concurrent.CompletableFuture.postFire(CompletableFuture.java:614) ~[?:?]
	at java.util.concurrent.CompletableFuture$UniAccept.tryFire(CompletableFuture.java:726) ~[?:?]
	at java.util.concurrent.CompletableFuture$Completion.run(CompletableFuture.java:482) ~[?:?]
	at net.minecraft.server.packs.resources.SimpleReloadInstance.m_143940_(SimpleReloadInstance.java:69) ~[server-1.18.2-20220404.173914-srg.jar%23257!/:?]
	at net.minecraft.server.packs.resources.SimpleReloadInstance.m_10834_(SimpleReloadInstance.java:68) ~[server-1.18.2-20220404.173914-srg.jar%23257!/:?]
	at java.util.concurrent.CompletableFuture$UniCompletion.claim(CompletableFuture.java:572) ~[?:?]
	at java.util.concurrent.CompletableFuture$UniAccept.tryFire(CompletableFuture.java:714) ~[?:?]
	at java.util.concurrent.CompletableFuture.postComplete(CompletableFuture.java:510) ~[?:?]
	at java.util.concurrent.CompletableFuture.postFire(CompletableFuture.java:614) ~[?:?]
	at java.util.concurrent.CompletableFuture$UniAccept.tryFire(CompletableFuture.java:726) ~[?:?]
	at java.util.concurrent.CompletableFuture$Completion.run(CompletableFuture.java:482) ~[?:?]
	at net.minecraft.server.packs.resources.SimpleReloadInstance.m_143940_(SimpleReloadInstance.java:69) ~[server-1.18.2-20220404.173914-srg.jar%23257!/:?]
	at net.minecraft.server.packs.resources.SimpleReloadInstance.m_10834_(SimpleReloadInstance.java:68) ~[server-1.18.2-20220404.173914-srg.jar%23257!/:?]
	at java.util.concurrent.CompletableFuture$UniCompletion.claim(CompletableFuture.java:572) ~[?:?]
	at java.util.concurrent.CompletableFuture$UniAccept.tryFire(CompletableFuture.java:714) ~[?:?]
	at java.util.concurrent.CompletableFuture.postComplete(CompletableFuture.java:510) ~[?:?]
	at java.util.concurrent.CompletableFuture.complete(CompletableFuture.java:2147) ~[?:?]
	at net.minecraft.server.packs.resources.SimpleReloadInstance$1.m_10855_(SimpleReloadInstance.java:51) ~[server-1.18.2-20220404.173914-srg.jar%23257!/:?]
	at net.minecraft.server.packs.resources.SimpleReloadInstance$1.m_6769_(SimpleReloadInstance.java:48) ~[server-1.18.2-20220404.173914-srg.jar%23257!/:?]
	at java.util.concurrent.CompletableFuture$UniCompose.tryFire(CompletableFuture.java:1150) [?:?]
	at java.util.concurrent.CompletableFuture.postComplete(CompletableFuture.java:510) [?:?]
	at java.util.concurrent.CompletableFuture$AsyncSupply.run(CompletableFuture.java:1773) [?:?]
	at java.util.concurrent.CompletableFuture$AsyncSupply.exec(CompletableFuture.java:1760) [?:?]
	at java.util.concurrent.ForkJoinTask.doExec(ForkJoinTask.java:373) [?:?]
	at java.util.concurrent.ForkJoinPool$WorkQueue.topLevelExec(ForkJoinPool.java:1182) [?:?]
	at java.util.concurrent.ForkJoinPool.scan(ForkJoinPool.java:1655) [?:?]
	at java.util.concurrent.ForkJoinPool.runWorker(ForkJoinPool.java:1622) [?:?]
	at java.util.concurrent.ForkJoinWorkerThread.run(ForkJoinWorkerThread.java:165) [?:?]
[04Dec2025 01:08:17.369] [Worker-Main1/INFO] [net.minecraft.world.item.crafting.RecipeManager/]: Skipping loading recipe atmospheric:kousa_boards as it's serializer returned null
[04Dec2025 01:08:17.373] [Worker-Main1/INFO] [net.minecraft.world.item.crafting.RecipeManager/]: Skipping loading recipe atmospheric:aspen_beehive as it's serializer returned null
[04Dec2025 01:08:17.376] [Worker-Main1/INFO] [net.minecraft.world.item.crafting.RecipeManager/]: Skipping loading recipe supplementaries:inspirations/flag_clear as it's serializer returned null
[04Dec2025 01:08:17.379] [Worker-Main1/INFO] [net.minecraft.world.item.crafting.RecipeManager/]: Skipping loading recipe atmospheric:kousa_trapped_chest as it's serializer returned null
[04Dec2025 01:08:17.394] [Worker-Main1/INFO] [net.minecraft.world.item.crafting.RecipeManager/]: Skipping loading recipe atmospheric:morado_trapped_chest as it's serializer returned null
[04Dec2025 01:08:17.395] [Worker-Main1/INFO] [net.minecraft.world.item.crafting.RecipeManager/]: Skipping loading recipe atmospheric:morado_leaf_pile as it's serializer returned null
[04Dec2025 01:08:17.396] [Worker-Main1/INFO] [net.minecraft.world.item.crafting.RecipeManager/]: Skipping loading recipe upgrade_aquatic:driftwood_chest as it's serializer returned null
[04Dec2025 01:08:17.405] [Worker-Main1/ERROR] [net.minecraft.world.item.crafting.RecipeManager/]: Parsing error loading recipe ageofweapons:middle_ages/round_shield_netherite
com.google.gson.JsonSyntaxException: Unknown item 'ageofweapons:round_shield_diamond'
	at net.minecraft.world.item.crafting.ShapedRecipe.m_151280_(ShapedRecipe.java:276) ~[server-1.18.2-20220404.173914-srg.jar%23257!/:?]
	at java.util.Optional.orElseThrow(Optional.java:403) ~[?:?]
	at net.minecraft.world.item.crafting.ShapedRecipe.m_151278_(ShapedRecipe.java:275) ~[server-1.18.2-20220404.173914-srg.jar%23257!/:?]
	at net.minecraft.world.item.crafting.Ingredient.m_43919_(Ingredient.java:222) ~[server-1.18.2-20220404.173914-srg.jar%23257!/:?]
	at net.minecraftforge.common.crafting.VanillaIngredientSerializer.parse(VanillaIngredientSerializer.java:27) ~[forge-1.18.2-40.2.21-universal.jar%23262!/:?]
	at net.minecraftforge.common.crafting.CraftingHelper.getIngredient(CraftingHelper.java:143) ~[forge-1.18.2-40.2.21-universal.jar%23262!/:?]
	at net.minecraft.world.item.crafting.Ingredient.m_43917_(Ingredient.java:197) ~[server-1.18.2-20220404.173914-srg.jar%23257!/:?]
	at net.minecraft.world.item.crafting.UpgradeRecipe$Serializer.m_6729_(UpgradeRecipe.java:77) ~[server-1.18.2-20220404.173914-srg.jar%23257!/:?]
	at net.minecraft.world.item.crafting.UpgradeRecipe$Serializer.m_6729_(UpgradeRecipe.java:75) ~[server-1.18.2-20220404.173914-srg.jar%23257!/:?]
	at net.minecraftforge.common.extensions.IForgeRecipeSerializer.fromJson(IForgeRecipeSerializer.java:23) ~[forge-1.18.2-40.2.21-universal.jar%23262!/:?]
	at net.minecraft.world.item.crafting.RecipeManager.fromJson(RecipeManager.java:157) ~[server-1.18.2-20220404.173914-srg.jar%23257!/:?]
	at net.minecraft.world.item.crafting.RecipeManager.m_5787_(RecipeManager.java:67) ~[server-1.18.2-20220404.173914-srg.jar%23257!/:?]
	at net.minecraft.world.item.crafting.RecipeManager.m_5787_(RecipeManager.java:34) ~[server-1.18.2-20220404.173914-srg.jar%23257!/:?]
	at net.minecraft.server.packs.resources.SimplePreparableReloadListener.m_10789_(SimplePreparableReloadListener.java:13) ~[server-1.18.2-20220404.173914-srg.jar%23257!/:?]
	at java.util.concurrent.CompletableFuture$UniAccept.tryFire(CompletableFuture.java:718) ~[?:?]
	at java.util.concurrent.CompletableFuture$Completion.run(CompletableFuture.java:482) ~[?:?]
	at net.minecraft.server.packs.resources.SimpleReloadInstance.m_143940_(SimpleReloadInstance.java:69) ~[server-1.18.2-20220404.173914-srg.jar%23257!/:?]
	at net.minecraft.server.packs.resources.SimpleReloadInstance.m_10834_(SimpleReloadInstance.java:68) ~[server-1.18.2-20220404.173914-srg.jar%23257!/:?]
	at java.util.concurrent.CompletableFuture$UniCompletion.claim(CompletableFuture.java:572) ~[?:?]
	at java.util.concurrent.CompletableFuture$UniAccept.tryFire(CompletableFuture.java:714) ~[?:?]
	at java.util.concurrent.CompletableFuture.postComplete(CompletableFuture.java:510) ~[?:?]
	at java.util.concurrent.CompletableFuture.postFire(CompletableFuture.java:614) ~[?:?]
	at java.util.concurrent.CompletableFuture$UniAccept.tryFire(CompletableFuture.java:726) ~[?:?]
	at java.util.concurrent.CompletableFuture$Completion.run(CompletableFuture.java:482) ~[?:?]
	at net.minecraft.server.packs.resources.SimpleReloadInstance.m_143940_(SimpleReloadInstance.java:69) ~[server-1.18.2-20220404.173914-srg.jar%23257!/:?]
	at net.minecraft.server.packs.resources.SimpleReloadInstance.m_10834_(SimpleReloadInstance.java:68) ~[server-1.18.2-20220404.173914-srg.jar%23257!/:?]
	at java.util.concurrent.CompletableFuture$UniCompletion.claim(CompletableFuture.java:572) ~[?:?]
	at java.util.concurrent.CompletableFuture$UniAccept.tryFire(CompletableFuture.java:714) ~[?:?]
	at java.util.concurrent.CompletableFuture.postComplete(CompletableFuture.java:510) ~[?:?]
	at java.util.concurrent.CompletableFuture.postFire(CompletableFuture.java:614) ~[?:?]
	at java.util.concurrent.CompletableFuture$UniAccept.tryFire(CompletableFuture.java:726) ~[?:?]
	at java.util.concurrent.CompletableFuture$Completion.run(CompletableFuture.java:482) ~[?:?]
	at net.minecraft.server.packs.resources.SimpleReloadInstance.m_143940_(SimpleReloadInstance.java:69) ~[server-1.18.2-20220404.173914-srg.jar%23257!/:?]
	at net.minecraft.server.packs.resources.SimpleReloadInstance.m_10834_(SimpleReloadInstance.java:68) ~[server-1.18.2-20220404.173914-srg.jar%23257!/:?]
	at java.util.concurrent.CompletableFuture$UniCompletion.claim(CompletableFuture.java:572) ~[?:?]
	at java.util.concurrent.CompletableFuture$UniAccept.tryFire(CompletableFuture.java:714) ~[?:?]
	at java.util.concurrent.CompletableFuture.postComplete(CompletableFuture.java:510) ~[?:?]
	at java.util.concurrent.CompletableFuture.complete(CompletableFuture.java:2147) ~[?:?]
	at net.minecraft.server.packs.resources.SimpleReloadInstance$1.m_10855_(SimpleReloadInstance.java:51) ~[server-1.18.2-20220404.173914-srg.jar%23257!/:?]
	at net.minecraft.server.packs.resources.SimpleReloadInstance$1.m_6769_(SimpleReloadInstance.java:48) ~[server-1.18.2-20220404.173914-srg.jar%23257!/:?]
	at java.util.concurrent.CompletableFuture$UniCompose.tryFire(CompletableFuture.java:1150) [?:?]
	at java.util.concurrent.CompletableFuture.postComplete(CompletableFuture.java:510) [?:?]
	at java.util.concurrent.CompletableFuture$AsyncSupply.run(CompletableFuture.java:1773) [?:?]
	at java.util.concurrent.CompletableFuture$AsyncSupply.exec(CompletableFuture.java:1760) [?:?]
	at java.util.concurrent.ForkJoinTask.doExec(ForkJoinTask.java:373) [?:?]
	at java.util.concurrent.ForkJoinPool$WorkQueue.topLevelExec(ForkJoinPool.java:1182) [?:?]
	at java.util.concurrent.ForkJoinPool.scan(ForkJoinPool.java:1655) [?:?]
	at java.util.concurrent.ForkJoinPool.runWorker(ForkJoinPool.java:1622) [?:?]
	at java.util.concurrent.ForkJoinWorkerThread.run(ForkJoinWorkerThread.java:165) [?:?]
[04Dec2025 01:08:17.413] [Worker-Main1/INFO] [net.minecraft.world.item.crafting.RecipeManager/]: Skipping loading recipe atmospheric:morado_chest as it's serializer returned null
[04Dec2025 01:08:17.416] [Worker-Main1/INFO] [net.minecraft.world.item.crafting.RecipeManager/]: Skipping loading recipe upgrade_aquatic:vertical_river_planks_revert as it's serializer returned null
[04Dec2025 01:08:17.419] [Worker-Main1/INFO] [net.minecraft.world.item.crafting.RecipeManager/]: Skipping loading recipe upgrade_aquatic:vertical_driftwood_planks_revert as it's serializer returned null
[04Dec2025 01:08:17.436] [Worker-Main1/INFO] [net.minecraft.world.item.crafting.RecipeManager/]: Skipping loading recipe upgrade_aquatic:driftwood_bookshelf as it's serializer returned null
[04Dec2025 01:08:17.440] [Worker-Main1/INFO] [net.minecraft.world.item.crafting.RecipeManager/]: Skipping loading recipe atmospheric:yucca_leaf_pile as it's serializer returned null
[04Dec2025 01:08:17.442] [Worker-Main1/ERROR] [net.minecraft.world.item.crafting.RecipeManager/]: Parsing error loading recipe beyond_earth:smeltery/melting/metal/calorite/raw
com.google.gson.JsonSyntaxException: Missing rate, expected to find a string
	at net.minecraft.util.GsonHelper.m_13906_(GsonHelper.java:112) ~[server-1.18.2-20220404.173914-srg.jar%23257!/:?]
	at slimeknights.tconstruct.library.recipe.melting.IMeltingContainer$OreRateType.parse(IMeltingContainer.java:41) ~[TConstruct-1.18.2-3.6.4.113.jar%23227!/:1.18.2-3.6.4.113]
	at slimeknights.tconstruct.library.recipe.melting.OreMeltingRecipe$Serializer.createFromJson(OreMeltingRecipe.java:44) ~[TConstruct-1.18.2-3.6.4.113.jar%23227!/:1.18.2-3.6.4.113]
	at slimeknights.tconstruct.library.recipe.melting.OreMeltingRecipe$Serializer.createFromJson(OreMeltingRecipe.java:41) ~[TConstruct-1.18.2-3.6.4.113.jar%23227!/:1.18.2-3.6.4.113]
	at slimeknights.tconstruct.library.recipe.melting.MeltingRecipe$AbstractSerializer.fromJson(MeltingRecipe.java:142) ~[TConstruct-1.18.2-3.6.4.113.jar%23227!/:1.18.2-3.6.4.113]
	at slimeknights.tconstruct.library.recipe.melting.OreMeltingRecipe$Serializer.fromJson(OreMeltingRecipe.java:41) ~[TConstruct-1.18.2-3.6.4.113.jar%23227!/:1.18.2-3.6.4.113]
	at slimeknights.tconstruct.library.recipe.melting.MeltingRecipe$AbstractSerializer.m_6729_(MeltingRecipe.java:118) ~[TConstruct-1.18.2-3.6.4.113.jar%23227!/:1.18.2-3.6.4.113]
	at net.minecraftforge.common.extensions.IForgeRecipeSerializer.fromJson(IForgeRecipeSerializer.java:23) ~[forge-1.18.2-40.2.21-universal.jar%23262!/:?]
	at net.minecraft.world.item.crafting.RecipeManager.fromJson(RecipeManager.java:157) ~[server-1.18.2-20220404.173914-srg.jar%23257!/:?]
	at net.minecraft.world.item.crafting.RecipeManager.m_5787_(RecipeManager.java:67) ~[server-1.18.2-20220404.173914-srg.jar%23257!/:?]
	at net.minecraft.world.item.crafting.RecipeManager.m_5787_(RecipeManager.java:34) ~[server-1.18.2-20220404.173914-srg.jar%23257!/:?]
	at net.minecraft.server.packs.resources.SimplePreparableReloadListener.m_10789_(SimplePreparableReloadListener.java:13) ~[server-1.18.2-20220404.173914-srg.jar%23257!/:?]
	at java.util.concurrent.CompletableFuture$UniAccept.tryFire(CompletableFuture.java:718) ~[?:?]
	at java.util.concurrent.CompletableFuture$Completion.run(CompletableFuture.java:482) ~[?:?]
	at net.minecraft.server.packs.resources.SimpleReloadInstance.m_143940_(SimpleReloadInstance.java:69) ~[server-1.18.2-20220404.173914-srg.jar%23257!/:?]
	at net.minecraft.server.packs.resources.SimpleReloadInstance.m_10834_(SimpleReloadInstance.java:68) ~[server-1.18.2-20220404.173914-srg.jar%23257!/:?]
	at java.util.concurrent.CompletableFuture$UniCompletion.claim(CompletableFuture.java:572) ~[?:?]
	at java.util.concurrent.CompletableFuture$UniAccept.tryFire(CompletableFuture.java:714) ~[?:?]
	at java.util.concurrent.CompletableFuture.postComplete(CompletableFuture.java:510) ~[?:?]
	at java.util.concurrent.CompletableFuture.postFire(CompletableFuture.java:614) ~[?:?]
	at java.util.concurrent.CompletableFuture$UniAccept.tryFire(CompletableFuture.java:726) ~[?:?]
	at java.util.concurrent.CompletableFuture$Completion.run(CompletableFuture.java:482) ~[?:?]
	at net.minecraft.server.packs.resources.SimpleReloadInstance.m_143940_(SimpleReloadInstance.java:69) ~[server-1.18.2-20220404.173914-srg.jar%23257!/:?]
	at net.minecraft.server.packs.resources.SimpleReloadInstance.m_10834_(SimpleReloadInstance.java:68) ~[server-1.18.2-20220404.173914-srg.jar%23257!/:?]
	at java.util.concurrent.CompletableFuture$UniCompletion.claim(CompletableFuture.java:572) ~[?:?]
	at java.util.concurrent.CompletableFuture$UniAccept.tryFire(CompletableFuture.java:714) ~[?:?]
	at java.util.concurrent.CompletableFuture.postComplete(CompletableFuture.java:510) ~[?:?]
	at java.util.concurrent.CompletableFuture.postFire(CompletableFuture.java:614) ~[?:?]
	at java.util.concurrent.CompletableFuture$UniAccept.tryFire(CompletableFuture.java:726) ~[?:?]
	at java.util.concurrent.CompletableFuture$Completion.run(CompletableFuture.java:482) ~[?:?]
	at net.minecraft.server.packs.resources.SimpleReloadInstance.m_143940_(SimpleReloadInstance.java:69) ~[server-1.18.2-20220404.173914-srg.jar%23257!/:?]
	at net.minecraft.server.packs.resources.SimpleReloadInstance.m_10834_(SimpleReloadInstance.java:68) ~[server-1.18.2-20220404.173914-srg.jar%23257!/:?]
	at java.util.concurrent.CompletableFuture$UniCompletion.claim(CompletableFuture.java:572) ~[?:?]
	at java.util.concurrent.CompletableFuture$UniAccept.tryFire(CompletableFuture.java:714) ~[?:?]
	at java.util.concurrent.CompletableFuture.postComplete(CompletableFuture.java:510) ~[?:?]
	at java.util.concurrent.CompletableFuture.complete(CompletableFuture.java:2147) ~[?:?]
	at net.minecraft.server.packs.resources.SimpleReloadInstance$1.m_10855_(SimpleReloadInstance.java:51) ~[server-1.18.2-20220404.173914-srg.jar%23257!/:?]
	at net.minecraft.server.packs.resources.SimpleReloadInstance$1.m_6769_(SimpleReloadInstance.java:48) ~[server-1.18.2-20220404.173914-srg.jar%23257!/:?]
	at java.util.concurrent.CompletableFuture$UniCompose.tryFire(CompletableFuture.java:1150) [?:?]
	at java.util.concurrent.CompletableFuture.postComplete(CompletableFuture.java:510) [?:?]
	at java.util.concurrent.CompletableFuture$AsyncSupply.run(CompletableFuture.java:1773) [?:?]
	at java.util.concurrent.CompletableFuture$AsyncSupply.exec(CompletableFuture.java:1760) [?:?]
	at java.util.concurrent.ForkJoinTask.doExec(ForkJoinTask.java:373) [?:?]
	at java.util.concurrent.ForkJoinPool$WorkQueue.topLevelExec(ForkJoinPool.java:1182) [?:?]
	at java.util.concurrent.ForkJoinPool.scan(ForkJoinPool.java:1655) [?:?]
	at java.util.concurrent.ForkJoinPool.runWorker(ForkJoinPool.java:1622) [?:?]
	at java.util.concurrent.ForkJoinWorkerThread.run(ForkJoinWorkerThread.java:165) [?:?]
[04Dec2025 01:08:17.454] [Worker-Main1/INFO] [net.minecraft.world.item.crafting.RecipeManager/]: Skipping loading recipe supplementaries:brass_lantern as it's serializer returned null
[04Dec2025 01:08:17.454] [Worker-Main1/INFO] [net.minecraft.world.item.crafting.RecipeManager/]: Skipping loading recipe upgrade_aquatic:river_boards as it's serializer returned null
[04Dec2025 01:08:17.455] [Worker-Main1/INFO] [net.minecraft.world.item.crafting.RecipeManager/]: Skipping loading recipe atmospheric:grimwood_leaves_from_grimwood_leaf_pile as it's serializer returned null
[04Dec2025 01:08:17.458] [Worker-Main1/INFO] [net.minecraft.world.item.crafting.RecipeManager/]: Skipping loading recipe atmospheric:rosewood_trapped_chest as it's serializer returned null
[04Dec2025 01:08:17.459] [Worker-Main1/INFO] [net.minecraft.world.item.crafting.RecipeManager/]: Skipping loading recipe atmospheric:large_morado_boat as it's serializer returned null
[04Dec2025 01:08:17.462] [Worker-Main1/INFO] [net.minecraft.world.item.crafting.RecipeManager/]: Skipping loading recipe supplementaries:inspirations/blackboard_clear as it's serializer returned null
[04Dec2025 01:08:17.473] [Worker-Main1/INFO] [net.minecraft.world.item.crafting.RecipeManager/]: Skipping loading recipe atmospheric:morado_leaves_from_morado_leaf_pile as it's serializer returned null
[04Dec2025 01:08:17.481] [Worker-Main1/ERROR] [net.minecraft.world.item.crafting.RecipeManager/]: Parsing error loading recipe beyond_earth:smeltery/melting/metal/desh/raw_block
com.google.gson.JsonSyntaxException: Missing rate, expected to find a string
	at net.minecraft.util.GsonHelper.m_13906_(GsonHelper.java:112) ~[server-1.18.2-20220404.173914-srg.jar%23257!/:?]
	at slimeknights.tconstruct.library.recipe.melting.IMeltingContainer$OreRateType.parse(IMeltingContainer.java:41) ~[TConstruct-1.18.2-3.6.4.113.jar%23227!/:1.18.2-3.6.4.113]
	at slimeknights.tconstruct.library.recipe.melting.OreMeltingRecipe$Serializer.createFromJson(OreMeltingRecipe.java:44) ~[TConstruct-1.18.2-3.6.4.113.jar%23227!/:1.18.2-3.6.4.113]
	at slimeknights.tconstruct.library.recipe.melting.OreMeltingRecipe$Serializer.createFromJson(OreMeltingRecipe.java:41) ~[TConstruct-1.18.2-3.6.4.113.jar%23227!/:1.18.2-3.6.4.113]
	at slimeknights.tconstruct.library.recipe.melting.MeltingRecipe$AbstractSerializer.fromJson(MeltingRecipe.java:142) ~[TConstruct-1.18.2-3.6.4.113.jar%23227!/:1.18.2-3.6.4.113]
	at slimeknights.tconstruct.library.recipe.melting.OreMeltingRecipe$Serializer.fromJson(OreMeltingRecipe.java:41) ~[TConstruct-1.18.2-3.6.4.113.jar%23227!/:1.18.2-3.6.4.113]
	at slimeknights.tconstruct.library.recipe.melting.MeltingRecipe$AbstractSerializer.m_6729_(MeltingRecipe.java:118) ~[TConstruct-1.18.2-3.6.4.113.jar%23227!/:1.18.2-3.6.4.113]
	at net.minecraftforge.common.extensions.IForgeRecipeSerializer.fromJson(IForgeRecipeSerializer.java:23) ~[forge-1.18.2-40.2.21-universal.jar%23262!/:?]
	at net.minecraft.world.item.crafting.RecipeManager.fromJson(RecipeManager.java:157) ~[server-1.18.2-20220404.173914-srg.jar%23257!/:?]
	at net.minecraft.world.item.crafting.RecipeManager.m_5787_(RecipeManager.java:67) ~[server-1.18.2-20220404.173914-srg.jar%23257!/:?]
	at net.minecraft.world.item.crafting.RecipeManager.m_5787_(RecipeManager.java:34) ~[server-1.18.2-20220404.173914-srg.jar%23257!/:?]
	at net.minecraft.server.packs.resources.SimplePreparableReloadListener.m_10789_(SimplePreparableReloadListener.java:13) ~[server-1.18.2-20220404.173914-srg.jar%23257!/:?]
	at java.util.concurrent.CompletableFuture$UniAccept.tryFire(CompletableFuture.java:718) ~[?:?]
	at java.util.concurrent.CompletableFuture$Completion.run(CompletableFuture.java:482) ~[?:?]
	at net.minecraft.server.packs.resources.SimpleReloadInstance.m_143940_(SimpleReloadInstance.java:69) ~[server-1.18.2-20220404.173914-srg.jar%23257!/:?]
	at net.minecraft.server.packs.resources.SimpleReloadInstance.m_10834_(SimpleReloadInstance.java:68) ~[server-1.18.2-20220404.173914-srg.jar%23257!/:?]
	at java.util.concurrent.CompletableFuture$UniCompletion.claim(CompletableFuture.java:572) ~[?:?]
	at java.util.concurrent.CompletableFuture$UniAccept.tryFire(CompletableFuture.java:714) ~[?:?]
	at java.util.concurrent.CompletableFuture.postComplete(CompletableFuture.java:510) ~[?:?]
	at java.util.concurrent.CompletableFuture.postFire(CompletableFuture.java:614) ~[?:?]
	at java.util.concurrent.CompletableFuture$UniAccept.tryFire(CompletableFuture.java:726) ~[?:?]
	at java.util.concurrent.CompletableFuture$Completion.run(CompletableFuture.java:482) ~[?:?]
	at net.minecraft.server.packs.resources.SimpleReloadInstance.m_143940_(SimpleReloadInstance.java:69) ~[server-1.18.2-20220404.173914-srg.jar%23257!/:?]
	at net.minecraft.server.packs.resources.SimpleReloadInstance.m_10834_(SimpleReloadInstance.java:68) ~[server-1.18.2-20220404.173914-srg.jar%23257!/:?]
	at java.util.concurrent.CompletableFuture$UniCompletion.claim(CompletableFuture.java:572) ~[?:?]
	at java.util.concurrent.CompletableFuture$UniAccept.tryFire(CompletableFuture.java:714) ~[?:?]
	at java.util.concurrent.CompletableFuture.postComplete(CompletableFuture.java:510) ~[?:?]
	at java.util.concurrent.CompletableFuture.postFire(CompletableFuture.java:614) ~[?:?]
	at java.util.concurrent.CompletableFuture$UniAccept.tryFire(CompletableFuture.java:726) ~[?:?]
	at java.util.concurrent.CompletableFuture$Completion.run(CompletableFuture.java:482) ~[?:?]
	at net.minecraft.server.packs.resources.SimpleReloadInstance.m_143940_(SimpleReloadInstance.java:69) ~[server-1.18.2-20220404.173914-srg.jar%23257!/:?]
	at net.minecraft.server.packs.resources.SimpleReloadInstance.m_10834_(SimpleReloadInstance.java:68) ~[server-1.18.2-20220404.173914-srg.jar%23257!/:?]
	at java.util.concurrent.CompletableFuture$UniCompletion.claim(CompletableFuture.java:572) ~[?:?]
	at java.util.concurrent.CompletableFuture$UniAccept.tryFire(CompletableFuture.java:714) ~[?:?]
	at java.util.concurrent.CompletableFuture.postComplete(CompletableFuture.java:510) ~[?:?]
	at java.util.concurrent.CompletableFuture.complete(CompletableFuture.java:2147) ~[?:?]
	at net.minecraft.server.packs.resources.SimpleReloadInstance$1.m_10855_(SimpleReloadInstance.java:51) ~[server-1.18.2-20220404.173914-srg.jar%23257!/:?]
	at net.minecraft.server.packs.resources.SimpleReloadInstance$1.m_6769_(SimpleReloadInstance.java:48) ~[server-1.18.2-20220404.173914-srg.jar%23257!/:?]
	at java.util.concurrent.CompletableFuture$UniCompose.tryFire(CompletableFuture.java:1150) [?:?]
	at java.util.concurrent.CompletableFuture.postComplete(CompletableFuture.java:510) [?:?]
	at java.util.concurrent.CompletableFuture$AsyncSupply.run(CompletableFuture.java:1773) [?:?]
	at java.util.concurrent.CompletableFuture$AsyncSupply.exec(CompletableFuture.java:1760) [?:?]
	at java.util.concurrent.ForkJoinTask.doExec(ForkJoinTask.java:373) [?:?]
	at java.util.concurrent.ForkJoinPool$WorkQueue.topLevelExec(ForkJoinPool.java:1182) [?:?]
	at java.util.concurrent.ForkJoinPool.scan(ForkJoinPool.java:1655) [?:?]
	at java.util.concurrent.ForkJoinPool.runWorker(ForkJoinPool.java:1622) [?:?]
	at java.util.concurrent.ForkJoinWorkerThread.run(ForkJoinWorkerThread.java:165) [?:?]
[04Dec2025 01:08:17.492] [Worker-Main1/INFO] [net.minecraft.world.item.crafting.RecipeManager/]: Skipping loading recipe supplementaries:inspirations/flag_dye as it's serializer returned null
[04Dec2025 01:08:17.494] [Worker-Main1/INFO] [net.minecraft.world.item.crafting.RecipeManager/]: Skipping loading recipe upgrade_aquatic:river_trapped_chest as it's serializer returned null
[04Dec2025 01:08:17.500] [Worker-Main1/INFO] [net.minecraft.world.item.crafting.RecipeManager/]: Skipping loading recipe atmospheric:large_yucca_boat as it's serializer returned null
[04Dec2025 01:08:17.502] [Worker-Main1/INFO] [net.minecraft.world.item.crafting.RecipeManager/]: Skipping loading recipe atmospheric:grimwood_chest as it's serializer returned null
[04Dec2025 01:08:17.504] [Worker-Main1/INFO] [net.minecraft.world.item.crafting.RecipeManager/]: Skipping loading recipe atmospheric:aspen_bookshelf as it's serializer returned null
[04Dec2025 01:08:17.518] [Worker-Main1/INFO] [net.minecraft.world.item.crafting.RecipeManager/]: Skipping loading recipe atmospheric:aspen_chest as it's serializer returned null
[04Dec2025 01:08:17.531] [Worker-Main1/INFO] [net.minecraft.world.item.crafting.RecipeManager/]: Skipping loading recipe atmospheric:rosewood_beehive as it's serializer returned null
[04Dec2025 01:08:17.533] [Worker-Main1/INFO] [net.minecraft.world.item.crafting.RecipeManager/]: Skipping loading recipe atmospheric:rosewood_bookshelf as it's serializer returned null
[04Dec2025 01:08:17.540] [Worker-Main1/INFO] [net.minecraft.world.item.crafting.RecipeManager/]: Skipping loading recipe atmospheric:grimwood_boards as it's serializer returned null
[04Dec2025 01:08:17.548] [Worker-Main1/INFO] [net.minecraft.world.item.crafting.RecipeManager/]: Skipping loading recipe upgrade_aquatic:river_beehive as it's serializer returned null
[04Dec2025 01:08:17.549] [Worker-Main1/INFO] [net.minecraft.world.item.crafting.RecipeManager/]: Skipping loading recipe atmospheric:morado_boards as it's serializer returned null
[04Dec2025 01:08:17.566] [Worker-Main1/INFO] [net.minecraft.world.item.crafting.RecipeManager/]: Skipping loading recipe atmospheric:grimwood_beehive as it's serializer returned null
[04Dec2025 01:08:17.566] [Worker-Main1/INFO] [net.minecraft.world.item.crafting.RecipeManager/]: Skipping loading recipe atmospheric:aspen_leaves_from_aspen_leaf_pile as it's serializer returned null
[04Dec2025 01:08:17.572] [Worker-Main1/INFO] [net.minecraft.world.item.crafting.RecipeManager/]: Skipping loading recipe atmospheric:morado_beehive as it's serializer returned null
[04Dec2025 01:08:17.574] [Worker-Main1/INFO] [net.minecraft.world.item.crafting.RecipeManager/]: Skipping loading recipe atmospheric:kousa_ladder as it's serializer returned null
[04Dec2025 01:08:17.576] [Worker-Main1/INFO] [net.minecraft.world.item.crafting.RecipeManager/]: Skipping loading recipe upgrade_aquatic:driftwood_chest_wood as it's serializer returned null
[04Dec2025 01:08:17.584] [Worker-Main1/INFO] [net.minecraft.world.item.crafting.RecipeManager/]: Skipping loading recipe atmospheric:kousa_leaves_from_kousa_leaf_pile as it's serializer returned null
[04Dec2025 01:08:17.591] [Worker-Main1/INFO] [net.minecraft.world.item.crafting.RecipeManager/]: Skipping loading recipe atmospheric:kousa_chest as it's serializer returned null
[04Dec2025 01:08:17.591] [Worker-Main1/INFO] [net.minecraft.world.item.crafting.RecipeManager/]: Skipping loading recipe atmospheric:aspen_trapped_chest as it's serializer returned null
[04Dec2025 01:08:17.592] [Worker-Main1/INFO] [net.minecraft.world.item.crafting.RecipeManager/]: Skipping loading recipe atmospheric:grimwood_bookshelf as it's serializer returned null
[04Dec2025 01:08:17.594] [Worker-Main1/INFO] [net.minecraft.world.item.crafting.RecipeManager/]: Skipping loading recipe atmospheric:rosewood_leaves_from_rosewood_leaf_pile as it's serializer returned null
[04Dec2025 01:08:17.598] [Worker-Main1/INFO] [net.minecraft.world.item.crafting.RecipeManager/]: Skipping loading recipe upgrade_aquatic:driftwood_beehive as it's serializer returned null
[04Dec2025 01:08:17.618] [Worker-Main1/INFO] [net.minecraft.world.item.crafting.RecipeManager/]: Skipping loading recipe atmospheric:flowering_morado_leaves_from_flowering_morado_leaf_pile as it's serializer returned null
[04Dec2025 01:08:17.619] [Worker-Main1/INFO] [net.minecraft.world.item.crafting.RecipeManager/]: Skipping loading recipe upgrade_aquatic:large_river_boat as it's serializer returned null
[04Dec2025 01:08:17.621] [Worker-Main1/INFO] [net.minecraft.world.item.crafting.RecipeManager/]: Skipping loading recipe atmospheric:kousa_furnace_boat as it's serializer returned null
[04Dec2025 01:08:17.633] [Worker-Main1/INFO] [net.minecraft.world.item.crafting.RecipeManager/]: Skipping loading recipe atmospheric:grimwood_furnace_boat as it's serializer returned null
[04Dec2025 01:08:17.647] [Worker-Main1/INFO] [net.minecraft.world.item.crafting.RecipeManager/]: Skipping loading recipe atmospheric:rosewood_furnace_boat as it's serializer returned null
[04Dec2025 01:08:17.653] [Worker-Main1/INFO] [net.minecraft.world.item.crafting.RecipeManager/]: Skipping loading recipe atmospheric:yucca_ladder as it's serializer returned null
[04Dec2025 01:08:17.654] [Worker-Main1/INFO] [net.minecraft.world.item.crafting.RecipeManager/]: Skipping loading recipe upgrade_aquatic:driftwood_trapped_chest as it's serializer returned null
[04Dec2025 01:08:17.655] [Worker-Main1/ERROR] [net.minecraft.world.item.crafting.RecipeManager/]: Parsing error loading recipe beyond_earth:smeltery/melting/metal/calorite/raw_block
com.google.gson.JsonSyntaxException: Missing rate, expected to find a string
	at net.minecraft.util.GsonHelper.m_13906_(GsonHelper.java:112) ~[server-1.18.2-20220404.173914-srg.jar%23257!/:?]
	at slimeknights.tconstruct.library.recipe.melting.IMeltingContainer$OreRateType.parse(IMeltingContainer.java:41) ~[TConstruct-1.18.2-3.6.4.113.jar%23227!/:1.18.2-3.6.4.113]
	at slimeknights.tconstruct.library.recipe.melting.OreMeltingRecipe$Serializer.createFromJson(OreMeltingRecipe.java:44) ~[TConstruct-1.18.2-3.6.4.113.jar%23227!/:1.18.2-3.6.4.113]
	at slimeknights.tconstruct.library.recipe.melting.OreMeltingRecipe$Serializer.createFromJson(OreMeltingRecipe.java:41) ~[TConstruct-1.18.2-3.6.4.113.jar%23227!/:1.18.2-3.6.4.113]
	at slimeknights.tconstruct.library.recipe.melting.MeltingRecipe$AbstractSerializer.fromJson(MeltingRecipe.java:142) ~[TConstruct-1.18.2-3.6.4.113.jar%23227!/:1.18.2-3.6.4.113]
	at slimeknights.tconstruct.library.recipe.melting.OreMeltingRecipe$Serializer.fromJson(OreMeltingRecipe.java:41) ~[TConstruct-1.18.2-3.6.4.113.jar%23227!/:1.18.2-3.6.4.113]
	at slimeknights.tconstruct.library.recipe.melting.MeltingRecipe$AbstractSerializer.m_6729_(MeltingRecipe.java:118) ~[TConstruct-1.18.2-3.6.4.113.jar%23227!/:1.18.2-3.6.4.113]
	at net.minecraftforge.common.extensions.IForgeRecipeSerializer.fromJson(IForgeRecipeSerializer.java:23) ~[forge-1.18.2-40.2.21-universal.jar%23262!/:?]
	at net.minecraft.world.item.crafting.RecipeManager.fromJson(RecipeManager.java:157) ~[server-1.18.2-20220404.173914-srg.jar%23257!/:?]
	at net.minecraft.world.item.crafting.RecipeManager.m_5787_(RecipeManager.java:67) ~[server-1.18.2-20220404.173914-srg.jar%23257!/:?]
	at net.minecraft.world.item.crafting.RecipeManager.m_5787_(RecipeManager.java:34) ~[server-1.18.2-20220404.173914-srg.jar%23257!/:?]
	at net.minecraft.server.packs.resources.SimplePreparableReloadListener.m_10789_(SimplePreparableReloadListener.java:13) ~[server-1.18.2-20220404.173914-srg.jar%23257!/:?]
	at java.util.concurrent.CompletableFuture$UniAccept.tryFire(CompletableFuture.java:718) ~[?:?]
	at java.util.concurrent.CompletableFuture$Completion.run(CompletableFuture.java:482) ~[?:?]
	at net.minecraft.server.packs.resources.SimpleReloadInstance.m_143940_(SimpleReloadInstance.java:69) ~[server-1.18.2-20220404.173914-srg.jar%23257!/:?]
	at net.minecraft.server.packs.resources.SimpleReloadInstance.m_10834_(SimpleReloadInstance.java:68) ~[server-1.18.2-20220404.173914-srg.jar%23257!/:?]
	at java.util.concurrent.CompletableFuture$UniCompletion.claim(CompletableFuture.java:572) ~[?:?]
	at java.util.concurrent.CompletableFuture$UniAccept.tryFire(CompletableFuture.java:714) ~[?:?]
	at java.util.concurrent.CompletableFuture.postComplete(CompletableFuture.java:510) ~[?:?]
	at java.util.concurrent.CompletableFuture.postFire(CompletableFuture.java:614) ~[?:?]
	at java.util.concurrent.CompletableFuture$UniAccept.tryFire(CompletableFuture.java:726) ~[?:?]
	at java.util.concurrent.CompletableFuture$Completion.run(CompletableFuture.java:482) ~[?:?]
	at net.minecraft.server.packs.resources.SimpleReloadInstance.m_143940_(SimpleReloadInstance.java:69) ~[server-1.18.2-20220404.173914-srg.jar%23257!/:?]
	at net.minecraft.server.packs.resources.SimpleReloadInstance.m_10834_(SimpleReloadInstance.java:68) ~[server-1.18.2-20220404.173914-srg.jar%23257!/:?]
	at java.util.concurrent.CompletableFuture$UniCompletion.claim(CompletableFuture.java:572) ~[?:?]
	at java.util.concurrent.CompletableFuture$UniAccept.tryFire(CompletableFuture.java:714) ~[?:?]
	at java.util.concurrent.CompletableFuture.postComplete(CompletableFuture.java:510) ~[?:?]
	at java.util.concurrent.CompletableFuture.postFire(CompletableFuture.java:614) ~[?:?]
	at java.util.concurrent.CompletableFuture$UniAccept.tryFire(CompletableFuture.java:726) ~[?:?]
	at java.util.concurrent.CompletableFuture$Completion.run(CompletableFuture.java:482) ~[?:?]
	at net.minecraft.server.packs.resources.SimpleReloadInstance.m_143940_(SimpleReloadInstance.java:69) ~[server-1.18.2-20220404.173914-srg.jar%23257!/:?]
	at net.minecraft.server.packs.resources.SimpleReloadInstance.m_10834_(SimpleReloadInstance.java:68) ~[server-1.18.2-20220404.173914-srg.jar%23257!/:?]
	at java.util.concurrent.CompletableFuture$UniCompletion.claim(CompletableFuture.java:572) ~[?:?]
	at java.util.concurrent.CompletableFuture$UniAccept.tryFire(CompletableFuture.java:714) ~[?:?]
	at java.util.concurrent.CompletableFuture.postComplete(CompletableFuture.java:510) ~[?:?]
	at java.util.concurrent.CompletableFuture.complete(CompletableFuture.java:2147) ~[?:?]
	at net.minecraft.server.packs.resources.SimpleReloadInstance$1.m_10855_(SimpleReloadInstance.java:51) ~[server-1.18.2-20220404.173914-srg.jar%23257!/:?]
	at net.minecraft.server.packs.resources.SimpleReloadInstance$1.m_6769_(SimpleReloadInstance.java:48) ~[server-1.18.2-20220404.173914-srg.jar%23257!/:?]
	at java.util.concurrent.CompletableFuture$UniCompose.tryFire(CompletableFuture.java:1150) [?:?]
	at java.util.concurrent.CompletableFuture.postComplete(CompletableFuture.java:510) [?:?]
	at java.util.concurrent.CompletableFuture$AsyncSupply.run(CompletableFuture.java:1773) [?:?]
	at java.util.concurrent.CompletableFuture$AsyncSupply.exec(CompletableFuture.java:1760) [?:?]
	at java.util.concurrent.ForkJoinTask.doExec(ForkJoinTask.java:373) [?:?]
	at java.util.concurrent.ForkJoinPool$WorkQueue.topLevelExec(ForkJoinPool.java:1182) [?:?]
	at java.util.concurrent.ForkJoinPool.scan(ForkJoinPool.java:1655) [?:?]
	at java.util.concurrent.ForkJoinPool.runWorker(ForkJoinPool.java:1622) [?:?]
	at java.util.concurrent.ForkJoinWorkerThread.run(ForkJoinWorkerThread.java:165) [?:?]
[04Dec2025 01:08:17.658] [Worker-Main1/INFO] [net.minecraft.world.item.crafting.RecipeManager/]: Skipping loading recipe upgrade_aquatic:river_bookshelf as it's serializer returned null
[04Dec2025 01:08:17.660] [Worker-Main1/INFO] [net.minecraft.world.item.crafting.RecipeManager/]: Skipping loading recipe atmospheric:aspen_leaf_pile as it's serializer returned null
[04Dec2025 01:08:17.667] [Worker-Main1/INFO] [net.minecraft.world.item.crafting.RecipeManager/]: Skipping loading recipe atmospheric:yucca_boards as it's serializer returned null
[04Dec2025 01:08:17.667] [Worker-Main1/INFO] [net.minecraft.world.item.crafting.RecipeManager/]: Skipping loading recipe atmospheric:morado_ladder as it's serializer returned null
[04Dec2025 01:08:17.674] [Worker-Main1/INFO] [net.minecraft.world.item.crafting.RecipeManager/]: Skipping loading recipe atmospheric:rosewood_boards as it's serializer returned null
[04Dec2025 01:08:17.680] [Worker-Main1/ERROR] [net.minecraft.world.item.crafting.RecipeManager/]: Parsing error loading recipe ends_delight:brewing/bubble_tea
com.google.gson.JsonSyntaxException: Invalid or unsupported recipe type 'farmersrespite:brewing'
	at net.minecraft.world.item.crafting.RecipeManager.m_199901_(RecipeManager.java:156) ~[server-1.18.2-20220404.173914-srg.jar%23257!/:?]
	at java.util.Optional.orElseThrow(Optional.java:403) ~[?:?]
	at net.minecraft.world.item.crafting.RecipeManager.fromJson(RecipeManager.java:155) ~[server-1.18.2-20220404.173914-srg.jar%23257!/:?]
	at net.minecraft.world.item.crafting.RecipeManager.m_5787_(RecipeManager.java:67) ~[server-1.18.2-20220404.173914-srg.jar%23257!/:?]
	at net.minecraft.world.item.crafting.RecipeManager.m_5787_(RecipeManager.java:34) ~[server-1.18.2-20220404.173914-srg.jar%23257!/:?]
	at net.minecraft.server.packs.resources.SimplePreparableReloadListener.m_10789_(SimplePreparableReloadListener.java:13) ~[server-1.18.2-20220404.173914-srg.jar%23257!/:?]
	at java.util.concurrent.CompletableFuture$UniAccept.tryFire(CompletableFuture.java:718) ~[?:?]
	at java.util.concurrent.CompletableFuture$Completion.run(CompletableFuture.java:482) ~[?:?]
	at net.minecraft.server.packs.resources.SimpleReloadInstance.m_143940_(SimpleReloadInstance.java:69) ~[server-1.18.2-20220404.173914-srg.jar%23257!/:?]
	at net.minecraft.server.packs.resources.SimpleReloadInstance.m_10834_(SimpleReloadInstance.java:68) ~[server-1.18.2-20220404.173914-srg.jar%23257!/:?]
	at java.util.concurrent.CompletableFuture$UniCompletion.claim(CompletableFuture.java:572) ~[?:?]
	at java.util.concurrent.CompletableFuture$UniAccept.tryFire(CompletableFuture.java:714) ~[?:?]
	at java.util.concurrent.CompletableFuture.postComplete(CompletableFuture.java:510) ~[?:?]
	at java.util.concurrent.CompletableFuture.postFire(CompletableFuture.java:614) ~[?:?]
	at java.util.concurrent.CompletableFuture$UniAccept.tryFire(CompletableFuture.java:726) ~[?:?]
	at java.util.concurrent.CompletableFuture$Completion.run(CompletableFuture.java:482) ~[?:?]
	at net.minecraft.server.packs.resources.SimpleReloadInstance.m_143940_(SimpleReloadInstance.java:69) ~[server-1.18.2-20220404.173914-srg.jar%23257!/:?]
	at net.minecraft.server.packs.resources.SimpleReloadInstance.m_10834_(SimpleReloadInstance.java:68) ~[server-1.18.2-20220404.173914-srg.jar%23257!/:?]
	at java.util.concurrent.CompletableFuture$UniCompletion.claim(CompletableFuture.java:572) ~[?:?]
	at java.util.concurrent.CompletableFuture$UniAccept.tryFire(CompletableFuture.java:714) ~[?:?]
	at java.util.concurrent.CompletableFuture.postComplete(CompletableFuture.java:510) ~[?:?]
	at java.util.concurrent.CompletableFuture.postFire(CompletableFuture.java:614) ~[?:?]
	at java.util.concurrent.CompletableFuture$UniAccept.tryFire(CompletableFuture.java:726) ~[?:?]
	at java.util.concurrent.CompletableFuture$Completion.run(CompletableFuture.java:482) ~[?:?]
	at net.minecraft.server.packs.resources.SimpleReloadInstance.m_143940_(SimpleReloadInstance.java:69) ~[server-1.18.2-20220404.173914-srg.jar%23257!/:?]
	at net.minecraft.server.packs.resources.SimpleReloadInstance.m_10834_(SimpleReloadInstance.java:68) ~[server-1.18.2-20220404.173914-srg.jar%23257!/:?]
	at java.util.concurrent.CompletableFuture$UniCompletion.claim(CompletableFuture.java:572) ~[?:?]
	at java.util.concurrent.CompletableFuture$UniAccept.tryFire(CompletableFuture.java:714) ~[?:?]
	at java.util.concurrent.CompletableFuture.postComplete(CompletableFuture.java:510) ~[?:?]
	at java.util.concurrent.CompletableFuture.complete(CompletableFuture.java:2147) ~[?:?]
	at net.minecraft.server.packs.resources.SimpleReloadInstance$1.m_10855_(SimpleReloadInstance.java:51) ~[server-1.18.2-20220404.173914-srg.jar%23257!/:?]
	at net.minecraft.server.packs.resources.SimpleReloadInstance$1.m_6769_(SimpleReloadInstance.java:48) ~[server-1.18.2-20220404.173914-srg.jar%23257!/:?]
	at java.util.concurrent.CompletableFuture$UniCompose.tryFire(CompletableFuture.java:1150) [?:?]
	at java.util.concurrent.CompletableFuture.postComplete(CompletableFuture.java:510) [?:?]
	at java.util.concurrent.CompletableFuture$AsyncSupply.run(CompletableFuture.java:1773) [?:?]
	at java.util.concurrent.CompletableFuture$AsyncSupply.exec(CompletableFuture.java:1760) [?:?]
	at java.util.concurrent.ForkJoinTask.doExec(ForkJoinTask.java:373) [?:?]
	at java.util.concurrent.ForkJoinPool$WorkQueue.topLevelExec(ForkJoinPool.java:1182) [?:?]
	at java.util.concurrent.ForkJoinPool.scan(ForkJoinPool.java:1655) [?:?]
	at java.util.concurrent.ForkJoinPool.runWorker(ForkJoinPool.java:1622) [?:?]
	at java.util.concurrent.ForkJoinWorkerThread.run(ForkJoinWorkerThread.java:165) [?:?]
[04Dec2025 01:08:17.683] [Worker-Main1/ERROR] [net.minecraft.world.item.crafting.RecipeManager/]: Parsing error loading recipe beyond_earth:smeltery/melting/metal/ostrum/raw_block
com.google.gson.JsonSyntaxException: Missing rate, expected to find a string
	at net.minecraft.util.GsonHelper.m_13906_(GsonHelper.java:112) ~[server-1.18.2-20220404.173914-srg.jar%23257!/:?]
	at slimeknights.tconstruct.library.recipe.melting.IMeltingContainer$OreRateType.parse(IMeltingContainer.java:41) ~[TConstruct-1.18.2-3.6.4.113.jar%23227!/:1.18.2-3.6.4.113]
	at slimeknights.tconstruct.library.recipe.melting.OreMeltingRecipe$Serializer.createFromJson(OreMeltingRecipe.java:44) ~[TConstruct-1.18.2-3.6.4.113.jar%23227!/:1.18.2-3.6.4.113]
	at slimeknights.tconstruct.library.recipe.melting.OreMeltingRecipe$Serializer.createFromJson(OreMeltingRecipe.java:41) ~[TConstruct-1.18.2-3.6.4.113.jar%23227!/:1.18.2-3.6.4.113]
	at slimeknights.tconstruct.library.recipe.melting.MeltingRecipe$AbstractSerializer.fromJson(MeltingRecipe.java:142) ~[TConstruct-1.18.2-3.6.4.113.jar%23227!/:1.18.2-3.6.4.113]
	at slimeknights.tconstruct.library.recipe.melting.OreMeltingRecipe$Serializer.fromJson(OreMeltingRecipe.java:41) ~[TConstruct-1.18.2-3.6.4.113.jar%23227!/:1.18.2-3.6.4.113]
	at slimeknights.tconstruct.library.recipe.melting.MeltingRecipe$AbstractSerializer.m_6729_(MeltingRecipe.java:118) ~[TConstruct-1.18.2-3.6.4.113.jar%23227!/:1.18.2-3.6.4.113]
	at net.minecraftforge.common.extensions.IForgeRecipeSerializer.fromJson(IForgeRecipeSerializer.java:23) ~[forge-1.18.2-40.2.21-universal.jar%23262!/:?]
	at net.minecraft.world.item.crafting.RecipeManager.fromJson(RecipeManager.java:157) ~[server-1.18.2-20220404.173914-srg.jar%23257!/:?]
	at net.minecraft.world.item.crafting.RecipeManager.m_5787_(RecipeManager.java:67) ~[server-1.18.2-20220404.173914-srg.jar%23257!/:?]
	at net.minecraft.world.item.crafting.RecipeManager.m_5787_(RecipeManager.java:34) ~[server-1.18.2-20220404.173914-srg.jar%23257!/:?]
	at net.minecraft.server.packs.resources.SimplePreparableReloadListener.m_10789_(SimplePreparableReloadListener.java:13) ~[server-1.18.2-20220404.173914-srg.jar%23257!/:?]
	at java.util.concurrent.CompletableFuture$UniAccept.tryFire(CompletableFuture.java:718) ~[?:?]
	at java.util.concurrent.CompletableFuture$Completion.run(CompletableFuture.java:482) ~[?:?]
	at net.minecraft.server.packs.resources.SimpleReloadInstance.m_143940_(SimpleReloadInstance.java:69) ~[server-1.18.2-20220404.173914-srg.jar%23257!/:?]
	at net.minecraft.server.packs.resources.SimpleReloadInstance.m_10834_(SimpleReloadInstance.java:68) ~[server-1.18.2-20220404.173914-srg.jar%23257!/:?]
	at java.util.concurrent.CompletableFuture$UniCompletion.claim(CompletableFuture.java:572) ~[?:?]
	at java.util.concurrent.CompletableFuture$UniAccept.tryFire(CompletableFuture.java:714) ~[?:?]
	at java.util.concurrent.CompletableFuture.postComplete(CompletableFuture.java:510) ~[?:?]
	at java.util.concurrent.CompletableFuture.postFire(CompletableFuture.java:614) ~[?:?]
	at java.util.concurrent.CompletableFuture$UniAccept.tryFire(CompletableFuture.java:726) ~[?:?]
	at java.util.concurrent.CompletableFuture$Completion.run(CompletableFuture.java:482) ~[?:?]
	at net.minecraft.server.packs.resources.SimpleReloadInstance.m_143940_(SimpleReloadInstance.java:69) ~[server-1.18.2-20220404.173914-srg.jar%23257!/:?]
	at net.minecraft.server.packs.resources.SimpleReloadInstance.m_10834_(SimpleReloadInstance.java:68) ~[server-1.18.2-20220404.173914-srg.jar%23257!/:?]
	at java.util.concurrent.CompletableFuture$UniCompletion.claim(CompletableFuture.java:572) ~[?:?]
	at java.util.concurrent.CompletableFuture$UniAccept.tryFire(CompletableFuture.java:714) ~[?:?]
	at java.util.concurrent.CompletableFuture.postComplete(CompletableFuture.java:510) ~[?:?]
	at java.util.concurrent.CompletableFuture.postFire(CompletableFuture.java:614) ~[?:?]
	at java.util.concurrent.CompletableFuture$UniAccept.tryFire(CompletableFuture.java:726) ~[?:?]
	at java.util.concurrent.CompletableFuture$Completion.run(CompletableFuture.java:482) ~[?:?]
	at net.minecraft.server.packs.resources.SimpleReloadInstance.m_143940_(SimpleReloadInstance.java:69) ~[server-1.18.2-20220404.173914-srg.jar%23257!/:?]
	at net.minecraft.server.packs.resources.SimpleReloadInstance.m_10834_(SimpleReloadInstance.java:68) ~[server-1.18.2-20220404.173914-srg.jar%23257!/:?]
	at java.util.concurrent.CompletableFuture$UniCompletion.claim(CompletableFuture.java:572) ~[?:?]
	at java.util.concurrent.CompletableFuture$UniAccept.tryFire(CompletableFuture.java:714) ~[?:?]
	at java.util.concurrent.CompletableFuture.postComplete(CompletableFuture.java:510) ~[?:?]
	at java.util.concurrent.CompletableFuture.complete(CompletableFuture.java:2147) ~[?:?]
	at net.minecraft.server.packs.resources.SimpleReloadInstance$1.m_10855_(SimpleReloadInstance.java:51) ~[server-1.18.2-20220404.173914-srg.jar%23257!/:?]
	at net.minecraft.server.packs.resources.SimpleReloadInstance$1.m_6769_(SimpleReloadInstance.java:48) ~[server-1.18.2-20220404.173914-srg.jar%23257!/:?]
	at java.util.concurrent.CompletableFuture$UniCompose.tryFire(CompletableFuture.java:1150) [?:?]
	at java.util.concurrent.CompletableFuture.postComplete(CompletableFuture.java:510) [?:?]
	at java.util.concurrent.CompletableFuture$AsyncSupply.run(CompletableFuture.java:1773) [?:?]
	at java.util.concurrent.CompletableFuture$AsyncSupply.exec(CompletableFuture.java:1760) [?:?]
	at java.util.concurrent.ForkJoinTask.doExec(ForkJoinTask.java:373) [?:?]
	at java.util.concurrent.ForkJoinPool$WorkQueue.topLevelExec(ForkJoinPool.java:1182) [?:?]
	at java.util.concurrent.ForkJoinPool.scan(ForkJoinPool.java:1655) [?:?]
	at java.util.concurrent.ForkJoinPool.runWorker(ForkJoinPool.java:1622) [?:?]
	at java.util.concurrent.ForkJoinWorkerThread.run(ForkJoinWorkerThread.java:165) [?:?]
[04Dec2025 01:08:17.688] [Worker-Main1/INFO] [net.minecraft.world.item.crafting.RecipeManager/]: Skipping loading recipe upgrade_aquatic:driftwood_ladder as it's serializer returned null
[04Dec2025 01:08:17.690] [Worker-Main1/ERROR] [net.minecraft.world.item.crafting.RecipeManager/]: Parsing error loading recipe miningmaster:forging/paragon_shield
com.google.gson.JsonSyntaxException: Invalid or unsupported recipe type 'miningmaster:forging_recipe'
	at net.minecraft.world.item.crafting.RecipeManager.m_199901_(RecipeManager.java:156) ~[server-1.18.2-20220404.173914-srg.jar%23257!/:?]
	at java.util.Optional.orElseThrow(Optional.java:403) ~[?:?]
	at net.minecraft.world.item.crafting.RecipeManager.fromJson(RecipeManager.java:155) ~[server-1.18.2-20220404.173914-srg.jar%23257!/:?]
	at net.minecraft.world.item.crafting.RecipeManager.m_5787_(RecipeManager.java:67) ~[server-1.18.2-20220404.173914-srg.jar%23257!/:?]
	at net.minecraft.world.item.crafting.RecipeManager.m_5787_(RecipeManager.java:34) ~[server-1.18.2-20220404.173914-srg.jar%23257!/:?]
	at net.minecraft.server.packs.resources.SimplePreparableReloadListener.m_10789_(SimplePreparableReloadListener.java:13) ~[server-1.18.2-20220404.173914-srg.jar%23257!/:?]
	at java.util.concurrent.CompletableFuture$UniAccept.tryFire(CompletableFuture.java:718) ~[?:?]
	at java.util.concurrent.CompletableFuture$Completion.run(CompletableFuture.java:482) ~[?:?]
	at net.minecraft.server.packs.resources.SimpleReloadInstance.m_143940_(SimpleReloadInstance.java:69) ~[server-1.18.2-20220404.173914-srg.jar%23257!/:?]
	at net.minecraft.server.packs.resources.SimpleReloadInstance.m_10834_(SimpleReloadInstance.java:68) ~[server-1.18.2-20220404.173914-srg.jar%23257!/:?]
	at java.util.concurrent.CompletableFuture$UniCompletion.claim(CompletableFuture.java:572) ~[?:?]
	at java.util.concurrent.CompletableFuture$UniAccept.tryFire(CompletableFuture.java:714) ~[?:?]
	at java.util.concurrent.CompletableFuture.postComplete(CompletableFuture.java:510) ~[?:?]
	at java.util.concurrent.CompletableFuture.postFire(CompletableFuture.java:614) ~[?:?]
	at java.util.concurrent.CompletableFuture$UniAccept.tryFire(CompletableFuture.java:726) ~[?:?]
	at java.util.concurrent.CompletableFuture$Completion.run(CompletableFuture.java:482) ~[?:?]
	at net.minecraft.server.packs.resources.SimpleReloadInstance.m_143940_(SimpleReloadInstance.java:69) ~[server-1.18.2-20220404.173914-srg.jar%23257!/:?]
	at net.minecraft.server.packs.resources.SimpleReloadInstance.m_10834_(SimpleReloadInstance.java:68) ~[server-1.18.2-20220404.173914-srg.jar%23257!/:?]
	at java.util.concurrent.CompletableFuture$UniCompletion.claim(CompletableFuture.java:572) ~[?:?]
	at java.util.concurrent.CompletableFuture$UniAccept.tryFire(CompletableFuture.java:714) ~[?:?]
	at java.util.concurrent.CompletableFuture.postComplete(CompletableFuture.java:510) ~[?:?]
	at java.util.concurrent.CompletableFuture.postFire(CompletableFuture.java:614) ~[?:?]
	at java.util.concurrent.CompletableFuture$UniAccept.tryFire(CompletableFuture.java:726) ~[?:?]
	at java.util.concurrent.CompletableFuture$Completion.run(CompletableFuture.java:482) ~[?:?]
	at net.minecraft.server.packs.resources.SimpleReloadInstance.m_143940_(SimpleReloadInstance.java:69) ~[server-1.18.2-20220404.173914-srg.jar%23257!/:?]
	at net.minecraft.server.packs.resources.SimpleReloadInstance.m_10834_(SimpleReloadInstance.java:68) ~[server-1.18.2-20220404.173914-srg.jar%23257!/:?]
	at java.util.concurrent.CompletableFuture$UniCompletion.claim(CompletableFuture.java:572) ~[?:?]
	at java.util.concurrent.CompletableFuture$UniAccept.tryFire(CompletableFuture.java:714) ~[?:?]
	at java.util.concurrent.CompletableFuture.postComplete(CompletableFuture.java:510) ~[?:?]
	at java.util.concurrent.CompletableFuture.complete(CompletableFuture.java:2147) ~[?:?]
	at net.minecraft.server.packs.resources.SimpleReloadInstance$1.m_10855_(SimpleReloadInstance.java:51) ~[server-1.18.2-20220404.173914-srg.jar%23257!/:?]
	at net.minecraft.server.packs.resources.SimpleReloadInstance$1.m_6769_(SimpleReloadInstance.java:48) ~[server-1.18.2-20220404.173914-srg.jar%23257!/:?]
	at java.util.concurrent.CompletableFuture$UniCompose.tryFire(CompletableFuture.java:1150) [?:?]
	at java.util.concurrent.CompletableFuture.postComplete(CompletableFuture.java:510) [?:?]
	at java.util.concurrent.CompletableFuture$AsyncSupply.run(CompletableFuture.java:1773) [?:?]
	at java.util.concurrent.CompletableFuture$AsyncSupply.exec(CompletableFuture.java:1760) [?:?]
	at java.util.concurrent.ForkJoinTask.doExec(ForkJoinTask.java:373) [?:?]
	at java.util.concurrent.ForkJoinPool$WorkQueue.topLevelExec(ForkJoinPool.java:1182) [?:?]
	at java.util.concurrent.ForkJoinPool.scan(ForkJoinPool.java:1655) [?:?]
	at java.util.concurrent.ForkJoinPool.runWorker(ForkJoinPool.java:1622) [?:?]
	at java.util.concurrent.ForkJoinWorkerThread.run(ForkJoinWorkerThread.java:165) [?:?]
[04Dec2025 01:08:17.693] [Worker-Main1/INFO] [net.minecraft.world.item.crafting.RecipeManager/]: Skipping loading recipe atmospheric:yucca_bookshelf as it's serializer returned null
[04Dec2025 01:08:17.701] [Worker-Main1/INFO] [net.minecraft.world.item.crafting.RecipeManager/]: Skipping loading recipe atmospheric:large_grimwood_boat as it's serializer returned null
[04Dec2025 01:08:17.701] [Worker-Main1/INFO] [net.minecraft.world.item.crafting.RecipeManager/]: Skipping loading recipe atmospheric:aspen_boards as it's serializer returned null
[04Dec2025 01:08:17.704] [Worker-Main1/INFO] [net.minecraft.world.item.crafting.RecipeManager/]: Skipping loading recipe upgrade_aquatic:large_driftwood_boat as it's serializer returned null
[04Dec2025 01:08:17.708] [Worker-Main1/ERROR] [net.minecraft.world.item.crafting.RecipeManager/]: Parsing error loading recipe beyond_earth:smeltery/melting/metal/ostrum/ore
com.google.gson.JsonSyntaxException: Missing rate, expected to find a string
	at net.minecraft.util.GsonHelper.m_13906_(GsonHelper.java:112) ~[server-1.18.2-20220404.173914-srg.jar%23257!/:?]
	at slimeknights.tconstruct.library.recipe.melting.IMeltingContainer$OreRateType.parse(IMeltingContainer.java:41) ~[TConstruct-1.18.2-3.6.4.113.jar%23227!/:1.18.2-3.6.4.113]
	at slimeknights.tconstruct.library.recipe.melting.OreMeltingRecipe$Serializer.createFromJson(OreMeltingRecipe.java:44) ~[TConstruct-1.18.2-3.6.4.113.jar%23227!/:1.18.2-3.6.4.113]
	at slimeknights.tconstruct.library.recipe.melting.OreMeltingRecipe$Serializer.createFromJson(OreMeltingRecipe.java:41) ~[TConstruct-1.18.2-3.6.4.113.jar%23227!/:1.18.2-3.6.4.113]
	at slimeknights.tconstruct.library.recipe.melting.MeltingRecipe$AbstractSerializer.fromJson(MeltingRecipe.java:142) ~[TConstruct-1.18.2-3.6.4.113.jar%23227!/:1.18.2-3.6.4.113]
	at slimeknights.tconstruct.library.recipe.melting.OreMeltingRecipe$Serializer.fromJson(OreMeltingRecipe.java:41) ~[TConstruct-1.18.2-3.6.4.113.jar%23227!/:1.18.2-3.6.4.113]
	at slimeknights.tconstruct.library.recipe.melting.MeltingRecipe$AbstractSerializer.m_6729_(MeltingRecipe.java:118) ~[TConstruct-1.18.2-3.6.4.113.jar%23227!/:1.18.2-3.6.4.113]
	at net.minecraftforge.common.extensions.IForgeRecipeSerializer.fromJson(IForgeRecipeSerializer.java:23) ~[forge-1.18.2-40.2.21-universal.jar%23262!/:?]
	at net.minecraft.world.item.crafting.RecipeManager.fromJson(RecipeManager.java:157) ~[server-1.18.2-20220404.173914-srg.jar%23257!/:?]
	at net.minecraft.world.item.crafting.RecipeManager.m_5787_(RecipeManager.java:67) ~[server-1.18.2-20220404.173914-srg.jar%23257!/:?]
	at net.minecraft.world.item.crafting.RecipeManager.m_5787_(RecipeManager.java:34) ~[server-1.18.2-20220404.173914-srg.jar%23257!/:?]
	at net.minecraft.server.packs.resources.SimplePreparableReloadListener.m_10789_(SimplePreparableReloadListener.java:13) ~[server-1.18.2-20220404.173914-srg.jar%23257!/:?]
	at java.util.concurrent.CompletableFuture$UniAccept.tryFire(CompletableFuture.java:718) ~[?:?]
	at java.util.concurrent.CompletableFuture$Completion.run(CompletableFuture.java:482) ~[?:?]
	at net.minecraft.server.packs.resources.SimpleReloadInstance.m_143940_(SimpleReloadInstance.java:69) ~[server-1.18.2-20220404.173914-srg.jar%23257!/:?]
	at net.minecraft.server.packs.resources.SimpleReloadInstance.m_10834_(SimpleReloadInstance.java:68) ~[server-1.18.2-20220404.173914-srg.jar%23257!/:?]
	at java.util.concurrent.CompletableFuture$UniCompletion.claim(CompletableFuture.java:572) ~[?:?]
	at java.util.concurrent.CompletableFuture$UniAccept.tryFire(CompletableFuture.java:714) ~[?:?]
	at java.util.concurrent.CompletableFuture.postComplete(CompletableFuture.java:510) ~[?:?]
	at java.util.concurrent.CompletableFuture.postFire(CompletableFuture.java:614) ~[?:?]
	at java.util.concurrent.CompletableFuture$UniAccept.tryFire(CompletableFuture.java:726) ~[?:?]
	at java.util.concurrent.CompletableFuture$Completion.run(CompletableFuture.java:482) ~[?:?]
	at net.minecraft.server.packs.resources.SimpleReloadInstance.m_143940_(SimpleReloadInstance.java:69) ~[server-1.18.2-20220404.173914-srg.jar%23257!/:?]
	at net.minecraft.server.packs.resources.SimpleReloadInstance.m_10834_(SimpleReloadInstance.java:68) ~[server-1.18.2-20220404.173914-srg.jar%23257!/:?]
	at java.util.concurrent.CompletableFuture$UniCompletion.claim(CompletableFuture.java:572) ~[?:?]
	at java.util.concurrent.CompletableFuture$UniAccept.tryFire(CompletableFuture.java:714) ~[?:?]
	at java.util.concurrent.CompletableFuture.postComplete(CompletableFuture.java:510) ~[?:?]
	at java.util.concurrent.CompletableFuture.postFire(CompletableFuture.java:614) ~[?:?]
	at java.util.concurrent.CompletableFuture$UniAccept.tryFire(CompletableFuture.java:726) ~[?:?]
	at java.util.concurrent.CompletableFuture$Completion.run(CompletableFuture.java:482) ~[?:?]
	at net.minecraft.server.packs.resources.SimpleReloadInstance.m_143940_(SimpleReloadInstance.java:69) ~[server-1.18.2-20220404.173914-srg.jar%23257!/:?]
	at net.minecraft.server.packs.resources.SimpleReloadInstance.m_10834_(SimpleReloadInstance.java:68) ~[server-1.18.2-20220404.173914-srg.jar%23257!/:?]
	at java.util.concurrent.CompletableFuture$UniCompletion.claim(CompletableFuture.java:572) ~[?:?]
	at java.util.concurrent.CompletableFuture$UniAccept.tryFire(CompletableFuture.java:714) ~[?:?]
	at java.util.concurrent.CompletableFuture.postComplete(CompletableFuture.java:510) ~[?:?]
	at java.util.concurrent.CompletableFuture.complete(CompletableFuture.java:2147) ~[?:?]
	at net.minecraft.server.packs.resources.SimpleReloadInstance$1.m_10855_(SimpleReloadInstance.java:51) ~[server-1.18.2-20220404.173914-srg.jar%23257!/:?]
	at net.minecraft.server.packs.resources.SimpleReloadInstance$1.m_6769_(SimpleReloadInstance.java:48) ~[server-1.18.2-20220404.173914-srg.jar%23257!/:?]
	at java.util.concurrent.CompletableFuture$UniCompose.tryFire(CompletableFuture.java:1150) [?:?]
	at java.util.concurrent.CompletableFuture.postComplete(CompletableFuture.java:510) [?:?]
	at java.util.concurrent.CompletableFuture$AsyncSupply.run(CompletableFuture.java:1773) [?:?]
	at java.util.concurrent.CompletableFuture$AsyncSupply.exec(CompletableFuture.java:1760) [?:?]
	at java.util.concurrent.ForkJoinTask.doExec(ForkJoinTask.java:373) [?:?]
	at java.util.concurrent.ForkJoinPool$WorkQueue.topLevelExec(ForkJoinPool.java:1182) [?:?]
	at java.util.concurrent.ForkJoinPool.scan(ForkJoinPool.java:1655) [?:?]
	at java.util.concurrent.ForkJoinPool.runWorker(ForkJoinPool.java:1622) [?:?]
	at java.util.concurrent.ForkJoinWorkerThread.run(ForkJoinWorkerThread.java:165) [?:?]
[04Dec2025 01:08:17.709] [Worker-Main1/ERROR] [net.minecraft.world.item.crafting.RecipeManager/]: Parsing error loading recipe shieldexp:griefer_shield
com.google.gson.JsonSyntaxException: Unknown item 'savage_and_ravage:blast_proof_plating'
	at net.minecraft.world.item.crafting.ShapedRecipe.m_151280_(ShapedRecipe.java:276) ~[server-1.18.2-20220404.173914-srg.jar%23257!/:?]
	at java.util.Optional.orElseThrow(Optional.java:403) ~[?:?]
	at net.minecraft.world.item.crafting.ShapedRecipe.m_151278_(ShapedRecipe.java:275) ~[server-1.18.2-20220404.173914-srg.jar%23257!/:?]
	at net.minecraft.world.item.crafting.Ingredient.m_43919_(Ingredient.java:222) ~[server-1.18.2-20220404.173914-srg.jar%23257!/:?]
	at net.minecraftforge.common.crafting.VanillaIngredientSerializer.parse(VanillaIngredientSerializer.java:27) ~[forge-1.18.2-40.2.21-universal.jar%23262!/:?]
	at net.minecraftforge.common.crafting.CraftingHelper.getIngredient(CraftingHelper.java:143) ~[forge-1.18.2-40.2.21-universal.jar%23262!/:?]
	at net.minecraft.world.item.crafting.Ingredient.m_43917_(Ingredient.java:197) ~[server-1.18.2-20220404.173914-srg.jar%23257!/:?]
	at net.minecraft.world.item.crafting.ShapedRecipe.m_44210_(ShapedRecipe.java:262) ~[server-1.18.2-20220404.173914-srg.jar%23257!/:?]
	at net.minecraft.world.item.crafting.ShapedRecipe$Serializer.m_6729_(ShapedRecipe.java:289) ~[server-1.18.2-20220404.173914-srg.jar%23257!/:?]
	at net.minecraft.world.item.crafting.ShapedRecipe$Serializer.m_6729_(ShapedRecipe.java:285) ~[server-1.18.2-20220404.173914-srg.jar%23257!/:?]
	at net.minecraftforge.common.extensions.IForgeRecipeSerializer.fromJson(IForgeRecipeSerializer.java:23) ~[forge-1.18.2-40.2.21-universal.jar%23262!/:?]
	at net.minecraft.world.item.crafting.RecipeManager.fromJson(RecipeManager.java:157) ~[server-1.18.2-20220404.173914-srg.jar%23257!/:?]
	at net.minecraft.world.item.crafting.RecipeManager.m_5787_(RecipeManager.java:67) ~[server-1.18.2-20220404.173914-srg.jar%23257!/:?]
	at net.minecraft.world.item.crafting.RecipeManager.m_5787_(RecipeManager.java:34) ~[server-1.18.2-20220404.173914-srg.jar%23257!/:?]
	at net.minecraft.server.packs.resources.SimplePreparableReloadListener.m_10789_(SimplePreparableReloadListener.java:13) ~[server-1.18.2-20220404.173914-srg.jar%23257!/:?]
	at java.util.concurrent.CompletableFuture$UniAccept.tryFire(CompletableFuture.java:718) ~[?:?]
	at java.util.concurrent.CompletableFuture$Completion.run(CompletableFuture.java:482) ~[?:?]
	at net.minecraft.server.packs.resources.SimpleReloadInstance.m_143940_(SimpleReloadInstance.java:69) ~[server-1.18.2-20220404.173914-srg.jar%23257!/:?]
	at net.minecraft.server.packs.resources.SimpleReloadInstance.m_10834_(SimpleReloadInstance.java:68) ~[server-1.18.2-20220404.173914-srg.jar%23257!/:?]
	at java.util.concurrent.CompletableFuture$UniCompletion.claim(CompletableFuture.java:572) ~[?:?]
	at java.util.concurrent.CompletableFuture$UniAccept.tryFire(CompletableFuture.java:714) ~[?:?]
	at java.util.concurrent.CompletableFuture.postComplete(CompletableFuture.java:510) ~[?:?]
	at java.util.concurrent.CompletableFuture.postFire(CompletableFuture.java:614) ~[?:?]
	at java.util.concurrent.CompletableFuture$UniAccept.tryFire(CompletableFuture.java:726) ~[?:?]
	at java.util.concurrent.CompletableFuture$Completion.run(CompletableFuture.java:482) ~[?:?]
	at net.minecraft.server.packs.resources.SimpleReloadInstance.m_143940_(SimpleReloadInstance.java:69) ~[server-1.18.2-20220404.173914-srg.jar%23257!/:?]
	at net.minecraft.server.packs.resources.SimpleReloadInstance.m_10834_(SimpleReloadInstance.java:68) ~[server-1.18.2-20220404.173914-srg.jar%23257!/:?]
	at java.util.concurrent.CompletableFuture$UniCompletion.claim(CompletableFuture.java:572) ~[?:?]
	at java.util.concurrent.CompletableFuture$UniAccept.tryFire(CompletableFuture.java:714) ~[?:?]
	at java.util.concurrent.CompletableFuture.postComplete(CompletableFuture.java:510) ~[?:?]
	at java.util.concurrent.CompletableFuture.postFire(CompletableFuture.java:614) ~[?:?]
	at java.util.concurrent.CompletableFuture$UniAccept.tryFire(CompletableFuture.java:726) ~[?:?]
	at java.util.concurrent.CompletableFuture$Completion.run(CompletableFuture.java:482) ~[?:?]
	at net.minecraft.server.packs.resources.SimpleReloadInstance.m_143940_(SimpleReloadInstance.java:69) ~[server-1.18.2-20220404.173914-srg.jar%23257!/:?]
	at net.minecraft.server.packs.resources.SimpleReloadInstance.m_10834_(SimpleReloadInstance.java:68) ~[server-1.18.2-20220404.173914-srg.jar%23257!/:?]
	at java.util.concurrent.CompletableFuture$UniCompletion.claim(CompletableFuture.java:572) ~[?:?]
	at java.util.concurrent.CompletableFuture$UniAccept.tryFire(CompletableFuture.java:714) ~[?:?]
	at java.util.concurrent.CompletableFuture.postComplete(CompletableFuture.java:510) ~[?:?]
	at java.util.concurrent.CompletableFuture.complete(CompletableFuture.java:2147) ~[?:?]
	at net.minecraft.server.packs.resources.SimpleReloadInstance$1.m_10855_(SimpleReloadInstance.java:51) ~[server-1.18.2-20220404.173914-srg.jar%23257!/:?]
	at net.minecraft.server.packs.resources.SimpleReloadInstance$1.m_6769_(SimpleReloadInstance.java:48) ~[server-1.18.2-20220404.173914-srg.jar%23257!/:?]
	at java.util.concurrent.CompletableFuture$UniCompose.tryFire(CompletableFuture.java:1150) [?:?]
	at java.util.concurrent.CompletableFuture.postComplete(CompletableFuture.java:510) [?:?]
	at java.util.concurrent.CompletableFuture$AsyncSupply.run(CompletableFuture.java:1773) [?:?]
	at java.util.concurrent.CompletableFuture$AsyncSupply.exec(CompletableFuture.java:1760) [?:?]
	at java.util.concurrent.ForkJoinTask.doExec(ForkJoinTask.java:373) [?:?]
	at java.util.concurrent.ForkJoinPool$WorkQueue.topLevelExec(ForkJoinPool.java:1182) [?:?]
	at java.util.concurrent.ForkJoinPool.scan(ForkJoinPool.java:1655) [?:?]
	at java.util.concurrent.ForkJoinPool.runWorker(ForkJoinPool.java:1622) [?:?]
	at java.util.concurrent.ForkJoinWorkerThread.run(ForkJoinWorkerThread.java:165) [?:?]
[04Dec2025 01:08:17.711] [Worker-Main1/INFO] [net.minecraft.world.item.crafting.RecipeManager/]: Skipping loading recipe atmospheric:morado_bookshelf as it's serializer returned null
[04Dec2025 01:08:17.721] [Worker-Main1/INFO] [net.minecraft.world.item.crafting.RecipeManager/]: Loaded 120 recipes
[04Dec2025 01:08:17.739] [Worker-Main1/INFO] [com.teamabnormals.blueprint.core.Blueprint/]: Loot Modification Manager has loaded 7 modifier groups
[04Dec2025 01:08:18.011] [Worker-Main1/WARN] [net.minecraft.world.level.storage.loot.LootTables/]: Datapack tried to redefine minecraft:empty loot table, ignoring
[04Dec2025 01:08:18.218] [Worker-Main1/ERROR] [net.minecraft.world.level.storage.loot.LootTables/]: Couldn't parse loot table darkerdepths:blocks/cobbled_red_sandstone_slab
com.google.gson.JsonSyntaxException: Expected name to be an item, was unknown string 'darkerdepths:cobbled_red_sandstone_slab'
	at net.minecraft.util.GsonHelper.m_13866_(GsonHelper.java:130) ~[server-1.18.2-20220404.173914-srg.jar%23257!/:?]
	at java.util.Optional.orElseThrow(Optional.java:403) ~[?:?]
	at net.minecraft.util.GsonHelper.m_13874_(GsonHelper.java:130) ~[server-1.18.2-20220404.173914-srg.jar%23257!/:?]
	at net.minecraft.util.GsonHelper.m_13909_(GsonHelper.java:138) ~[server-1.18.2-20220404.173914-srg.jar%23257!/:?]
	at net.minecraft.world.level.storage.loot.entries.LootItem$Serializer.m_7267_(LootItem.java:55) ~[server-1.18.2-20220404.173914-srg.jar%23257!/:?]
	at net.minecraft.world.level.storage.loot.entries.LootItem$Serializer.m_7267_(LootItem.java:40) ~[server-1.18.2-20220404.173914-srg.jar%23257!/:?]
	at net.minecraft.world.level.storage.loot.entries.LootPoolSingletonContainer$Serializer.m_5921_(LootPoolSingletonContainer.java:151) ~[server-1.18.2-20220404.173914-srg.jar%23257!/:?]
	at net.minecraft.world.level.storage.loot.entries.LootPoolSingletonContainer$Serializer.m_5921_(LootPoolSingletonContainer.java:129) ~[server-1.18.2-20220404.173914-srg.jar%23257!/:?]
	at net.minecraft.world.level.storage.loot.entries.LootPoolEntryContainer$Serializer.m_7561_(LootPoolEntryContainer.java:86) ~[server-1.18.2-20220404.173914-srg.jar%23257!/:?]
	at net.minecraft.world.level.storage.loot.entries.LootPoolEntryContainer$Serializer.m_7561_(LootPoolEntryContainer.java:74) ~[server-1.18.2-20220404.173914-srg.jar%23257!/:?]
	at net.minecraft.world.level.storage.loot.GsonAdapterFactory$JsonAdapter.deserialize(GsonAdapterFactory.java:102) ~[server-1.18.2-20220404.173914-srg.jar%23257!/:?]
	at com.google.gson.internal.bind.TreeTypeAdapter.read(TreeTypeAdapter.java:69) ~[gson-2.8.9.jar%2321!/:?]
	at com.google.gson.internal.bind.TypeAdapterRuntimeTypeWrapper.read(TypeAdapterRuntimeTypeWrapper.java:41) ~[gson-2.8.9.jar%2321!/:?]
	at com.google.gson.internal.bind.ArrayTypeAdapter.read(ArrayTypeAdapter.java:72) ~[gson-2.8.9.jar%2321!/:?]
	at com.google.gson.Gson.fromJson(Gson.java:963) ~[gson-2.8.9.jar%2321!/:?]
	at com.google.gson.Gson.fromJson(Gson.java:1034) ~[gson-2.8.9.jar%2321!/:?]
	at com.google.gson.internal.bind.TreeTypeAdapter$GsonContextImpl.deserialize(TreeTypeAdapter.java:162) ~[gson-2.8.9.jar%2321!/:?]
	at net.minecraft.util.GsonHelper.m_13808_(GsonHelper.java:448) ~[server-1.18.2-20220404.173914-srg.jar%23257!/:?]
	at net.minecraft.util.GsonHelper.m_13836_(GsonHelper.java:456) ~[server-1.18.2-20220404.173914-srg.jar%23257!/:?]
	at net.minecraft.world.level.storage.loot.LootPool$Serializer.deserialize(LootPool.java:190) ~[server-1.18.2-20220404.173914-srg.jar%23257!/:?]
	at net.minecraft.world.level.storage.loot.LootPool$Serializer.deserialize(LootPool.java:187) ~[server-1.18.2-20220404.173914-srg.jar%23257!/:?]
	at com.google.gson.internal.bind.TreeTypeAdapter.read(TreeTypeAdapter.java:69) ~[gson-2.8.9.jar%2321!/:?]
	at com.google.gson.internal.bind.TypeAdapterRuntimeTypeWrapper.read(TypeAdapterRuntimeTypeWrapper.java:41) ~[gson-2.8.9.jar%2321!/:?]
	at com.google.gson.internal.bind.ArrayTypeAdapter.read(ArrayTypeAdapter.java:72) ~[gson-2.8.9.jar%2321!/:?]
	at com.google.gson.Gson.fromJson(Gson.java:963) ~[gson-2.8.9.jar%2321!/:?]
	at com.google.gson.Gson.fromJson(Gson.java:1034) ~[gson-2.8.9.jar%2321!/:?]
	at com.google.gson.internal.bind.TreeTypeAdapter$GsonContextImpl.deserialize(TreeTypeAdapter.java:162) ~[gson-2.8.9.jar%2321!/:?]
	at net.minecraft.util.GsonHelper.m_13808_(GsonHelper.java:448) ~[server-1.18.2-20220404.173914-srg.jar%23257!/:?]
	at net.minecraft.util.GsonHelper.m_13845_(GsonHelper.java:466) ~[server-1.18.2-20220404.173914-srg.jar%23257!/:?]
	at net.minecraft.world.level.storage.loot.LootTable$Serializer.deserialize(LootTable.java:255) ~[server-1.18.2-20220404.173914-srg.jar%23257!/:?]
	at net.minecraft.world.level.storage.loot.LootTable$Serializer.deserialize(LootTable.java:252) ~[server-1.18.2-20220404.173914-srg.jar%23257!/:?]
	at com.google.gson.internal.bind.TreeTypeAdapter.read(TreeTypeAdapter.java:69) ~[gson-2.8.9.jar%2321!/:?]
	at com.google.gson.Gson.fromJson(Gson.java:963) ~[gson-2.8.9.jar%2321!/:?]
	at com.google.gson.Gson.fromJson(Gson.java:1034) ~[gson-2.8.9.jar%2321!/:?]
	at com.google.gson.Gson.fromJson(Gson.java:1006) ~[gson-2.8.9.jar%2321!/:?]
	at net.minecraftforge.common.ForgeHooks.loadLootTable(ForgeHooks.java:888) ~[forge-1.18.2-40.2.21-universal.jar%23262!/:?]
	at net.minecraft.world.level.storage.loot.LootTables.lambda$apply$0(LootTables.java:41) ~[server-1.18.2-20220404.173914-srg.jar%23257!/:?]
	at java.util.HashMap.forEach(HashMap.java:1421) ~[?:?]
	at net.minecraft.world.level.storage.loot.LootTables.m_5787_(LootTables.java:39) ~[server-1.18.2-20220404.173914-srg.jar%23257!/:?]
	at net.minecraft.world.level.storage.loot.LootTables.m_5787_(LootTables.java:17) ~[server-1.18.2-20220404.173914-srg.jar%23257!/:?]
	at net.minecraft.server.packs.resources.SimplePreparableReloadListener.m_10789_(SimplePreparableReloadListener.java:13) ~[server-1.18.2-20220404.173914-srg.jar%23257!/:?]
	at java.util.concurrent.CompletableFuture$UniAccept.tryFire(CompletableFuture.java:718) ~[?:?]
	at java.util.concurrent.CompletableFuture$Completion.run(CompletableFuture.java:482) ~[?:?]
	at net.minecraft.server.packs.resources.SimpleReloadInstance.m_143940_(SimpleReloadInstance.java:69) ~[server-1.18.2-20220404.173914-srg.jar%23257!/:?]
	at net.minecraft.server.packs.resources.SimpleReloadInstance.m_10834_(SimpleReloadInstance.java:68) ~[server-1.18.2-20220404.173914-srg.jar%23257!/:?]
	at java.util.concurrent.CompletableFuture$UniCompletion.claim(CompletableFuture.java:572) ~[?:?]
	at java.util.concurrent.CompletableFuture$UniAccept.tryFire(CompletableFuture.java:714) ~[?:?]
	at java.util.concurrent.CompletableFuture.postComplete(CompletableFuture.java:510) ~[?:?]
	at java.util.concurrent.CompletableFuture.postFire(CompletableFuture.java:614) ~[?:?]
	at java.util.concurrent.CompletableFuture$UniAccept.tryFire(CompletableFuture.java:726) ~[?:?]
	at java.util.concurrent.CompletableFuture$Completion.run(CompletableFuture.java:482) ~[?:?]
	at net.minecraft.server.packs.resources.SimpleReloadInstance.m_143940_(SimpleReloadInstance.java:69) ~[server-1.18.2-20220404.173914-srg.jar%23257!/:?]
	at net.minecraft.server.packs.resources.SimpleReloadInstance.m_10834_(SimpleReloadInstance.java:68) ~[server-1.18.2-20220404.173914-srg.jar%23257!/:?]
	at java.util.concurrent.CompletableFuture$UniCompletion.claim(CompletableFuture.java:572) ~[?:?]
	at java.util.concurrent.CompletableFuture$UniAccept.tryFire(CompletableFuture.java:714) ~[?:?]
	at java.util.concurrent.CompletableFuture.postComplete(CompletableFuture.java:510) ~[?:?]
	at java.util.concurrent.CompletableFuture.postFire(CompletableFuture.java:614) ~[?:?]
	at java.util.concurrent.CompletableFuture$UniAccept.tryFire(CompletableFuture.java:726) ~[?:?]
	at java.util.concurrent.CompletableFuture$Completion.run(CompletableFuture.java:482) ~[?:?]
	at net.minecraft.server.packs.resources.SimpleReloadInstance.m_143940_(SimpleReloadInstance.java:69) ~[server-1.18.2-20220404.173914-srg.jar%23257!/:?]
	at net.minecraft.server.packs.resources.SimpleReloadInstance.m_10834_(SimpleReloadInstance.java:68) ~[server-1.18.2-20220404.173914-srg.jar%23257!/:?]
	at java.util.concurrent.CompletableFuture$UniCompletion.claim(CompletableFuture.java:572) ~[?:?]
	at java.util.concurrent.CompletableFuture$UniAccept.tryFire(CompletableFuture.java:714) ~[?:?]
	at java.util.concurrent.CompletableFuture.postComplete(CompletableFuture.java:510) ~[?:?]
	at java.util.concurrent.CompletableFuture.postFire(CompletableFuture.java:614) ~[?:?]
	at java.util.concurrent.CompletableFuture$UniAccept.tryFire(CompletableFuture.java:726) ~[?:?]
	at java.util.concurrent.CompletableFuture$Completion.run(CompletableFuture.java:482) ~[?:?]
	at net.minecraft.server.packs.resources.SimpleReloadInstance.m_143940_(SimpleReloadInstance.java:69) ~[server-1.18.2-20220404.173914-srg.jar%23257!/:?]
	at net.minecraft.server.packs.resources.SimpleReloadInstance.m_10834_(SimpleReloadInstance.java:68) ~[server-1.18.2-20220404.173914-srg.jar%23257!/:?]
	at java.util.concurrent.CompletableFuture$UniCompletion.claim(CompletableFuture.java:572) ~[?:?]
	at java.util.concurrent.CompletableFuture$UniAccept.tryFire(CompletableFuture.java:714) ~[?:?]
	at java.util.concurrent.CompletableFuture.postComplete(CompletableFuture.java:510) ~[?:?]
	at java.util.concurrent.CompletableFuture.postFire(CompletableFuture.java:614) ~[?:?]
	at java.util.concurrent.CompletableFuture$UniAccept.tryFire(CompletableFuture.java:726) ~[?:?]
	at java.util.concurrent.CompletableFuture$Completion.run(CompletableFuture.java:482) ~[?:?]
	at net.minecraft.server.packs.resources.SimpleReloadInstance.m_143940_(SimpleReloadInstance.java:69) ~[server-1.18.2-20220404.173914-srg.jar%23257!/:?]
	at net.minecraft.server.packs.resources.SimpleReloadInstance.m_10834_(SimpleReloadInstance.java:68) ~[server-1.18.2-20220404.173914-srg.jar%23257!/:?]
	at java.util.concurrent.CompletableFuture$UniCompletion.claim(CompletableFuture.java:572) ~[?:?]
	at java.util.concurrent.CompletableFuture$UniAccept.tryFire(CompletableFuture.java:714) ~[?:?]
	at java.util.concurrent.CompletableFuture.postComplete(CompletableFuture.java:510) ~[?:?]
	at java.util.concurrent.CompletableFuture.complete(CompletableFuture.java:2147) ~[?:?]
	at net.minecraft.server.packs.resources.SimpleReloadInstance$1.m_10855_(SimpleReloadInstance.java:51) ~[server-1.18.2-20220404.173914-srg.jar%23257!/:?]
	at net.minecraft.server.packs.resources.SimpleReloadInstance$1.m_6769_(SimpleReloadInstance.java:48) ~[server-1.18.2-20220404.173914-srg.jar%23257!/:?]
	at java.util.concurrent.CompletableFuture$UniCompose.tryFire(CompletableFuture.java:1150) [?:?]
	at java.util.concurrent.CompletableFuture.postComplete(CompletableFuture.java:510) [?:?]
	at java.util.concurrent.CompletableFuture$AsyncSupply.run(CompletableFuture.java:1773) [?:?]
	at java.util.concurrent.CompletableFuture$AsyncSupply.exec(CompletableFuture.java:1760) [?:?]
	at java.util.concurrent.ForkJoinTask.doExec(ForkJoinTask.java:373) [?:?]
	at java.util.concurrent.ForkJoinPool$WorkQueue.topLevelExec(ForkJoinPool.java:1182) [?:?]
	at java.util.concurrent.ForkJoinPool.scan(ForkJoinPool.java:1655) [?:?]
	at java.util.concurrent.ForkJoinPool.runWorker(ForkJoinPool.java:1622) [?:?]
	at java.util.concurrent.ForkJoinWorkerThread.run(ForkJoinWorkerThread.java:165) [?:?]
[04Dec2025 01:08:18.393] [Worker-Main1/ERROR] [net.minecraft.world.level.storage.loot.LootTables/]: Couldn't parse loot table darkerdepths:blocks/aridrock_speleothem
com.google.gson.JsonSyntaxException: Expected name to be an item, was unknown string 'darkerdepths:aridrock_speleothem'
	at net.minecraft.util.GsonHelper.m_13866_(GsonHelper.java:130) ~[server-1.18.2-20220404.173914-srg.jar%23257!/:?]
	at java.util.Optional.orElseThrow(Optional.java:403) ~[?:?]
	at net.minecraft.util.GsonHelper.m_13874_(GsonHelper.java:130) ~[server-1.18.2-20220404.173914-srg.jar%23257!/:?]
	at net.minecraft.util.GsonHelper.m_13909_(GsonHelper.java:138) ~[server-1.18.2-20220404.173914-srg.jar%23257!/:?]
	at net.minecraft.world.level.storage.loot.entries.LootItem$Serializer.m_7267_(LootItem.java:55) ~[server-1.18.2-20220404.173914-srg.jar%23257!/:?]
	at net.minecraft.world.level.storage.loot.entries.LootItem$Serializer.m_7267_(LootItem.java:40) ~[server-1.18.2-20220404.173914-srg.jar%23257!/:?]
	at net.minecraft.world.level.storage.loot.entries.LootPoolSingletonContainer$Serializer.m_5921_(LootPoolSingletonContainer.java:151) ~[server-1.18.2-20220404.173914-srg.jar%23257!/:?]
	at net.minecraft.world.level.storage.loot.entries.LootPoolSingletonContainer$Serializer.m_5921_(LootPoolSingletonContainer.java:129) ~[server-1.18.2-20220404.173914-srg.jar%23257!/:?]
	at net.minecraft.world.level.storage.loot.entries.LootPoolEntryContainer$Serializer.m_7561_(LootPoolEntryContainer.java:86) ~[server-1.18.2-20220404.173914-srg.jar%23257!/:?]
	at net.minecraft.world.level.storage.loot.entries.LootPoolEntryContainer$Serializer.m_7561_(LootPoolEntryContainer.java:74) ~[server-1.18.2-20220404.173914-srg.jar%23257!/:?]
	at net.minecraft.world.level.storage.loot.GsonAdapterFactory$JsonAdapter.deserialize(GsonAdapterFactory.java:102) ~[server-1.18.2-20220404.173914-srg.jar%23257!/:?]
	at com.google.gson.internal.bind.TreeTypeAdapter.read(TreeTypeAdapter.java:69) ~[gson-2.8.9.jar%2321!/:?]
	at com.google.gson.internal.bind.TypeAdapterRuntimeTypeWrapper.read(TypeAdapterRuntimeTypeWrapper.java:41) ~[gson-2.8.9.jar%2321!/:?]
	at com.google.gson.internal.bind.ArrayTypeAdapter.read(ArrayTypeAdapter.java:72) ~[gson-2.8.9.jar%2321!/:?]
	at com.google.gson.Gson.fromJson(Gson.java:963) ~[gson-2.8.9.jar%2321!/:?]
	at com.google.gson.Gson.fromJson(Gson.java:1034) ~[gson-2.8.9.jar%2321!/:?]
	at com.google.gson.internal.bind.TreeTypeAdapter$GsonContextImpl.deserialize(TreeTypeAdapter.java:162) ~[gson-2.8.9.jar%2321!/:?]
	at net.minecraft.util.GsonHelper.m_13808_(GsonHelper.java:448) ~[server-1.18.2-20220404.173914-srg.jar%23257!/:?]
	at net.minecraft.util.GsonHelper.m_13836_(GsonHelper.java:456) ~[server-1.18.2-20220404.173914-srg.jar%23257!/:?]
	at net.minecraft.world.level.storage.loot.LootPool$Serializer.deserialize(LootPool.java:190) ~[server-1.18.2-20220404.173914-srg.jar%23257!/:?]
	at net.minecraft.world.level.storage.loot.LootPool$Serializer.deserialize(LootPool.java:187) ~[server-1.18.2-20220404.173914-srg.jar%23257!/:?]
	at com.google.gson.internal.bind.TreeTypeAdapter.read(TreeTypeAdapter.java:69) ~[gson-2.8.9.jar%2321!/:?]
	at com.google.gson.internal.bind.TypeAdapterRuntimeTypeWrapper.read(TypeAdapterRuntimeTypeWrapper.java:41) ~[gson-2.8.9.jar%2321!/:?]
	at com.google.gson.internal.bind.ArrayTypeAdapter.read(ArrayTypeAdapter.java:72) ~[gson-2.8.9.jar%2321!/:?]
	at com.google.gson.Gson.fromJson(Gson.java:963) ~[gson-2.8.9.jar%2321!/:?]
	at com.google.gson.Gson.fromJson(Gson.java:1034) ~[gson-2.8.9.jar%2321!/:?]
	at com.google.gson.internal.bind.TreeTypeAdapter$GsonContextImpl.deserialize(TreeTypeAdapter.java:162) ~[gson-2.8.9.jar%2321!/:?]
	at net.minecraft.util.GsonHelper.m_13808_(GsonHelper.java:448) ~[server-1.18.2-20220404.173914-srg.jar%23257!/:?]
	at net.minecraft.util.GsonHelper.m_13845_(GsonHelper.java:466) ~[server-1.18.2-20220404.173914-srg.jar%23257!/:?]
	at net.minecraft.world.level.storage.loot.LootTable$Serializer.deserialize(LootTable.java:255) ~[server-1.18.2-20220404.173914-srg.jar%23257!/:?]
	at net.minecraft.world.level.storage.loot.LootTable$Serializer.deserialize(LootTable.java:252) ~[server-1.18.2-20220404.173914-srg.jar%23257!/:?]
	at com.google.gson.internal.bind.TreeTypeAdapter.read(TreeTypeAdapter.java:69) ~[gson-2.8.9.jar%2321!/:?]
	at com.google.gson.Gson.fromJson(Gson.java:963) ~[gson-2.8.9.jar%2321!/:?]
	at com.google.gson.Gson.fromJson(Gson.java:1034) ~[gson-2.8.9.jar%2321!/:?]
	at com.google.gson.Gson.fromJson(Gson.java:1006) ~[gson-2.8.9.jar%2321!/:?]
	at net.minecraftforge.common.ForgeHooks.loadLootTable(ForgeHooks.java:888) ~[forge-1.18.2-40.2.21-universal.jar%23262!/:?]
	at net.minecraft.world.level.storage.loot.LootTables.lambda$apply$0(LootTables.java:41) ~[server-1.18.2-20220404.173914-srg.jar%23257!/:?]
	at java.util.HashMap.forEach(HashMap.java:1421) ~[?:?]
	at net.minecraft.world.level.storage.loot.LootTables.m_5787_(LootTables.java:39) ~[server-1.18.2-20220404.173914-srg.jar%23257!/:?]
	at net.minecraft.world.level.storage.loot.LootTables.m_5787_(LootTables.java:17) ~[server-1.18.2-20220404.173914-srg.jar%23257!/:?]
	at net.minecraft.server.packs.resources.SimplePreparableReloadListener.m_10789_(SimplePreparableReloadListener.java:13) ~[server-1.18.2-20220404.173914-srg.jar%23257!/:?]
	at java.util.concurrent.CompletableFuture$UniAccept.tryFire(CompletableFuture.java:718) ~[?:?]
	at java.util.concurrent.CompletableFuture$Completion.run(CompletableFuture.java:482) ~[?:?]
	at net.minecraft.server.packs.resources.SimpleReloadInstance.m_143940_(SimpleReloadInstance.java:69) ~[server-1.18.2-20220404.173914-srg.jar%23257!/:?]
	at net.minecraft.server.packs.resources.SimpleReloadInstance.m_10834_(SimpleReloadInstance.java:68) ~[server-1.18.2-20220404.173914-srg.jar%23257!/:?]
	at java.util.concurrent.CompletableFuture$UniCompletion.claim(CompletableFuture.java:572) ~[?:?]
	at java.util.concurrent.CompletableFuture$UniAccept.tryFire(CompletableFuture.java:714) ~[?:?]
	at java.util.concurrent.CompletableFuture.postComplete(CompletableFuture.java:510) ~[?:?]
	at java.util.concurrent.CompletableFuture.postFire(CompletableFuture.java:614) ~[?:?]
	at java.util.concurrent.CompletableFuture$UniAccept.tryFire(CompletableFuture.java:726) ~[?:?]
	at java.util.concurrent.CompletableFuture$Completion.run(CompletableFuture.java:482) ~[?:?]
	at net.minecraft.server.packs.resources.SimpleReloadInstance.m_143940_(SimpleReloadInstance.java:69) ~[server-1.18.2-20220404.173914-srg.jar%23257!/:?]
	at net.minecraft.server.packs.resources.SimpleReloadInstance.m_10834_(SimpleReloadInstance.java:68) ~[server-1.18.2-20220404.173914-srg.jar%23257!/:?]
	at java.util.concurrent.CompletableFuture$UniCompletion.claim(CompletableFuture.java:572) ~[?:?]
	at java.util.concurrent.CompletableFuture$UniAccept.tryFire(CompletableFuture.java:714) ~[?:?]
	at java.util.concurrent.CompletableFuture.postComplete(CompletableFuture.java:510) ~[?:?]
	at java.util.concurrent.CompletableFuture.postFire(CompletableFuture.java:614) ~[?:?]
	at java.util.concurrent.CompletableFuture$UniAccept.tryFire(CompletableFuture.java:726) ~[?:?]
	at java.util.concurrent.CompletableFuture$Completion.run(CompletableFuture.java:482) ~[?:?]
	at net.minecraft.server.packs.resources.SimpleReloadInstance.m_143940_(SimpleReloadInstance.java:69) ~[server-1.18.2-20220404.173914-srg.jar%23257!/:?]
	at net.minecraft.server.packs.resources.SimpleReloadInstance.m_10834_(SimpleReloadInstance.java:68) ~[server-1.18.2-20220404.173914-srg.jar%23257!/:?]
	at java.util.concurrent.CompletableFuture$UniCompletion.claim(CompletableFuture.java:572) ~[?:?]
	at java.util.concurrent.CompletableFuture$UniAccept.tryFire(CompletableFuture.java:714) ~[?:?]
	at java.util.concurrent.CompletableFuture.postComplete(CompletableFuture.java:510) ~[?:?]
	at java.util.concurrent.CompletableFuture.postFire(CompletableFuture.java:614) ~[?:?]
	at java.util.concurrent.CompletableFuture$UniAccept.tryFire(CompletableFuture.java:726) ~[?:?]
	at java.util.concurrent.CompletableFuture$Completion.run(CompletableFuture.java:482) ~[?:?]
	at net.minecraft.server.packs.resources.SimpleReloadInstance.m_143940_(SimpleReloadInstance.java:69) ~[server-1.18.2-20220404.173914-srg.jar%23257!/:?]
	at net.minecraft.server.packs.resources.SimpleReloadInstance.m_10834_(SimpleReloadInstance.java:68) ~[server-1.18.2-20220404.173914-srg.jar%23257!/:?]
	at java.util.concurrent.CompletableFuture$UniCompletion.claim(CompletableFuture.java:572) ~[?:?]
	at java.util.concurrent.CompletableFuture$UniAccept.tryFire(CompletableFuture.java:714) ~[?:?]
	at java.util.concurrent.CompletableFuture.postComplete(CompletableFuture.java:510) ~[?:?]
	at java.util.concurrent.CompletableFuture.postFire(CompletableFuture.java:614) ~[?:?]
	at java.util.concurrent.CompletableFuture$UniAccept.tryFire(CompletableFuture.java:726) ~[?:?]
	at java.util.concurrent.CompletableFuture$Completion.run(CompletableFuture.java:482) ~[?:?]
	at net.minecraft.server.packs.resources.SimpleReloadInstance.m_143940_(SimpleReloadInstance.java:69) ~[server-1.18.2-20220404.173914-srg.jar%23257!/:?]
	at net.minecraft.server.packs.resources.SimpleReloadInstance.m_10834_(SimpleReloadInstance.java:68) ~[server-1.18.2-20220404.173914-srg.jar%23257!/:?]
	at java.util.concurrent.CompletableFuture$UniCompletion.claim(CompletableFuture.java:572) ~[?:?]
	at java.util.concurrent.CompletableFuture$UniAccept.tryFire(CompletableFuture.java:714) ~[?:?]
	at java.util.concurrent.CompletableFuture.postComplete(CompletableFuture.java:510) ~[?:?]
	at java.util.concurrent.CompletableFuture.complete(CompletableFuture.java:2147) ~[?:?]
	at net.minecraft.server.packs.resources.SimpleReloadInstance$1.m_10855_(SimpleReloadInstance.java:51) ~[server-1.18.2-20220404.173914-srg.jar%23257!/:?]
	at net.minecraft.server.packs.resources.SimpleReloadInstance$1.m_6769_(SimpleReloadInstance.java:48) ~[server-1.18.2-20220404.173914-srg.jar%23257!/:?]
	at java.util.concurrent.CompletableFuture$UniCompose.tryFire(CompletableFuture.java:1150) [?:?]
	at java.util.concurrent.CompletableFuture.postComplete(CompletableFuture.java:510) [?:?]
	at java.util.concurrent.CompletableFuture$AsyncSupply.run(CompletableFuture.java:1773) [?:?]
	at java.util.concurrent.CompletableFuture$AsyncSupply.exec(CompletableFuture.java:1760) [?:?]
	at java.util.concurrent.ForkJoinTask.doExec(ForkJoinTask.java:373) [?:?]
	at java.util.concurrent.ForkJoinPool$WorkQueue.topLevelExec(ForkJoinPool.java:1182) [?:?]
	at java.util.concurrent.ForkJoinPool.scan(ForkJoinPool.java:1655) [?:?]
	at java.util.concurrent.ForkJoinPool.runWorker(ForkJoinPool.java:1622) [?:?]
	at java.util.concurrent.ForkJoinWorkerThread.run(ForkJoinWorkerThread.java:165) [?:?]
[04Dec2025 01:08:18.586] [Worker-Main1/ERROR] [net.minecraft.world.level.storage.loot.LootTables/]: Couldn't parse loot table darkerdepths:blocks/celestine_crystal_block
com.google.gson.JsonSyntaxException: Expected name to be an item, was unknown string 'darkerdepths:celestine_crystal_block'
	at net.minecraft.util.GsonHelper.m_13866_(GsonHelper.java:130) ~[server-1.18.2-20220404.173914-srg.jar%23257!/:?]
	at java.util.Optional.orElseThrow(Optional.java:403) ~[?:?]
	at net.minecraft.util.GsonHelper.m_13874_(GsonHelper.java:130) ~[server-1.18.2-20220404.173914-srg.jar%23257!/:?]
	at net.minecraft.util.GsonHelper.m_13909_(GsonHelper.java:138) ~[server-1.18.2-20220404.173914-srg.jar%23257!/:?]
	at net.minecraft.world.level.storage.loot.entries.LootItem$Serializer.m_7267_(LootItem.java:55) ~[server-1.18.2-20220404.173914-srg.jar%23257!/:?]
	at net.minecraft.world.level.storage.loot.entries.LootItem$Serializer.m_7267_(LootItem.java:40) ~[server-1.18.2-20220404.173914-srg.jar%23257!/:?]
	at net.minecraft.world.level.storage.loot.entries.LootPoolSingletonContainer$Serializer.m_5921_(LootPoolSingletonContainer.java:151) ~[server-1.18.2-20220404.173914-srg.jar%23257!/:?]
	at net.minecraft.world.level.storage.loot.entries.LootPoolSingletonContainer$Serializer.m_5921_(LootPoolSingletonContainer.java:129) ~[server-1.18.2-20220404.173914-srg.jar%23257!/:?]
	at net.minecraft.world.level.storage.loot.entries.LootPoolEntryContainer$Serializer.m_7561_(LootPoolEntryContainer.java:86) ~[server-1.18.2-20220404.173914-srg.jar%23257!/:?]
	at net.minecraft.world.level.storage.loot.entries.LootPoolEntryContainer$Serializer.m_7561_(LootPoolEntryContainer.java:74) ~[server-1.18.2-20220404.173914-srg.jar%23257!/:?]
	at net.minecraft.world.level.storage.loot.GsonAdapterFactory$JsonAdapter.deserialize(GsonAdapterFactory.java:102) ~[server-1.18.2-20220404.173914-srg.jar%23257!/:?]
	at com.google.gson.internal.bind.TreeTypeAdapter.read(TreeTypeAdapter.java:69) ~[gson-2.8.9.jar%2321!/:?]
	at com.google.gson.internal.bind.TypeAdapterRuntimeTypeWrapper.read(TypeAdapterRuntimeTypeWrapper.java:41) ~[gson-2.8.9.jar%2321!/:?]
	at com.google.gson.internal.bind.ArrayTypeAdapter.read(ArrayTypeAdapter.java:72) ~[gson-2.8.9.jar%2321!/:?]
	at com.google.gson.Gson.fromJson(Gson.java:963) ~[gson-2.8.9.jar%2321!/:?]
	at com.google.gson.Gson.fromJson(Gson.java:1034) ~[gson-2.8.9.jar%2321!/:?]
	at com.google.gson.internal.bind.TreeTypeAdapter$GsonContextImpl.deserialize(TreeTypeAdapter.java:162) ~[gson-2.8.9.jar%2321!/:?]
	at net.minecraft.util.GsonHelper.m_13808_(GsonHelper.java:448) ~[server-1.18.2-20220404.173914-srg.jar%23257!/:?]
	at net.minecraft.util.GsonHelper.m_13836_(GsonHelper.java:456) ~[server-1.18.2-20220404.173914-srg.jar%23257!/:?]
	at net.minecraft.world.level.storage.loot.LootPool$Serializer.deserialize(LootPool.java:190) ~[server-1.18.2-20220404.173914-srg.jar%23257!/:?]
	at net.minecraft.world.level.storage.loot.LootPool$Serializer.deserialize(LootPool.java:187) ~[server-1.18.2-20220404.173914-srg.jar%23257!/:?]
	at com.google.gson.internal.bind.TreeTypeAdapter.read(TreeTypeAdapter.java:69) ~[gson-2.8.9.jar%2321!/:?]
	at com.google.gson.internal.bind.TypeAdapterRuntimeTypeWrapper.read(TypeAdapterRuntimeTypeWrapper.java:41) ~[gson-2.8.9.jar%2321!/:?]
	at com.google.gson.internal.bind.ArrayTypeAdapter.read(ArrayTypeAdapter.java:72) ~[gson-2.8.9.jar%2321!/:?]
	at com.google.gson.Gson.fromJson(Gson.java:963) ~[gson-2.8.9.jar%2321!/:?]
	at com.google.gson.Gson.fromJson(Gson.java:1034) ~[gson-2.8.9.jar%2321!/:?]
	at com.google.gson.internal.bind.TreeTypeAdapter$GsonContextImpl.deserialize(TreeTypeAdapter.java:162) ~[gson-2.8.9.jar%2321!/:?]
	at net.minecraft.util.GsonHelper.m_13808_(GsonHelper.java:448) ~[server-1.18.2-20220404.173914-srg.jar%23257!/:?]
	at net.minecraft.util.GsonHelper.m_13845_(GsonHelper.java:466) ~[server-1.18.2-20220404.173914-srg.jar%23257!/:?]
	at net.minecraft.world.level.storage.loot.LootTable$Serializer.deserialize(LootTable.java:255) ~[server-1.18.2-20220404.173914-srg.jar%23257!/:?]
	at net.minecraft.world.level.storage.loot.LootTable$Serializer.deserialize(LootTable.java:252) ~[server-1.18.2-20220404.173914-srg.jar%23257!/:?]
	at com.google.gson.internal.bind.TreeTypeAdapter.read(TreeTypeAdapter.java:69) ~[gson-2.8.9.jar%2321!/:?]
	at com.google.gson.Gson.fromJson(Gson.java:963) ~[gson-2.8.9.jar%2321!/:?]
	at com.google.gson.Gson.fromJson(Gson.java:1034) ~[gson-2.8.9.jar%2321!/:?]
	at com.google.gson.Gson.fromJson(Gson.java:1006) ~[gson-2.8.9.jar%2321!/:?]
	at net.minecraftforge.common.ForgeHooks.loadLootTable(ForgeHooks.java:888) ~[forge-1.18.2-40.2.21-universal.jar%23262!/:?]
	at net.minecraft.world.level.storage.loot.LootTables.lambda$apply$0(LootTables.java:41) ~[server-1.18.2-20220404.173914-srg.jar%23257!/:?]
	at java.util.HashMap.forEach(HashMap.java:1421) ~[?:?]
	at net.minecraft.world.level.storage.loot.LootTables.m_5787_(LootTables.java:39) ~[server-1.18.2-20220404.173914-srg.jar%23257!/:?]
	at net.minecraft.world.level.storage.loot.LootTables.m_5787_(LootTables.java:17) ~[server-1.18.2-20220404.173914-srg.jar%23257!/:?]
	at net.minecraft.server.packs.resources.SimplePreparableReloadListener.m_10789_(SimplePreparableReloadListener.java:13) ~[server-1.18.2-20220404.173914-srg.jar%23257!/:?]
	at java.util.concurrent.CompletableFuture$UniAccept.tryFire(CompletableFuture.java:718) ~[?:?]
	at java.util.concurrent.CompletableFuture$Completion.run(CompletableFuture.java:482) ~[?:?]
	at net.minecraft.server.packs.resources.SimpleReloadInstance.m_143940_(SimpleReloadInstance.java:69) ~[server-1.18.2-20220404.173914-srg.jar%23257!/:?]
	at net.minecraft.server.packs.resources.SimpleReloadInstance.m_10834_(SimpleReloadInstance.java:68) ~[server-1.18.2-20220404.173914-srg.jar%23257!/:?]
	at java.util.concurrent.CompletableFuture$UniCompletion.claim(CompletableFuture.java:572) ~[?:?]
	at java.util.concurrent.CompletableFuture$UniAccept.tryFire(CompletableFuture.java:714) ~[?:?]
	at java.util.concurrent.CompletableFuture.postComplete(CompletableFuture.java:510) ~[?:?]
	at java.util.concurrent.CompletableFuture.postFire(CompletableFuture.java:614) ~[?:?]
	at java.util.concurrent.CompletableFuture$UniAccept.tryFire(CompletableFuture.java:726) ~[?:?]
	at java.util.concurrent.CompletableFuture$Completion.run(CompletableFuture.java:482) ~[?:?]
	at net.minecraft.server.packs.resources.SimpleReloadInstance.m_143940_(SimpleReloadInstance.java:69) ~[server-1.18.2-20220404.173914-srg.jar%23257!/:?]
	at net.minecraft.server.packs.resources.SimpleReloadInstance.m_10834_(SimpleReloadInstance.java:68) ~[server-1.18.2-20220404.173914-srg.jar%23257!/:?]
	at java.util.concurrent.CompletableFuture$UniCompletion.claim(CompletableFuture.java:572) ~[?:?]
	at java.util.concurrent.CompletableFuture$UniAccept.tryFire(CompletableFuture.java:714) ~[?:?]
	at java.util.concurrent.CompletableFuture.postComplete(CompletableFuture.java:510) ~[?:?]
	at java.util.concurrent.CompletableFuture.postFire(CompletableFuture.java:614) ~[?:?]
	at java.util.concurrent.CompletableFuture$UniAccept.tryFire(CompletableFuture.java:726) ~[?:?]
	at java.util.concurrent.CompletableFuture$Completion.run(CompletableFuture.java:482) ~[?:?]
	at net.minecraft.server.packs.resources.SimpleReloadInstance.m_143940_(SimpleReloadInstance.java:69) ~[server-1.18.2-20220404.173914-srg.jar%23257!/:?]
	at net.minecraft.server.packs.resources.SimpleReloadInstance.m_10834_(SimpleReloadInstance.java:68) ~[server-1.18.2-20220404.173914-srg.jar%23257!/:?]
	at java.util.concurrent.CompletableFuture$UniCompletion.claim(CompletableFuture.java:572) ~[?:?]
	at java.util.concurrent.CompletableFuture$UniAccept.tryFire(CompletableFuture.java:714) ~[?:?]
	at java.util.concurrent.CompletableFuture.postComplete(CompletableFuture.java:510) ~[?:?]
	at java.util.concurrent.CompletableFuture.postFire(CompletableFuture.java:614) ~[?:?]
	at java.util.concurrent.CompletableFuture$UniAccept.tryFire(CompletableFuture.java:726) ~[?:?]
	at java.util.concurrent.CompletableFuture$Completion.run(CompletableFuture.java:482) ~[?:?]
	at net.minecraft.server.packs.resources.SimpleReloadInstance.m_143940_(SimpleReloadInstance.java:69) ~[server-1.18.2-20220404.173914-srg.jar%23257!/:?]
	at net.minecraft.server.packs.resources.SimpleReloadInstance.m_10834_(SimpleReloadInstance.java:68) ~[server-1.18.2-20220404.173914-srg.jar%23257!/:?]
	at java.util.concurrent.CompletableFuture$UniCompletion.claim(CompletableFuture.java:572) ~[?:?]
	at java.util.concurrent.CompletableFuture$UniAccept.tryFire(CompletableFuture.java:714) ~[?:?]
	at java.util.concurrent.CompletableFuture.postComplete(CompletableFuture.java:510) ~[?:?]
	at java.util.concurrent.CompletableFuture.postFire(CompletableFuture.java:614) ~[?:?]
	at java.util.concurrent.CompletableFuture$UniAccept.tryFire(CompletableFuture.java:726) ~[?:?]
	at java.util.concurrent.CompletableFuture$Completion.run(CompletableFuture.java:482) ~[?:?]
	at net.minecraft.server.packs.resources.SimpleReloadInstance.m_143940_(SimpleReloadInstance.java:69) ~[server-1.18.2-20220404.173914-srg.jar%23257!/:?]
	at net.minecraft.server.packs.resources.SimpleReloadInstance.m_10834_(SimpleReloadInstance.java:68) ~[server-1.18.2-20220404.173914-srg.jar%23257!/:?]
	at java.util.concurrent.CompletableFuture$UniCompletion.claim(CompletableFuture.java:572) ~[?:?]
	at java.util.concurrent.CompletableFuture$UniAccept.tryFire(CompletableFuture.java:714) ~[?:?]
	at java.util.concurrent.CompletableFuture.postComplete(CompletableFuture.java:510) ~[?:?]
	at java.util.concurrent.CompletableFuture.complete(CompletableFuture.java:2147) ~[?:?]
	at net.minecraft.server.packs.resources.SimpleReloadInstance$1.m_10855_(SimpleReloadInstance.java:51) ~[server-1.18.2-20220404.173914-srg.jar%23257!/:?]
	at net.minecraft.server.packs.resources.SimpleReloadInstance$1.m_6769_(SimpleReloadInstance.java:48) ~[server-1.18.2-20220404.173914-srg.jar%23257!/:?]
	at java.util.concurrent.CompletableFuture$UniCompose.tryFire(CompletableFuture.java:1150) [?:?]
	at java.util.concurrent.CompletableFuture.postComplete(CompletableFuture.java:510) [?:?]
	at java.util.concurrent.CompletableFuture$AsyncSupply.run(CompletableFuture.java:1773) [?:?]
	at java.util.concurrent.CompletableFuture$AsyncSupply.exec(CompletableFuture.java:1760) [?:?]
	at java.util.concurrent.ForkJoinTask.doExec(ForkJoinTask.java:373) [?:?]
	at java.util.concurrent.ForkJoinPool$WorkQueue.topLevelExec(ForkJoinPool.java:1182) [?:?]
	at java.util.concurrent.ForkJoinPool.scan(ForkJoinPool.java:1655) [?:?]
	at java.util.concurrent.ForkJoinPool.runWorker(ForkJoinPool.java:1622) [?:?]
	at java.util.concurrent.ForkJoinWorkerThread.run(ForkJoinWorkerThread.java:165) [?:?]
[04Dec2025 01:08:19.283] [Worker-Main1/ERROR] [net.minecraft.world.level.storage.loot.LootTables/]: Couldn't parse loot table darkerdepths:blocks/cobbled_red_sandstone
com.google.gson.JsonSyntaxException: Expected name to be an item, was unknown string 'darkerdepths:cobbled_red_sandstone'
	at net.minecraft.util.GsonHelper.m_13866_(GsonHelper.java:130) ~[server-1.18.2-20220404.173914-srg.jar%23257!/:?]
	at java.util.Optional.orElseThrow(Optional.java:403) ~[?:?]
	at net.minecraft.util.GsonHelper.m_13874_(GsonHelper.java:130) ~[server-1.18.2-20220404.173914-srg.jar%23257!/:?]
	at net.minecraft.util.GsonHelper.m_13909_(GsonHelper.java:138) ~[server-1.18.2-20220404.173914-srg.jar%23257!/:?]
	at net.minecraft.world.level.storage.loot.entries.LootItem$Serializer.m_7267_(LootItem.java:55) ~[server-1.18.2-20220404.173914-srg.jar%23257!/:?]
	at net.minecraft.world.level.storage.loot.entries.LootItem$Serializer.m_7267_(LootItem.java:40) ~[server-1.18.2-20220404.173914-srg.jar%23257!/:?]
	at net.minecraft.world.level.storage.loot.entries.LootPoolSingletonContainer$Serializer.m_5921_(LootPoolSingletonContainer.java:151) ~[server-1.18.2-20220404.173914-srg.jar%23257!/:?]
	at net.minecraft.world.level.storage.loot.entries.LootPoolSingletonContainer$Serializer.m_5921_(LootPoolSingletonContainer.java:129) ~[server-1.18.2-20220404.173914-srg.jar%23257!/:?]
	at net.minecraft.world.level.storage.loot.entries.LootPoolEntryContainer$Serializer.m_7561_(LootPoolEntryContainer.java:86) ~[server-1.18.2-20220404.173914-srg.jar%23257!/:?]
	at net.minecraft.world.level.storage.loot.entries.LootPoolEntryContainer$Serializer.m_7561_(LootPoolEntryContainer.java:74) ~[server-1.18.2-20220404.173914-srg.jar%23257!/:?]
	at net.minecraft.world.level.storage.loot.GsonAdapterFactory$JsonAdapter.deserialize(GsonAdapterFactory.java:102) ~[server-1.18.2-20220404.173914-srg.jar%23257!/:?]
	at com.google.gson.internal.bind.TreeTypeAdapter.read(TreeTypeAdapter.java:69) ~[gson-2.8.9.jar%2321!/:?]
	at com.google.gson.internal.bind.TypeAdapterRuntimeTypeWrapper.read(TypeAdapterRuntimeTypeWrapper.java:41) ~[gson-2.8.9.jar%2321!/:?]
	at com.google.gson.internal.bind.ArrayTypeAdapter.read(ArrayTypeAdapter.java:72) ~[gson-2.8.9.jar%2321!/:?]
	at com.google.gson.Gson.fromJson(Gson.java:963) ~[gson-2.8.9.jar%2321!/:?]
	at com.google.gson.Gson.fromJson(Gson.java:1034) ~[gson-2.8.9.jar%2321!/:?]
	at com.google.gson.internal.bind.TreeTypeAdapter$GsonContextImpl.deserialize(TreeTypeAdapter.java:162) ~[gson-2.8.9.jar%2321!/:?]
	at net.minecraft.util.GsonHelper.m_13808_(GsonHelper.java:448) ~[server-1.18.2-20220404.173914-srg.jar%23257!/:?]
	at net.minecraft.util.GsonHelper.m_13836_(GsonHelper.java:456) ~[server-1.18.2-20220404.173914-srg.jar%23257!/:?]
	at net.minecraft.world.level.storage.loot.LootPool$Serializer.deserialize(LootPool.java:190) ~[server-1.18.2-20220404.173914-srg.jar%23257!/:?]
	at net.minecraft.world.level.storage.loot.LootPool$Serializer.deserialize(LootPool.java:187) ~[server-1.18.2-20220404.173914-srg.jar%23257!/:?]
	at com.google.gson.internal.bind.TreeTypeAdapter.read(TreeTypeAdapter.java:69) ~[gson-2.8.9.jar%2321!/:?]
	at com.google.gson.internal.bind.TypeAdapterRuntimeTypeWrapper.read(TypeAdapterRuntimeTypeWrapper.java:41) ~[gson-2.8.9.jar%2321!/:?]
	at com.google.gson.internal.bind.ArrayTypeAdapter.read(ArrayTypeAdapter.java:72) ~[gson-2.8.9.jar%2321!/:?]
	at com.google.gson.Gson.fromJson(Gson.java:963) ~[gson-2.8.9.jar%2321!/:?]
	at com.google.gson.Gson.fromJson(Gson.java:1034) ~[gson-2.8.9.jar%2321!/:?]
	at com.google.gson.internal.bind.TreeTypeAdapter$GsonContextImpl.deserialize(TreeTypeAdapter.java:162) ~[gson-2.8.9.jar%2321!/:?]
	at net.minecraft.util.GsonHelper.m_13808_(GsonHelper.java:448) ~[server-1.18.2-20220404.173914-srg.jar%23257!/:?]
	at net.minecraft.util.GsonHelper.m_13845_(GsonHelper.java:466) ~[server-1.18.2-20220404.173914-srg.jar%23257!/:?]
	at net.minecraft.world.level.storage.loot.LootTable$Serializer.deserialize(LootTable.java:255) ~[server-1.18.2-20220404.173914-srg.jar%23257!/:?]
	at net.minecraft.world.level.storage.loot.LootTable$Serializer.deserialize(LootTable.java:252) ~[server-1.18.2-20220404.173914-srg.jar%23257!/:?]
	at com.google.gson.internal.bind.TreeTypeAdapter.read(TreeTypeAdapter.java:69) ~[gson-2.8.9.jar%2321!/:?]
	at com.google.gson.Gson.fromJson(Gson.java:963) ~[gson-2.8.9.jar%2321!/:?]
	at com.google.gson.Gson.fromJson(Gson.java:1034) ~[gson-2.8.9.jar%2321!/:?]
	at com.google.gson.Gson.fromJson(Gson.java:1006) ~[gson-2.8.9.jar%2321!/:?]
	at net.minecraftforge.common.ForgeHooks.loadLootTable(ForgeHooks.java:888) ~[forge-1.18.2-40.2.21-universal.jar%23262!/:?]
	at net.minecraft.world.level.storage.loot.LootTables.lambda$apply$0(LootTables.java:41) ~[server-1.18.2-20220404.173914-srg.jar%23257!/:?]
	at java.util.HashMap.forEach(HashMap.java:1421) ~[?:?]
	at net.minecraft.world.level.storage.loot.LootTables.m_5787_(LootTables.java:39) ~[server-1.18.2-20220404.173914-srg.jar%23257!/:?]
	at net.minecraft.world.level.storage.loot.LootTables.m_5787_(LootTables.java:17) ~[server-1.18.2-20220404.173914-srg.jar%23257!/:?]
	at net.minecraft.server.packs.resources.SimplePreparableReloadListener.m_10789_(SimplePreparableReloadListener.java:13) ~[server-1.18.2-20220404.173914-srg.jar%23257!/:?]
	at java.util.concurrent.CompletableFuture$UniAccept.tryFire(CompletableFuture.java:718) ~[?:?]
	at java.util.concurrent.CompletableFuture$Completion.run(CompletableFuture.java:482) ~[?:?]
	at net.minecraft.server.packs.resources.SimpleReloadInstance.m_143940_(SimpleReloadInstance.java:69) ~[server-1.18.2-20220404.173914-srg.jar%23257!/:?]
	at net.minecraft.server.packs.resources.SimpleReloadInstance.m_10834_(SimpleReloadInstance.java:68) ~[server-1.18.2-20220404.173914-srg.jar%23257!/:?]
	at java.util.concurrent.CompletableFuture$UniCompletion.claim(CompletableFuture.java:572) ~[?:?]
	at java.util.concurrent.CompletableFuture$UniAccept.tryFire(CompletableFuture.java:714) ~[?:?]
	at java.util.concurrent.CompletableFuture.postComplete(CompletableFuture.java:510) ~[?:?]
	at java.util.concurrent.CompletableFuture.postFire(CompletableFuture.java:614) ~[?:?]
	at java.util.concurrent.CompletableFuture$UniAccept.tryFire(CompletableFuture.java:726) ~[?:?]
	at java.util.concurrent.CompletableFuture$Completion.run(CompletableFuture.java:482) ~[?:?]
	at net.minecraft.server.packs.resources.SimpleReloadInstance.m_143940_(SimpleReloadInstance.java:69) ~[server-1.18.2-20220404.173914-srg.jar%23257!/:?]
	at net.minecraft.server.packs.resources.SimpleReloadInstance.m_10834_(SimpleReloadInstance.java:68) ~[server-1.18.2-20220404.173914-srg.jar%23257!/:?]
	at java.util.concurrent.CompletableFuture$UniCompletion.claim(CompletableFuture.java:572) ~[?:?]
	at java.util.concurrent.CompletableFuture$UniAccept.tryFire(CompletableFuture.java:714) ~[?:?]
	at java.util.concurrent.CompletableFuture.postComplete(CompletableFuture.java:510) ~[?:?]
	at java.util.concurrent.CompletableFuture.postFire(CompletableFuture.java:614) ~[?:?]
	at java.util.concurrent.CompletableFuture$UniAccept.tryFire(CompletableFuture.java:726) ~[?:?]
	at java.util.concurrent.CompletableFuture$Completion.run(CompletableFuture.java:482) ~[?:?]
	at net.minecraft.server.packs.resources.SimpleReloadInstance.m_143940_(SimpleReloadInstance.java:69) ~[server-1.18.2-20220404.173914-srg.jar%23257!/:?]
	at net.minecraft.server.packs.resources.SimpleReloadInstance.m_10834_(SimpleReloadInstance.java:68) ~[server-1.18.2-20220404.173914-srg.jar%23257!/:?]
	at java.util.concurrent.CompletableFuture$UniCompletion.claim(CompletableFuture.java:572) ~[?:?]
	at java.util.concurrent.CompletableFuture$UniAccept.tryFire(CompletableFuture.java:714) ~[?:?]
	at java.util.concurrent.CompletableFuture.postComplete(CompletableFuture.java:510) ~[?:?]
	at java.util.concurrent.CompletableFuture.postFire(CompletableFuture.java:614) ~[?:?]
	at java.util.concurrent.CompletableFuture$UniAccept.tryFire(CompletableFuture.java:726) ~[?:?]
	at java.util.concurrent.CompletableFuture$Completion.run(CompletableFuture.java:482) ~[?:?]
	at net.minecraft.server.packs.resources.SimpleReloadInstance.m_143940_(SimpleReloadInstance.java:69) ~[server-1.18.2-20220404.173914-srg.jar%23257!/:?]
	at net.minecraft.server.packs.resources.SimpleReloadInstance.m_10834_(SimpleReloadInstance.java:68) ~[server-1.18.2-20220404.173914-srg.jar%23257!/:?]
	at java.util.concurrent.CompletableFuture$UniCompletion.claim(CompletableFuture.java:572) ~[?:?]
	at java.util.concurrent.CompletableFuture$UniAccept.tryFire(CompletableFuture.java:714) ~[?:?]
	at java.util.concurrent.CompletableFuture.postComplete(CompletableFuture.java:510) ~[?:?]
	at java.util.concurrent.CompletableFuture.postFire(CompletableFuture.java:614) ~[?:?]
	at java.util.concurrent.CompletableFuture$UniAccept.tryFire(CompletableFuture.java:726) ~[?:?]
	at java.util.concurrent.CompletableFuture$Completion.run(CompletableFuture.java:482) ~[?:?]
	at net.minecraft.server.packs.resources.SimpleReloadInstance.m_143940_(SimpleReloadInstance.java:69) ~[server-1.18.2-20220404.173914-srg.jar%23257!/:?]
	at net.minecraft.server.packs.resources.SimpleReloadInstance.m_10834_(SimpleReloadInstance.java:68) ~[server-1.18.2-20220404.173914-srg.jar%23257!/:?]
	at java.util.concurrent.CompletableFuture$UniCompletion.claim(CompletableFuture.java:572) ~[?:?]
	at java.util.concurrent.CompletableFuture$UniAccept.tryFire(CompletableFuture.java:714) ~[?:?]
	at java.util.concurrent.CompletableFuture.postComplete(CompletableFuture.java:510) ~[?:?]
	at java.util.concurrent.CompletableFuture.complete(CompletableFuture.java:2147) ~[?:?]
	at net.minecraft.server.packs.resources.SimpleReloadInstance$1.m_10855_(SimpleReloadInstance.java:51) ~[server-1.18.2-20220404.173914-srg.jar%23257!/:?]
	at net.minecraft.server.packs.resources.SimpleReloadInstance$1.m_6769_(SimpleReloadInstance.java:48) ~[server-1.18.2-20220404.173914-srg.jar%23257!/:?]
	at java.util.concurrent.CompletableFuture$UniCompose.tryFire(CompletableFuture.java:1150) [?:?]
	at java.util.concurrent.CompletableFuture.postComplete(CompletableFuture.java:510) [?:?]
	at java.util.concurrent.CompletableFuture$AsyncSupply.run(CompletableFuture.java:1773) [?:?]
	at java.util.concurrent.CompletableFuture$AsyncSupply.exec(CompletableFuture.java:1760) [?:?]
	at java.util.concurrent.ForkJoinTask.doExec(ForkJoinTask.java:373) [?:?]
	at java.util.concurrent.ForkJoinPool$WorkQueue.topLevelExec(ForkJoinPool.java:1182) [?:?]
	at java.util.concurrent.ForkJoinPool.scan(ForkJoinPool.java:1655) [?:?]
	at java.util.concurrent.ForkJoinPool.runWorker(ForkJoinPool.java:1622) [?:?]
	at java.util.concurrent.ForkJoinWorkerThread.run(ForkJoinWorkerThread.java:165) [?:?]
[04Dec2025 01:08:19.338] [Worker-Main1/ERROR] [net.minecraft.world.level.storage.loot.LootTables/]: Couldn't parse loot table darkerdepths:blocks/grime_deepslate
com.google.gson.JsonSyntaxException: Expected name to be an item, was unknown string 'darkerdepths:grime_deepslate'
	at net.minecraft.util.GsonHelper.m_13866_(GsonHelper.java:130) ~[server-1.18.2-20220404.173914-srg.jar%23257!/:?]
	at java.util.Optional.orElseThrow(Optional.java:403) ~[?:?]
	at net.minecraft.util.GsonHelper.m_13874_(GsonHelper.java:130) ~[server-1.18.2-20220404.173914-srg.jar%23257!/:?]
	at net.minecraft.util.GsonHelper.m_13909_(GsonHelper.java:138) ~[server-1.18.2-20220404.173914-srg.jar%23257!/:?]
	at net.minecraft.world.level.storage.loot.entries.LootItem$Serializer.m_7267_(LootItem.java:55) ~[server-1.18.2-20220404.173914-srg.jar%23257!/:?]
	at net.minecraft.world.level.storage.loot.entries.LootItem$Serializer.m_7267_(LootItem.java:40) ~[server-1.18.2-20220404.173914-srg.jar%23257!/:?]
	at net.minecraft.world.level.storage.loot.entries.LootPoolSingletonContainer$Serializer.m_5921_(LootPoolSingletonContainer.java:151) ~[server-1.18.2-20220404.173914-srg.jar%23257!/:?]
	at net.minecraft.world.level.storage.loot.entries.LootPoolSingletonContainer$Serializer.m_5921_(LootPoolSingletonContainer.java:129) ~[server-1.18.2-20220404.173914-srg.jar%23257!/:?]
	at net.minecraft.world.level.storage.loot.entries.LootPoolEntryContainer$Serializer.m_7561_(LootPoolEntryContainer.java:86) ~[server-1.18.2-20220404.173914-srg.jar%23257!/:?]
	at net.minecraft.world.level.storage.loot.entries.LootPoolEntryContainer$Serializer.m_7561_(LootPoolEntryContainer.java:74) ~[server-1.18.2-20220404.173914-srg.jar%23257!/:?]
	at net.minecraft.world.level.storage.loot.GsonAdapterFactory$JsonAdapter.deserialize(GsonAdapterFactory.java:102) ~[server-1.18.2-20220404.173914-srg.jar%23257!/:?]
	at com.google.gson.internal.bind.TreeTypeAdapter.read(TreeTypeAdapter.java:69) ~[gson-2.8.9.jar%2321!/:?]
	at com.google.gson.internal.bind.TypeAdapterRuntimeTypeWrapper.read(TypeAdapterRuntimeTypeWrapper.java:41) ~[gson-2.8.9.jar%2321!/:?]
	at com.google.gson.internal.bind.ArrayTypeAdapter.read(ArrayTypeAdapter.java:72) ~[gson-2.8.9.jar%2321!/:?]
	at com.google.gson.Gson.fromJson(Gson.java:963) ~[gson-2.8.9.jar%2321!/:?]
	at com.google.gson.Gson.fromJson(Gson.java:1034) ~[gson-2.8.9.jar%2321!/:?]
	at com.google.gson.internal.bind.TreeTypeAdapter$GsonContextImpl.deserialize(TreeTypeAdapter.java:162) ~[gson-2.8.9.jar%2321!/:?]
	at net.minecraft.util.GsonHelper.m_13808_(GsonHelper.java:448) ~[server-1.18.2-20220404.173914-srg.jar%23257!/:?]
	at net.minecraft.util.GsonHelper.m_13836_(GsonHelper.java:456) ~[server-1.18.2-20220404.173914-srg.jar%23257!/:?]
	at net.minecraft.world.level.storage.loot.entries.CompositeEntryBase$1.m_5921_(CompositeEntryBase.java:61) ~[server-1.18.2-20220404.173914-srg.jar%23257!/:?]
	at net.minecraft.world.level.storage.loot.entries.CompositeEntryBase$1.m_5921_(CompositeEntryBase.java:53) ~[server-1.18.2-20220404.173914-srg.jar%23257!/:?]
	at net.minecraft.world.level.storage.loot.entries.LootPoolEntryContainer$Serializer.m_7561_(LootPoolEntryContainer.java:86) ~[server-1.18.2-20220404.173914-srg.jar%23257!/:?]
	at net.minecraft.world.level.storage.loot.entries.LootPoolEntryContainer$Serializer.m_7561_(LootPoolEntryContainer.java:74) ~[server-1.18.2-20220404.173914-srg.jar%23257!/:?]
	at net.minecraft.world.level.storage.loot.GsonAdapterFactory$JsonAdapter.deserialize(GsonAdapterFactory.java:102) ~[server-1.18.2-20220404.173914-srg.jar%23257!/:?]
	at com.google.gson.internal.bind.TreeTypeAdapter.read(TreeTypeAdapter.java:69) ~[gson-2.8.9.jar%2321!/:?]
	at com.google.gson.internal.bind.TypeAdapterRuntimeTypeWrapper.read(TypeAdapterRuntimeTypeWrapper.java:41) ~[gson-2.8.9.jar%2321!/:?]
	at com.google.gson.internal.bind.ArrayTypeAdapter.read(ArrayTypeAdapter.java:72) ~[gson-2.8.9.jar%2321!/:?]
	at com.google.gson.Gson.fromJson(Gson.java:963) ~[gson-2.8.9.jar%2321!/:?]
	at com.google.gson.Gson.fromJson(Gson.java:1034) ~[gson-2.8.9.jar%2321!/:?]
	at com.google.gson.internal.bind.TreeTypeAdapter$GsonContextImpl.deserialize(TreeTypeAdapter.java:162) ~[gson-2.8.9.jar%2321!/:?]
	at net.minecraft.util.GsonHelper.m_13808_(GsonHelper.java:448) ~[server-1.18.2-20220404.173914-srg.jar%23257!/:?]
	at net.minecraft.util.GsonHelper.m_13836_(GsonHelper.java:456) ~[server-1.18.2-20220404.173914-srg.jar%23257!/:?]
	at net.minecraft.world.level.storage.loot.LootPool$Serializer.deserialize(LootPool.java:190) ~[server-1.18.2-20220404.173914-srg.jar%23257!/:?]
	at net.minecraft.world.level.storage.loot.LootPool$Serializer.deserialize(LootPool.java:187) ~[server-1.18.2-20220404.173914-srg.jar%23257!/:?]
	at com.google.gson.internal.bind.TreeTypeAdapter.read(TreeTypeAdapter.java:69) ~[gson-2.8.9.jar%2321!/:?]
	at com.google.gson.internal.bind.TypeAdapterRuntimeTypeWrapper.read(TypeAdapterRuntimeTypeWrapper.java:41) ~[gson-2.8.9.jar%2321!/:?]
	at com.google.gson.internal.bind.ArrayTypeAdapter.read(ArrayTypeAdapter.java:72) ~[gson-2.8.9.jar%2321!/:?]
	at com.google.gson.Gson.fromJson(Gson.java:963) ~[gson-2.8.9.jar%2321!/:?]
	at com.google.gson.Gson.fromJson(Gson.java:1034) ~[gson-2.8.9.jar%2321!/:?]
	at com.google.gson.internal.bind.TreeTypeAdapter$GsonContextImpl.deserialize(TreeTypeAdapter.java:162) ~[gson-2.8.9.jar%2321!/:?]
	at net.minecraft.util.GsonHelper.m_13808_(GsonHelper.java:448) ~[server-1.18.2-20220404.173914-srg.jar%23257!/:?]
	at net.minecraft.util.GsonHelper.m_13845_(GsonHelper.java:466) ~[server-1.18.2-20220404.173914-srg.jar%23257!/:?]
	at net.minecraft.world.level.storage.loot.LootTable$Serializer.deserialize(LootTable.java:255) ~[server-1.18.2-20220404.173914-srg.jar%23257!/:?]
	at net.minecraft.world.level.storage.loot.LootTable$Serializer.deserialize(LootTable.java:252) ~[server-1.18.2-20220404.173914-srg.jar%23257!/:?]
	at com.google.gson.internal.bind.TreeTypeAdapter.read(TreeTypeAdapter.java:69) ~[gson-2.8.9.jar%2321!/:?]
	at com.google.gson.Gson.fromJson(Gson.java:963) ~[gson-2.8.9.jar%2321!/:?]
	at com.google.gson.Gson.fromJson(Gson.java:1034) ~[gson-2.8.9.jar%2321!/:?]
	at com.google.gson.Gson.fromJson(Gson.java:1006) ~[gson-2.8.9.jar%2321!/:?]
	at net.minecraftforge.common.ForgeHooks.loadLootTable(ForgeHooks.java:888) ~[forge-1.18.2-40.2.21-universal.jar%23262!/:?]
	at net.minecraft.world.level.storage.loot.LootTables.lambda$apply$0(LootTables.java:41) ~[server-1.18.2-20220404.173914-srg.jar%23257!/:?]
	at java.util.HashMap.forEach(HashMap.java:1421) ~[?:?]
	at net.minecraft.world.level.storage.loot.LootTables.m_5787_(LootTables.java:39) ~[server-1.18.2-20220404.173914-srg.jar%23257!/:?]
	at net.minecraft.world.level.storage.loot.LootTables.m_5787_(LootTables.java:17) ~[server-1.18.2-20220404.173914-srg.jar%23257!/:?]
	at net.minecraft.server.packs.resources.SimplePreparableReloadListener.m_10789_(SimplePreparableReloadListener.java:13) ~[server-1.18.2-20220404.173914-srg.jar%23257!/:?]
	at java.util.concurrent.CompletableFuture$UniAccept.tryFire(CompletableFuture.java:718) ~[?:?]
	at java.util.concurrent.CompletableFuture$Completion.run(CompletableFuture.java:482) ~[?:?]
	at net.minecraft.server.packs.resources.SimpleReloadInstance.m_143940_(SimpleReloadInstance.java:69) ~[server-1.18.2-20220404.173914-srg.jar%23257!/:?]
	at net.minecraft.server.packs.resources.SimpleReloadInstance.m_10834_(SimpleReloadInstance.java:68) ~[server-1.18.2-20220404.173914-srg.jar%23257!/:?]
	at java.util.concurrent.CompletableFuture$UniCompletion.claim(CompletableFuture.java:572) ~[?:?]
	at java.util.concurrent.CompletableFuture$UniAccept.tryFire(CompletableFuture.java:714) ~[?:?]
	at java.util.concurrent.CompletableFuture.postComplete(CompletableFuture.java:510) ~[?:?]
	at java.util.concurrent.CompletableFuture.postFire(CompletableFuture.java:614) ~[?:?]
	at java.util.concurrent.CompletableFuture$UniAccept.tryFire(CompletableFuture.java:726) ~[?:?]
	at java.util.concurrent.CompletableFuture$Completion.run(CompletableFuture.java:482) ~[?:?]
	at net.minecraft.server.packs.resources.SimpleReloadInstance.m_143940_(SimpleReloadInstance.java:69) ~[server-1.18.2-20220404.173914-srg.jar%23257!/:?]
	at net.minecraft.server.packs.resources.SimpleReloadInstance.m_10834_(SimpleReloadInstance.java:68) ~[server-1.18.2-20220404.173914-srg.jar%23257!/:?]
	at java.util.concurrent.CompletableFuture$UniCompletion.claim(CompletableFuture.java:572) ~[?:?]
	at java.util.concurrent.CompletableFuture$UniAccept.tryFire(CompletableFuture.java:714) ~[?:?]
	at java.util.concurrent.CompletableFuture.postComplete(CompletableFuture.java:510) ~[?:?]
	at java.util.concurrent.CompletableFuture.postFire(CompletableFuture.java:614) ~[?:?]
	at java.util.concurrent.CompletableFuture$UniAccept.tryFire(CompletableFuture.java:726) ~[?:?]
	at java.util.concurrent.CompletableFuture$Completion.run(CompletableFuture.java:482) ~[?:?]
	at net.minecraft.server.packs.resources.SimpleReloadInstance.m_143940_(SimpleReloadInstance.java:69) ~[server-1.18.2-20220404.173914-srg.jar%23257!/:?]
	at net.minecraft.server.packs.resources.SimpleReloadInstance.m_10834_(SimpleReloadInstance.java:68) ~[server-1.18.2-20220404.173914-srg.jar%23257!/:?]
	at java.util.concurrent.CompletableFuture$UniCompletion.claim(CompletableFuture.java:572) ~[?:?]
	at java.util.concurrent.CompletableFuture$UniAccept.tryFire(CompletableFuture.java:714) ~[?:?]
	at java.util.concurrent.CompletableFuture.postComplete(CompletableFuture.java:510) ~[?:?]
	at java.util.concurrent.CompletableFuture.postFire(CompletableFuture.java:614) ~[?:?]
	at java.util.concurrent.CompletableFuture$UniAccept.tryFire(CompletableFuture.java:726) ~[?:?]
	at java.util.concurrent.CompletableFuture$Completion.run(CompletableFuture.java:482) ~[?:?]
	at net.minecraft.server.packs.resources.SimpleReloadInstance.m_143940_(SimpleReloadInstance.java:69) ~[server-1.18.2-20220404.173914-srg.jar%23257!/:?]
	at net.minecraft.server.packs.resources.SimpleReloadInstance.m_10834_(SimpleReloadInstance.java:68) ~[server-1.18.2-20220404.173914-srg.jar%23257!/:?]
	at java.util.concurrent.CompletableFuture$UniCompletion.claim(CompletableFuture.java:572) ~[?:?]
	at java.util.concurrent.CompletableFuture$UniAccept.tryFire(CompletableFuture.java:714) ~[?:?]
	at java.util.concurrent.CompletableFuture.postComplete(CompletableFuture.java:510) ~[?:?]
	at java.util.concurrent.CompletableFuture.postFire(CompletableFuture.java:614) ~[?:?]
	at java.util.concurrent.CompletableFuture$UniAccept.tryFire(CompletableFuture.java:726) ~[?:?]
	at java.util.concurrent.CompletableFuture$Completion.run(CompletableFuture.java:482) ~[?:?]
	at net.minecraft.server.packs.resources.SimpleReloadInstance.m_143940_(SimpleReloadInstance.java:69) ~[server-1.18.2-20220404.173914-srg.jar%23257!/:?]
	at net.minecraft.server.packs.resources.SimpleReloadInstance.m_10834_(SimpleReloadInstance.java:68) ~[server-1.18.2-20220404.173914-srg.jar%23257!/:?]
	at java.util.concurrent.CompletableFuture$UniCompletion.claim(CompletableFuture.java:572) ~[?:?]
	at java.util.concurrent.CompletableFuture$UniAccept.tryFire(CompletableFuture.java:714) ~[?:?]
	at java.util.concurrent.CompletableFuture.postComplete(CompletableFuture.java:510) ~[?:?]
	at java.util.concurrent.CompletableFuture.complete(CompletableFuture.java:2147) ~[?:?]
	at net.minecraft.server.packs.resources.SimpleReloadInstance$1.m_10855_(SimpleReloadInstance.java:51) ~[server-1.18.2-20220404.173914-srg.jar%23257!/:?]
	at net.minecraft.server.packs.resources.SimpleReloadInstance$1.m_6769_(SimpleReloadInstance.java:48) ~[server-1.18.2-20220404.173914-srg.jar%23257!/:?]
	at java.util.concurrent.CompletableFuture$UniCompose.tryFire(CompletableFuture.java:1150) [?:?]
	at java.util.concurrent.CompletableFuture.postComplete(CompletableFuture.java:510) [?:?]
	at java.util.concurrent.CompletableFuture$AsyncSupply.run(CompletableFuture.java:1773) [?:?]
	at java.util.concurrent.CompletableFuture$AsyncSupply.exec(CompletableFuture.java:1760) [?:?]
	at java.util.concurrent.ForkJoinTask.doExec(ForkJoinTask.java:373) [?:?]
	at java.util.concurrent.ForkJoinPool$WorkQueue.topLevelExec(ForkJoinPool.java:1182) [?:?]
	at java.util.concurrent.ForkJoinPool.scan(ForkJoinPool.java:1655) [?:?]
	at java.util.concurrent.ForkJoinPool.runWorker(ForkJoinPool.java:1622) [?:?]
	at java.util.concurrent.ForkJoinWorkerThread.run(ForkJoinWorkerThread.java:165) [?:?]
[04Dec2025 01:08:19.425] [Worker-Main1/ERROR] [net.minecraft.world.level.storage.loot.LootTables/]: Couldn't parse loot table darkerdepths:blocks/cobbled_sandstone_slab
com.google.gson.JsonSyntaxException: Expected name to be an item, was unknown string 'darkerdepths:cobbled_sandstone_slab'
	at net.minecraft.util.GsonHelper.m_13866_(GsonHelper.java:130) ~[server-1.18.2-20220404.173914-srg.jar%23257!/:?]
	at java.util.Optional.orElseThrow(Optional.java:403) ~[?:?]
	at net.minecraft.util.GsonHelper.m_13874_(GsonHelper.java:130) ~[server-1.18.2-20220404.173914-srg.jar%23257!/:?]
	at net.minecraft.util.GsonHelper.m_13909_(GsonHelper.java:138) ~[server-1.18.2-20220404.173914-srg.jar%23257!/:?]
	at net.minecraft.world.level.storage.loot.entries.LootItem$Serializer.m_7267_(LootItem.java:55) ~[server-1.18.2-20220404.173914-srg.jar%23257!/:?]
	at net.minecraft.world.level.storage.loot.entries.LootItem$Serializer.m_7267_(LootItem.java:40) ~[server-1.18.2-20220404.173914-srg.jar%23257!/:?]
	at net.minecraft.world.level.storage.loot.entries.LootPoolSingletonContainer$Serializer.m_5921_(LootPoolSingletonContainer.java:151) ~[server-1.18.2-20220404.173914-srg.jar%23257!/:?]
	at net.minecraft.world.level.storage.loot.entries.LootPoolSingletonContainer$Serializer.m_5921_(LootPoolSingletonContainer.java:129) ~[server-1.18.2-20220404.173914-srg.jar%23257!/:?]
	at net.minecraft.world.level.storage.loot.entries.LootPoolEntryContainer$Serializer.m_7561_(LootPoolEntryContainer.java:86) ~[server-1.18.2-20220404.173914-srg.jar%23257!/:?]
	at net.minecraft.world.level.storage.loot.entries.LootPoolEntryContainer$Serializer.m_7561_(LootPoolEntryContainer.java:74) ~[server-1.18.2-20220404.173914-srg.jar%23257!/:?]
	at net.minecraft.world.level.storage.loot.GsonAdapterFactory$JsonAdapter.deserialize(GsonAdapterFactory.java:102) ~[server-1.18.2-20220404.173914-srg.jar%23257!/:?]
	at com.google.gson.internal.bind.TreeTypeAdapter.read(TreeTypeAdapter.java:69) ~[gson-2.8.9.jar%2321!/:?]
	at com.google.gson.internal.bind.TypeAdapterRuntimeTypeWrapper.read(TypeAdapterRuntimeTypeWrapper.java:41) ~[gson-2.8.9.jar%2321!/:?]
	at com.google.gson.internal.bind.ArrayTypeAdapter.read(ArrayTypeAdapter.java:72) ~[gson-2.8.9.jar%2321!/:?]
	at com.google.gson.Gson.fromJson(Gson.java:963) ~[gson-2.8.9.jar%2321!/:?]
	at com.google.gson.Gson.fromJson(Gson.java:1034) ~[gson-2.8.9.jar%2321!/:?]
	at com.google.gson.internal.bind.TreeTypeAdapter$GsonContextImpl.deserialize(TreeTypeAdapter.java:162) ~[gson-2.8.9.jar%2321!/:?]
	at net.minecraft.util.GsonHelper.m_13808_(GsonHelper.java:448) ~[server-1.18.2-20220404.173914-srg.jar%23257!/:?]
	at net.minecraft.util.GsonHelper.m_13836_(GsonHelper.java:456) ~[server-1.18.2-20220404.173914-srg.jar%23257!/:?]
	at net.minecraft.world.level.storage.loot.LootPool$Serializer.deserialize(LootPool.java:190) ~[server-1.18.2-20220404.173914-srg.jar%23257!/:?]
	at net.minecraft.world.level.storage.loot.LootPool$Serializer.deserialize(LootPool.java:187) ~[server-1.18.2-20220404.173914-srg.jar%23257!/:?]
	at com.google.gson.internal.bind.TreeTypeAdapter.read(TreeTypeAdapter.java:69) ~[gson-2.8.9.jar%2321!/:?]
	at com.google.gson.internal.bind.TypeAdapterRuntimeTypeWrapper.read(TypeAdapterRuntimeTypeWrapper.java:41) ~[gson-2.8.9.jar%2321!/:?]
	at com.google.gson.internal.bind.ArrayTypeAdapter.read(ArrayTypeAdapter.java:72) ~[gson-2.8.9.jar%2321!/:?]
	at com.google.gson.Gson.fromJson(Gson.java:963) ~[gson-2.8.9.jar%2321!/:?]
	at com.google.gson.Gson.fromJson(Gson.java:1034) ~[gson-2.8.9.jar%2321!/:?]
	at com.google.gson.internal.bind.TreeTypeAdapter$GsonContextImpl.deserialize(TreeTypeAdapter.java:162) ~[gson-2.8.9.jar%2321!/:?]
	at net.minecraft.util.GsonHelper.m_13808_(GsonHelper.java:448) ~[server-1.18.2-20220404.173914-srg.jar%23257!/:?]
	at net.minecraft.util.GsonHelper.m_13845_(GsonHelper.java:466) ~[server-1.18.2-20220404.173914-srg.jar%23257!/:?]
	at net.minecraft.world.level.storage.loot.LootTable$Serializer.deserialize(LootTable.java:255) ~[server-1.18.2-20220404.173914-srg.jar%23257!/:?]
	at net.minecraft.world.level.storage.loot.LootTable$Serializer.deserialize(LootTable.java:252) ~[server-1.18.2-20220404.173914-srg.jar%23257!/:?]
	at com.google.gson.internal.bind.TreeTypeAdapter.read(TreeTypeAdapter.java:69) ~[gson-2.8.9.jar%2321!/:?]
	at com.google.gson.Gson.fromJson(Gson.java:963) ~[gson-2.8.9.jar%2321!/:?]
	at com.google.gson.Gson.fromJson(Gson.java:1034) ~[gson-2.8.9.jar%2321!/:?]
	at com.google.gson.Gson.fromJson(Gson.java:1006) ~[gson-2.8.9.jar%2321!/:?]
	at net.minecraftforge.common.ForgeHooks.loadLootTable(ForgeHooks.java:888) ~[forge-1.18.2-40.2.21-universal.jar%23262!/:?]
	at net.minecraft.world.level.storage.loot.LootTables.lambda$apply$0(LootTables.java:41) ~[server-1.18.2-20220404.173914-srg.jar%23257!/:?]
	at java.util.HashMap.forEach(HashMap.java:1421) ~[?:?]
	at net.minecraft.world.level.storage.loot.LootTables.m_5787_(LootTables.java:39) ~[server-1.18.2-20220404.173914-srg.jar%23257!/:?]
	at net.minecraft.world.level.storage.loot.LootTables.m_5787_(LootTables.java:17) ~[server-1.18.2-20220404.173914-srg.jar%23257!/:?]
	at net.minecraft.server.packs.resources.SimplePreparableReloadListener.m_10789_(SimplePreparableReloadListener.java:13) ~[server-1.18.2-20220404.173914-srg.jar%23257!/:?]
	at java.util.concurrent.CompletableFuture$UniAccept.tryFire(CompletableFuture.java:718) ~[?:?]
	at java.util.concurrent.CompletableFuture$Completion.run(CompletableFuture.java:482) ~[?:?]
	at net.minecraft.server.packs.resources.SimpleReloadInstance.m_143940_(SimpleReloadInstance.java:69) ~[server-1.18.2-20220404.173914-srg.jar%23257!/:?]
	at net.minecraft.server.packs.resources.SimpleReloadInstance.m_10834_(SimpleReloadInstance.java:68) ~[server-1.18.2-20220404.173914-srg.jar%23257!/:?]
	at java.util.concurrent.CompletableFuture$UniCompletion.claim(CompletableFuture.java:572) ~[?:?]
	at java.util.concurrent.CompletableFuture$UniAccept.tryFire(CompletableFuture.java:714) ~[?:?]
	at java.util.concurrent.CompletableFuture.postComplete(CompletableFuture.java:510) ~[?:?]
	at java.util.concurrent.CompletableFuture.postFire(CompletableFuture.java:614) ~[?:?]
	at java.util.concurrent.CompletableFuture$UniAccept.tryFire(CompletableFuture.java:726) ~[?:?]
	at java.util.concurrent.CompletableFuture$Completion.run(CompletableFuture.java:482) ~[?:?]
	at net.minecraft.server.packs.resources.SimpleReloadInstance.m_143940_(SimpleReloadInstance.java:69) ~[server-1.18.2-20220404.173914-srg.jar%23257!/:?]
	at net.minecraft.server.packs.resources.SimpleReloadInstance.m_10834_(SimpleReloadInstance.java:68) ~[server-1.18.2-20220404.173914-srg.jar%23257!/:?]
	at java.util.concurrent.CompletableFuture$UniCompletion.claim(CompletableFuture.java:572) ~[?:?]
	at java.util.concurrent.CompletableFuture$UniAccept.tryFire(CompletableFuture.java:714) ~[?:?]
	at java.util.concurrent.CompletableFuture.postComplete(CompletableFuture.java:510) ~[?:?]
	at java.util.concurrent.CompletableFuture.postFire(CompletableFuture.java:614) ~[?:?]
	at java.util.concurrent.CompletableFuture$UniAccept.tryFire(CompletableFuture.java:726) ~[?:?]
	at java.util.concurrent.CompletableFuture$Completion.run(CompletableFuture.java:482) ~[?:?]
	at net.minecraft.server.packs.resources.SimpleReloadInstance.m_143940_(SimpleReloadInstance.java:69) ~[server-1.18.2-20220404.173914-srg.jar%23257!/:?]
	at net.minecraft.server.packs.resources.SimpleReloadInstance.m_10834_(SimpleReloadInstance.java:68) ~[server-1.18.2-20220404.173914-srg.jar%23257!/:?]
	at java.util.concurrent.CompletableFuture$UniCompletion.claim(CompletableFuture.java:572) ~[?:?]
	at java.util.concurrent.CompletableFuture$UniAccept.tryFire(CompletableFuture.java:714) ~[?:?]
	at java.util.concurrent.CompletableFuture.postComplete(CompletableFuture.java:510) ~[?:?]
	at java.util.concurrent.CompletableFuture.postFire(CompletableFuture.java:614) ~[?:?]
	at java.util.concurrent.CompletableFuture$UniAccept.tryFire(CompletableFuture.java:726) ~[?:?]
	at java.util.concurrent.CompletableFuture$Completion.run(CompletableFuture.java:482) ~[?:?]
	at net.minecraft.server.packs.resources.SimpleReloadInstance.m_143940_(SimpleReloadInstance.java:69) ~[server-1.18.2-20220404.173914-srg.jar%23257!/:?]
	at net.minecraft.server.packs.resources.SimpleReloadInstance.m_10834_(SimpleReloadInstance.java:68) ~[server-1.18.2-20220404.173914-srg.jar%23257!/:?]
	at java.util.concurrent.CompletableFuture$UniCompletion.claim(CompletableFuture.java:572) ~[?:?]
	at java.util.concurrent.CompletableFuture$UniAccept.tryFire(CompletableFuture.java:714) ~[?:?]
	at java.util.concurrent.CompletableFuture.postComplete(CompletableFuture.java:510) ~[?:?]
	at java.util.concurrent.CompletableFuture.postFire(CompletableFuture.java:614) ~[?:?]
	at java.util.concurrent.CompletableFuture$UniAccept.tryFire(CompletableFuture.java:726) ~[?:?]
	at java.util.concurrent.CompletableFuture$Completion.run(CompletableFuture.java:482) ~[?:?]
	at net.minecraft.server.packs.resources.SimpleReloadInstance.m_143940_(SimpleReloadInstance.java:69) ~[server-1.18.2-20220404.173914-srg.jar%23257!/:?]
	at net.minecraft.server.packs.resources.SimpleReloadInstance.m_10834_(SimpleReloadInstance.java:68) ~[server-1.18.2-20220404.173914-srg.jar%23257!/:?]
	at java.util.concurrent.CompletableFuture$UniCompletion.claim(CompletableFuture.java:572) ~[?:?]
	at java.util.concurrent.CompletableFuture$UniAccept.tryFire(CompletableFuture.java:714) ~[?:?]
	at java.util.concurrent.CompletableFuture.postComplete(CompletableFuture.java:510) ~[?:?]
	at java.util.concurrent.CompletableFuture.complete(CompletableFuture.java:2147) ~[?:?]
	at net.minecraft.server.packs.resources.SimpleReloadInstance$1.m_10855_(SimpleReloadInstance.java:51) ~[server-1.18.2-20220404.173914-srg.jar%23257!/:?]
	at net.minecraft.server.packs.resources.SimpleReloadInstance$1.m_6769_(SimpleReloadInstance.java:48) ~[server-1.18.2-20220404.173914-srg.jar%23257!/:?]
	at java.util.concurrent.CompletableFuture$UniCompose.tryFire(CompletableFuture.java:1150) [?:?]
	at java.util.concurrent.CompletableFuture.postComplete(CompletableFuture.java:510) [?:?]
	at java.util.concurrent.CompletableFuture$AsyncSupply.run(CompletableFuture.java:1773) [?:?]
	at java.util.concurrent.CompletableFuture$AsyncSupply.exec(CompletableFuture.java:1760) [?:?]
	at java.util.concurrent.ForkJoinTask.doExec(ForkJoinTask.java:373) [?:?]
	at java.util.concurrent.ForkJoinPool$WorkQueue.topLevelExec(ForkJoinPool.java:1182) [?:?]
	at java.util.concurrent.ForkJoinPool.scan(ForkJoinPool.java:1655) [?:?]
	at java.util.concurrent.ForkJoinPool.runWorker(ForkJoinPool.java:1622) [?:?]
	at java.util.concurrent.ForkJoinWorkerThread.run(ForkJoinWorkerThread.java:165) [?:?]
[04Dec2025 01:08:19.505] [Worker-Main1/ERROR] [net.minecraft.world.level.storage.loot.LootTables/]: Couldn't parse loot table darkerdepths:blocks/cobbled_red_sandstone_stairs
com.google.gson.JsonSyntaxException: Expected name to be an item, was unknown string 'darkerdepths:cobbled_red_sandstone_stairs'
	at net.minecraft.util.GsonHelper.m_13866_(GsonHelper.java:130) ~[server-1.18.2-20220404.173914-srg.jar%23257!/:?]
	at java.util.Optional.orElseThrow(Optional.java:403) ~[?:?]
	at net.minecraft.util.GsonHelper.m_13874_(GsonHelper.java:130) ~[server-1.18.2-20220404.173914-srg.jar%23257!/:?]
	at net.minecraft.util.GsonHelper.m_13909_(GsonHelper.java:138) ~[server-1.18.2-20220404.173914-srg.jar%23257!/:?]
	at net.minecraft.world.level.storage.loot.entries.LootItem$Serializer.m_7267_(LootItem.java:55) ~[server-1.18.2-20220404.173914-srg.jar%23257!/:?]
	at net.minecraft.world.level.storage.loot.entries.LootItem$Serializer.m_7267_(LootItem.java:40) ~[server-1.18.2-20220404.173914-srg.jar%23257!/:?]
	at net.minecraft.world.level.storage.loot.entries.LootPoolSingletonContainer$Serializer.m_5921_(LootPoolSingletonContainer.java:151) ~[server-1.18.2-20220404.173914-srg.jar%23257!/:?]
	at net.minecraft.world.level.storage.loot.entries.LootPoolSingletonContainer$Serializer.m_5921_(LootPoolSingletonContainer.java:129) ~[server-1.18.2-20220404.173914-srg.jar%23257!/:?]
	at net.minecraft.world.level.storage.loot.entries.LootPoolEntryContainer$Serializer.m_7561_(LootPoolEntryContainer.java:86) ~[server-1.18.2-20220404.173914-srg.jar%23257!/:?]
	at net.minecraft.world.level.storage.loot.entries.LootPoolEntryContainer$Serializer.m_7561_(LootPoolEntryContainer.java:74) ~[server-1.18.2-20220404.173914-srg.jar%23257!/:?]
	at net.minecraft.world.level.storage.loot.GsonAdapterFactory$JsonAdapter.deserialize(GsonAdapterFactory.java:102) ~[server-1.18.2-20220404.173914-srg.jar%23257!/:?]
	at com.google.gson.internal.bind.TreeTypeAdapter.read(TreeTypeAdapter.java:69) ~[gson-2.8.9.jar%2321!/:?]
	at com.google.gson.internal.bind.TypeAdapterRuntimeTypeWrapper.read(TypeAdapterRuntimeTypeWrapper.java:41) ~[gson-2.8.9.jar%2321!/:?]
	at com.google.gson.internal.bind.ArrayTypeAdapter.read(ArrayTypeAdapter.java:72) ~[gson-2.8.9.jar%2321!/:?]
	at com.google.gson.Gson.fromJson(Gson.java:963) ~[gson-2.8.9.jar%2321!/:?]
	at com.google.gson.Gson.fromJson(Gson.java:1034) ~[gson-2.8.9.jar%2321!/:?]
	at com.google.gson.internal.bind.TreeTypeAdapter$GsonContextImpl.deserialize(TreeTypeAdapter.java:162) ~[gson-2.8.9.jar%2321!/:?]
	at net.minecraft.util.GsonHelper.m_13808_(GsonHelper.java:448) ~[server-1.18.2-20220404.173914-srg.jar%23257!/:?]
	at net.minecraft.util.GsonHelper.m_13836_(GsonHelper.java:456) ~[server-1.18.2-20220404.173914-srg.jar%23257!/:?]
	at net.minecraft.world.level.storage.loot.LootPool$Serializer.deserialize(LootPool.java:190) ~[server-1.18.2-20220404.173914-srg.jar%23257!/:?]
	at net.minecraft.world.level.storage.loot.LootPool$Serializer.deserialize(LootPool.java:187) ~[server-1.18.2-20220404.173914-srg.jar%23257!/:?]
	at com.google.gson.internal.bind.TreeTypeAdapter.read(TreeTypeAdapter.java:69) ~[gson-2.8.9.jar%2321!/:?]
	at com.google.gson.internal.bind.TypeAdapterRuntimeTypeWrapper.read(TypeAdapterRuntimeTypeWrapper.java:41) ~[gson-2.8.9.jar%2321!/:?]
	at com.google.gson.internal.bind.ArrayTypeAdapter.read(ArrayTypeAdapter.java:72) ~[gson-2.8.9.jar%2321!/:?]
	at com.google.gson.Gson.fromJson(Gson.java:963) ~[gson-2.8.9.jar%2321!/:?]
	at com.google.gson.Gson.fromJson(Gson.java:1034) ~[gson-2.8.9.jar%2321!/:?]
	at com.google.gson.internal.bind.TreeTypeAdapter$GsonContextImpl.deserialize(TreeTypeAdapter.java:162) ~[gson-2.8.9.jar%2321!/:?]
	at net.minecraft.util.GsonHelper.m_13808_(GsonHelper.java:448) ~[server-1.18.2-20220404.173914-srg.jar%23257!/:?]
	at net.minecraft.util.GsonHelper.m_13845_(GsonHelper.java:466) ~[server-1.18.2-20220404.173914-srg.jar%23257!/:?]
	at net.minecraft.world.level.storage.loot.LootTable$Serializer.deserialize(LootTable.java:255) ~[server-1.18.2-20220404.173914-srg.jar%23257!/:?]
	at net.minecraft.world.level.storage.loot.LootTable$Serializer.deserialize(LootTable.java:252) ~[server-1.18.2-20220404.173914-srg.jar%23257!/:?]
	at com.google.gson.internal.bind.TreeTypeAdapter.read(TreeTypeAdapter.java:69) ~[gson-2.8.9.jar%2321!/:?]
	at com.google.gson.Gson.fromJson(Gson.java:963) ~[gson-2.8.9.jar%2321!/:?]
	at com.google.gson.Gson.fromJson(Gson.java:1034) ~[gson-2.8.9.jar%2321!/:?]
	at com.google.gson.Gson.fromJson(Gson.java:1006) ~[gson-2.8.9.jar%2321!/:?]
	at net.minecraftforge.common.ForgeHooks.loadLootTable(ForgeHooks.java:888) ~[forge-1.18.2-40.2.21-universal.jar%23262!/:?]
	at net.minecraft.world.level.storage.loot.LootTables.lambda$apply$0(LootTables.java:41) ~[server-1.18.2-20220404.173914-srg.jar%23257!/:?]
	at java.util.HashMap.forEach(HashMap.java:1421) ~[?:?]
	at net.minecraft.world.level.storage.loot.LootTables.m_5787_(LootTables.java:39) ~[server-1.18.2-20220404.173914-srg.jar%23257!/:?]
	at net.minecraft.world.level.storage.loot.LootTables.m_5787_(LootTables.java:17) ~[server-1.18.2-20220404.173914-srg.jar%23257!/:?]
	at net.minecraft.server.packs.resources.SimplePreparableReloadListener.m_10789_(SimplePreparableReloadListener.java:13) ~[server-1.18.2-20220404.173914-srg.jar%23257!/:?]
	at java.util.concurrent.CompletableFuture$UniAccept.tryFire(CompletableFuture.java:718) ~[?:?]
	at java.util.concurrent.CompletableFuture$Completion.run(CompletableFuture.java:482) ~[?:?]
	at net.minecraft.server.packs.resources.SimpleReloadInstance.m_143940_(SimpleReloadInstance.java:69) ~[server-1.18.2-20220404.173914-srg.jar%23257!/:?]
	at net.minecraft.server.packs.resources.SimpleReloadInstance.m_10834_(SimpleReloadInstance.java:68) ~[server-1.18.2-20220404.173914-srg.jar%23257!/:?]
	at java.util.concurrent.CompletableFuture$UniCompletion.claim(CompletableFuture.java:572) ~[?:?]
	at java.util.concurrent.CompletableFuture$UniAccept.tryFire(CompletableFuture.java:714) ~[?:?]
	at java.util.concurrent.CompletableFuture.postComplete(CompletableFuture.java:510) ~[?:?]
	at java.util.concurrent.CompletableFuture.postFire(CompletableFuture.java:614) ~[?:?]
	at java.util.concurrent.CompletableFuture$UniAccept.tryFire(CompletableFuture.java:726) ~[?:?]
	at java.util.concurrent.CompletableFuture$Completion.run(CompletableFuture.java:482) ~[?:?]
	at net.minecraft.server.packs.resources.SimpleReloadInstance.m_143940_(SimpleReloadInstance.java:69) ~[server-1.18.2-20220404.173914-srg.jar%23257!/:?]
	at net.minecraft.server.packs.resources.SimpleReloadInstance.m_10834_(SimpleReloadInstance.java:68) ~[server-1.18.2-20220404.173914-srg.jar%23257!/:?]
	at java.util.concurrent.CompletableFuture$UniCompletion.claim(CompletableFuture.java:572) ~[?:?]
	at java.util.concurrent.CompletableFuture$UniAccept.tryFire(CompletableFuture.java:714) ~[?:?]
	at java.util.concurrent.CompletableFuture.postComplete(CompletableFuture.java:510) ~[?:?]
	at java.util.concurrent.CompletableFuture.postFire(CompletableFuture.java:614) ~[?:?]
	at java.util.concurrent.CompletableFuture$UniAccept.tryFire(CompletableFuture.java:726) ~[?:?]
	at java.util.concurrent.CompletableFuture$Completion.run(CompletableFuture.java:482) ~[?:?]
	at net.minecraft.server.packs.resources.SimpleReloadInstance.m_143940_(SimpleReloadInstance.java:69) ~[server-1.18.2-20220404.173914-srg.jar%23257!/:?]
	at net.minecraft.server.packs.resources.SimpleReloadInstance.m_10834_(SimpleReloadInstance.java:68) ~[server-1.18.2-20220404.173914-srg.jar%23257!/:?]
	at java.util.concurrent.CompletableFuture$UniCompletion.claim(CompletableFuture.java:572) ~[?:?]
	at java.util.concurrent.CompletableFuture$UniAccept.tryFire(CompletableFuture.java:714) ~[?:?]
	at java.util.concurrent.CompletableFuture.postComplete(CompletableFuture.java:510) ~[?:?]
	at java.util.concurrent.CompletableFuture.postFire(CompletableFuture.java:614) ~[?:?]
	at java.util.concurrent.CompletableFuture$UniAccept.tryFire(CompletableFuture.java:726) ~[?:?]
	at java.util.concurrent.CompletableFuture$Completion.run(CompletableFuture.java:482) ~[?:?]
	at net.minecraft.server.packs.resources.SimpleReloadInstance.m_143940_(SimpleReloadInstance.java:69) ~[server-1.18.2-20220404.173914-srg.jar%23257!/:?]
	at net.minecraft.server.packs.resources.SimpleReloadInstance.m_10834_(SimpleReloadInstance.java:68) ~[server-1.18.2-20220404.173914-srg.jar%23257!/:?]
	at java.util.concurrent.CompletableFuture$UniCompletion.claim(CompletableFuture.java:572) ~[?:?]
	at java.util.concurrent.CompletableFuture$UniAccept.tryFire(CompletableFuture.java:714) ~[?:?]
	at java.util.concurrent.CompletableFuture.postComplete(CompletableFuture.java:510) ~[?:?]
	at java.util.concurrent.CompletableFuture.postFire(CompletableFuture.java:614) ~[?:?]
	at java.util.concurrent.CompletableFuture$UniAccept.tryFire(CompletableFuture.java:726) ~[?:?]
	at java.util.concurrent.CompletableFuture$Completion.run(CompletableFuture.java:482) ~[?:?]
	at net.minecraft.server.packs.resources.SimpleReloadInstance.m_143940_(SimpleReloadInstance.java:69) ~[server-1.18.2-20220404.173914-srg.jar%23257!/:?]
	at net.minecraft.server.packs.resources.SimpleReloadInstance.m_10834_(SimpleReloadInstance.java:68) ~[server-1.18.2-20220404.173914-srg.jar%23257!/:?]
	at java.util.concurrent.CompletableFuture$UniCompletion.claim(CompletableFuture.java:572) ~[?:?]
	at java.util.concurrent.CompletableFuture$UniAccept.tryFire(CompletableFuture.java:714) ~[?:?]
	at java.util.concurrent.CompletableFuture.postComplete(CompletableFuture.java:510) ~[?:?]
	at java.util.concurrent.CompletableFuture.complete(CompletableFuture.java:2147) ~[?:?]
	at net.minecraft.server.packs.resources.SimpleReloadInstance$1.m_10855_(SimpleReloadInstance.java:51) ~[server-1.18.2-20220404.173914-srg.jar%23257!/:?]
	at net.minecraft.server.packs.resources.SimpleReloadInstance$1.m_6769_(SimpleReloadInstance.java:48) ~[server-1.18.2-20220404.173914-srg.jar%23257!/:?]
	at java.util.concurrent.CompletableFuture$UniCompose.tryFire(CompletableFuture.java:1150) [?:?]
	at java.util.concurrent.CompletableFuture.postComplete(CompletableFuture.java:510) [?:?]
	at java.util.concurrent.CompletableFuture$AsyncSupply.run(CompletableFuture.java:1773) [?:?]
	at java.util.concurrent.CompletableFuture$AsyncSupply.exec(CompletableFuture.java:1760) [?:?]
	at java.util.concurrent.ForkJoinTask.doExec(ForkJoinTask.java:373) [?:?]
	at java.util.concurrent.ForkJoinPool$WorkQueue.topLevelExec(ForkJoinPool.java:1182) [?:?]
	at java.util.concurrent.ForkJoinPool.scan(ForkJoinPool.java:1655) [?:?]
	at java.util.concurrent.ForkJoinPool.runWorker(ForkJoinPool.java:1622) [?:?]
	at java.util.concurrent.ForkJoinWorkerThread.run(ForkJoinWorkerThread.java:165) [?:?]
[04Dec2025 01:08:19.512] [Worker-Main1/ERROR] [net.minecraft.world.level.storage.loot.LootTables/]: Couldn't parse loot table darkerdepths:blocks/cobbled_red_sandstone_vertical_slab
java.lang.IllegalArgumentException: Can't find block darkerdepths:cobbled_red_sandstone_vertical_slab
	at net.minecraft.world.level.storage.loot.predicates.LootItemBlockStatePropertyCondition$Serializer.m_81802_(LootItemBlockStatePropertyCondition.java:79) ~[server-1.18.2-20220404.173914-srg.jar%23257!/:?]
	at java.util.Optional.orElseThrow(Optional.java:403) ~[?:?]
	at net.minecraft.world.level.storage.loot.predicates.LootItemBlockStatePropertyCondition$Serializer.m_7561_(LootItemBlockStatePropertyCondition.java:79) ~[server-1.18.2-20220404.173914-srg.jar%23257!/:?]
	at net.minecraft.world.level.storage.loot.predicates.LootItemBlockStatePropertyCondition$Serializer.m_7561_(LootItemBlockStatePropertyCondition.java:68) ~[server-1.18.2-20220404.173914-srg.jar%23257!/:?]
	at net.minecraft.world.level.storage.loot.GsonAdapterFactory$JsonAdapter.deserialize(GsonAdapterFactory.java:102) ~[server-1.18.2-20220404.173914-srg.jar%23257!/:?]
	at com.google.gson.internal.bind.TreeTypeAdapter.read(TreeTypeAdapter.java:69) ~[gson-2.8.9.jar%2321!/:?]
	at com.google.gson.internal.bind.TypeAdapterRuntimeTypeWrapper.read(TypeAdapterRuntimeTypeWrapper.java:41) ~[gson-2.8.9.jar%2321!/:?]
	at com.google.gson.internal.bind.ArrayTypeAdapter.read(ArrayTypeAdapter.java:72) ~[gson-2.8.9.jar%2321!/:?]
	at com.google.gson.Gson.fromJson(Gson.java:963) ~[gson-2.8.9.jar%2321!/:?]
	at com.google.gson.Gson.fromJson(Gson.java:1034) ~[gson-2.8.9.jar%2321!/:?]
	at com.google.gson.internal.bind.TreeTypeAdapter$GsonContextImpl.deserialize(TreeTypeAdapter.java:162) ~[gson-2.8.9.jar%2321!/:?]
	at net.minecraft.util.GsonHelper.m_13808_(GsonHelper.java:448) ~[server-1.18.2-20220404.173914-srg.jar%23257!/:?]
	at net.minecraft.util.GsonHelper.m_13845_(GsonHelper.java:466) ~[server-1.18.2-20220404.173914-srg.jar%23257!/:?]
	at net.minecraft.world.level.storage.loot.functions.LootItemConditionalFunction$Serializer.m_7561_(LootItemConditionalFunction.java:98) ~[server-1.18.2-20220404.173914-srg.jar%23257!/:?]
	at net.minecraft.world.level.storage.loot.functions.LootItemConditionalFunction$Serializer.m_7561_(LootItemConditionalFunction.java:88) ~[server-1.18.2-20220404.173914-srg.jar%23257!/:?]
	at net.minecraft.world.level.storage.loot.GsonAdapterFactory$JsonAdapter.deserialize(GsonAdapterFactory.java:102) ~[server-1.18.2-20220404.173914-srg.jar%23257!/:?]
	at com.google.gson.internal.bind.TreeTypeAdapter.read(TreeTypeAdapter.java:69) ~[gson-2.8.9.jar%2321!/:?]
	at com.google.gson.internal.bind.TypeAdapterRuntimeTypeWrapper.read(TypeAdapterRuntimeTypeWrapper.java:41) ~[gson-2.8.9.jar%2321!/:?]
	at com.google.gson.internal.bind.ArrayTypeAdapter.read(ArrayTypeAdapter.java:72) ~[gson-2.8.9.jar%2321!/:?]
	at com.google.gson.Gson.fromJson(Gson.java:963) ~[gson-2.8.9.jar%2321!/:?]
	at com.google.gson.Gson.fromJson(Gson.java:1034) ~[gson-2.8.9.jar%2321!/:?]
	at com.google.gson.internal.bind.TreeTypeAdapter$GsonContextImpl.deserialize(TreeTypeAdapter.java:162) ~[gson-2.8.9.jar%2321!/:?]
	at net.minecraft.util.GsonHelper.m_13808_(GsonHelper.java:448) ~[server-1.18.2-20220404.173914-srg.jar%23257!/:?]
	at net.minecraft.util.GsonHelper.m_13845_(GsonHelper.java:466) ~[server-1.18.2-20220404.173914-srg.jar%23257!/:?]
	at net.minecraft.world.level.storage.loot.entries.LootPoolSingletonContainer$Serializer.m_5921_(LootPoolSingletonContainer.java:149) ~[server-1.18.2-20220404.173914-srg.jar%23257!/:?]
	at net.minecraft.world.level.storage.loot.entries.LootPoolSingletonContainer$Serializer.m_5921_(LootPoolSingletonContainer.java:129) ~[server-1.18.2-20220404.173914-srg.jar%23257!/:?]
	at net.minecraft.world.level.storage.loot.entries.LootPoolEntryContainer$Serializer.m_7561_(LootPoolEntryContainer.java:86) ~[server-1.18.2-20220404.173914-srg.jar%23257!/:?]
	at net.minecraft.world.level.storage.loot.entries.LootPoolEntryContainer$Serializer.m_7561_(LootPoolEntryContainer.java:74) ~[server-1.18.2-20220404.173914-srg.jar%23257!/:?]
	at net.minecraft.world.level.storage.loot.GsonAdapterFactory$JsonAdapter.deserialize(GsonAdapterFactory.java:102) ~[server-1.18.2-20220404.173914-srg.jar%23257!/:?]
	at com.google.gson.internal.bind.TreeTypeAdapter.read(TreeTypeAdapter.java:69) ~[gson-2.8.9.jar%2321!/:?]
	at com.google.gson.internal.bind.TypeAdapterRuntimeTypeWrapper.read(TypeAdapterRuntimeTypeWrapper.java:41) ~[gson-2.8.9.jar%2321!/:?]
	at com.google.gson.internal.bind.ArrayTypeAdapter.read(ArrayTypeAdapter.java:72) ~[gson-2.8.9.jar%2321!/:?]
	at com.google.gson.Gson.fromJson(Gson.java:963) ~[gson-2.8.9.jar%2321!/:?]
	at com.google.gson.Gson.fromJson(Gson.java:1034) ~[gson-2.8.9.jar%2321!/:?]
	at com.google.gson.internal.bind.TreeTypeAdapter$GsonContextImpl.deserialize(TreeTypeAdapter.java:162) ~[gson-2.8.9.jar%2321!/:?]
	at net.minecraft.util.GsonHelper.m_13808_(GsonHelper.java:448) ~[server-1.18.2-20220404.173914-srg.jar%23257!/:?]
	at net.minecraft.util.GsonHelper.m_13836_(GsonHelper.java:456) ~[server-1.18.2-20220404.173914-srg.jar%23257!/:?]
	at net.minecraft.world.level.storage.loot.LootPool$Serializer.deserialize(LootPool.java:190) ~[server-1.18.2-20220404.173914-srg.jar%23257!/:?]
	at net.minecraft.world.level.storage.loot.LootPool$Serializer.deserialize(LootPool.java:187) ~[server-1.18.2-20220404.173914-srg.jar%23257!/:?]
	at com.google.gson.internal.bind.TreeTypeAdapter.read(TreeTypeAdapter.java:69) ~[gson-2.8.9.jar%2321!/:?]
	at com.google.gson.internal.bind.TypeAdapterRuntimeTypeWrapper.read(TypeAdapterRuntimeTypeWrapper.java:41) ~[gson-2.8.9.jar%2321!/:?]
	at com.google.gson.internal.bind.ArrayTypeAdapter.read(ArrayTypeAdapter.java:72) ~[gson-2.8.9.jar%2321!/:?]
	at com.google.gson.Gson.fromJson(Gson.java:963) ~[gson-2.8.9.jar%2321!/:?]
	at com.google.gson.Gson.fromJson(Gson.java:1034) ~[gson-2.8.9.jar%2321!/:?]
	at com.google.gson.internal.bind.TreeTypeAdapter$GsonContextImpl.deserialize(TreeTypeAdapter.java:162) ~[gson-2.8.9.jar%2321!/:?]
	at net.minecraft.util.GsonHelper.m_13808_(GsonHelper.java:448) ~[server-1.18.2-20220404.173914-srg.jar%23257!/:?]
	at net.minecraft.util.GsonHelper.m_13845_(GsonHelper.java:466) ~[server-1.18.2-20220404.173914-srg.jar%23257!/:?]
	at net.minecraft.world.level.storage.loot.LootTable$Serializer.deserialize(LootTable.java:255) ~[server-1.18.2-20220404.173914-srg.jar%23257!/:?]
	at net.minecraft.world.level.storage.loot.LootTable$Serializer.deserialize(LootTable.java:252) ~[server-1.18.2-20220404.173914-srg.jar%23257!/:?]
	at com.google.gson.internal.bind.TreeTypeAdapter.read(TreeTypeAdapter.java:69) ~[gson-2.8.9.jar%2321!/:?]
	at com.google.gson.Gson.fromJson(Gson.java:963) ~[gson-2.8.9.jar%2321!/:?]
	at com.google.gson.Gson.fromJson(Gson.java:1034) ~[gson-2.8.9.jar%2321!/:?]
	at com.google.gson.Gson.fromJson(Gson.java:1006) ~[gson-2.8.9.jar%2321!/:?]
	at net.minecraftforge.common.ForgeHooks.loadLootTable(ForgeHooks.java:888) ~[forge-1.18.2-40.2.21-universal.jar%23262!/:?]
	at net.minecraft.world.level.storage.loot.LootTables.lambda$apply$0(LootTables.java:41) ~[server-1.18.2-20220404.173914-srg.jar%23257!/:?]
	at java.util.HashMap.forEach(HashMap.java:1421) ~[?:?]
	at net.minecraft.world.level.storage.loot.LootTables.m_5787_(LootTables.java:39) ~[server-1.18.2-20220404.173914-srg.jar%23257!/:?]
	at net.minecraft.world.level.storage.loot.LootTables.m_5787_(LootTables.java:17) ~[server-1.18.2-20220404.173914-srg.jar%23257!/:?]
	at net.minecraft.server.packs.resources.SimplePreparableReloadListener.m_10789_(SimplePreparableReloadListener.java:13) ~[server-1.18.2-20220404.173914-srg.jar%23257!/:?]
	at java.util.concurrent.CompletableFuture$UniAccept.tryFire(CompletableFuture.java:718) ~[?:?]
	at java.util.concurrent.CompletableFuture$Completion.run(CompletableFuture.java:482) ~[?:?]
	at net.minecraft.server.packs.resources.SimpleReloadInstance.m_143940_(SimpleReloadInstance.java:69) ~[server-1.18.2-20220404.173914-srg.jar%23257!/:?]
	at net.minecraft.server.packs.resources.SimpleReloadInstance.m_10834_(SimpleReloadInstance.java:68) ~[server-1.18.2-20220404.173914-srg.jar%23257!/:?]
	at java.util.concurrent.CompletableFuture$UniCompletion.claim(CompletableFuture.java:572) ~[?:?]
	at java.util.concurrent.CompletableFuture$UniAccept.tryFire(CompletableFuture.java:714) ~[?:?]
	at java.util.concurrent.CompletableFuture.postComplete(CompletableFuture.java:510) ~[?:?]
	at java.util.concurrent.CompletableFuture.postFire(CompletableFuture.java:614) ~[?:?]
	at java.util.concurrent.CompletableFuture$UniAccept.tryFire(CompletableFuture.java:726) ~[?:?]
	at java.util.concurrent.CompletableFuture$Completion.run(CompletableFuture.java:482) ~[?:?]
	at net.minecraft.server.packs.resources.SimpleReloadInstance.m_143940_(SimpleReloadInstance.java:69) ~[server-1.18.2-20220404.173914-srg.jar%23257!/:?]
	at net.minecraft.server.packs.resources.SimpleReloadInstance.m_10834_(SimpleReloadInstance.java:68) ~[server-1.18.2-20220404.173914-srg.jar%23257!/:?]
	at java.util.concurrent.CompletableFuture$UniCompletion.claim(CompletableFuture.java:572) ~[?:?]
	at java.util.concurrent.CompletableFuture$UniAccept.tryFire(CompletableFuture.java:714) ~[?:?]
	at java.util.concurrent.CompletableFuture.postComplete(CompletableFuture.java:510) ~[?:?]
	at java.util.concurrent.CompletableFuture.postFire(CompletableFuture.java:614) ~[?:?]
	at java.util.concurrent.CompletableFuture$UniAccept.tryFire(CompletableFuture.java:726) ~[?:?]
	at java.util.concurrent.CompletableFuture$Completion.run(CompletableFuture.java:482) ~[?:?]
	at net.minecraft.server.packs.resources.SimpleReloadInstance.m_143940_(SimpleReloadInstance.java:69) ~[server-1.18.2-20220404.173914-srg.jar%23257!/:?]
	at net.minecraft.server.packs.resources.SimpleReloadInstance.m_10834_(SimpleReloadInstance.java:68) ~[server-1.18.2-20220404.173914-srg.jar%23257!/:?]
	at java.util.concurrent.CompletableFuture$UniCompletion.claim(CompletableFuture.java:572) ~[?:?]
	at java.util.concurrent.CompletableFuture$UniAccept.tryFire(CompletableFuture.java:714) ~[?:?]
	at java.util.concurrent.CompletableFuture.postComplete(CompletableFuture.java:510) ~[?:?]
	at java.util.concurrent.CompletableFuture.postFire(CompletableFuture.java:614) ~[?:?]
	at java.util.concurrent.CompletableFuture$UniAccept.tryFire(CompletableFuture.java:726) ~[?:?]
	at java.util.concurrent.CompletableFuture$Completion.run(CompletableFuture.java:482) ~[?:?]
	at net.minecraft.server.packs.resources.SimpleReloadInstance.m_143940_(SimpleReloadInstance.java:69) ~[server-1.18.2-20220404.173914-srg.jar%23257!/:?]
	at net.minecraft.server.packs.resources.SimpleReloadInstance.m_10834_(SimpleReloadInstance.java:68) ~[server-1.18.2-20220404.173914-srg.jar%23257!/:?]
	at java.util.concurrent.CompletableFuture$UniCompletion.claim(CompletableFuture.java:572) ~[?:?]
	at java.util.concurrent.CompletableFuture$UniAccept.tryFire(CompletableFuture.java:714) ~[?:?]
	at java.util.concurrent.CompletableFuture.postComplete(CompletableFuture.java:510) ~[?:?]
	at java.util.concurrent.CompletableFuture.postFire(CompletableFuture.java:614) ~[?:?]
	at java.util.concurrent.CompletableFuture$UniAccept.tryFire(CompletableFuture.java:726) ~[?:?]
	at java.util.concurrent.CompletableFuture$Completion.run(CompletableFuture.java:482) ~[?:?]
	at net.minecraft.server.packs.resources.SimpleReloadInstance.m_143940_(SimpleReloadInstance.java:69) ~[server-1.18.2-20220404.173914-srg.jar%23257!/:?]
	at net.minecraft.server.packs.resources.SimpleReloadInstance.m_10834_(SimpleReloadInstance.java:68) ~[server-1.18.2-20220404.173914-srg.jar%23257!/:?]
	at java.util.concurrent.CompletableFuture$UniCompletion.claim(CompletableFuture.java:572) ~[?:?]
	at java.util.concurrent.CompletableFuture$UniAccept.tryFire(CompletableFuture.java:714) ~[?:?]
	at java.util.concurrent.CompletableFuture.postComplete(CompletableFuture.java:510) ~[?:?]
	at java.util.concurrent.CompletableFuture.complete(CompletableFuture.java:2147) ~[?:?]
	at net.minecraft.server.packs.resources.SimpleReloadInstance$1.m_10855_(SimpleReloadInstance.java:51) ~[server-1.18.2-20220404.173914-srg.jar%23257!/:?]
	at net.minecraft.server.packs.resources.SimpleReloadInstance$1.m_6769_(SimpleReloadInstance.java:48) ~[server-1.18.2-20220404.173914-srg.jar%23257!/:?]
	at java.util.concurrent.CompletableFuture$UniCompose.tryFire(CompletableFuture.java:1150) [?:?]
	at java.util.concurrent.CompletableFuture.postComplete(CompletableFuture.java:510) [?:?]
	at java.util.concurrent.CompletableFuture$AsyncSupply.run(CompletableFuture.java:1773) [?:?]
	at java.util.concurrent.CompletableFuture$AsyncSupply.exec(CompletableFuture.java:1760) [?:?]
	at java.util.concurrent.ForkJoinTask.doExec(ForkJoinTask.java:373) [?:?]
	at java.util.concurrent.ForkJoinPool$WorkQueue.topLevelExec(ForkJoinPool.java:1182) [?:?]
	at java.util.concurrent.ForkJoinPool.scan(ForkJoinPool.java:1655) [?:?]
	at java.util.concurrent.ForkJoinPool.runWorker(ForkJoinPool.java:1622) [?:?]
	at java.util.concurrent.ForkJoinWorkerThread.run(ForkJoinWorkerThread.java:165) [?:?]
[04Dec2025 01:08:19.594] [Worker-Main1/ERROR] [net.minecraft.world.level.storage.loot.LootTables/]: Couldn't parse loot table darkerdepths:blocks/grimestone_speleothem
com.google.gson.JsonSyntaxException: Expected name to be an item, was unknown string 'darkerdepths:grimestone_speleothem'
	at net.minecraft.util.GsonHelper.m_13866_(GsonHelper.java:130) ~[server-1.18.2-20220404.173914-srg.jar%23257!/:?]
	at java.util.Optional.orElseThrow(Optional.java:403) ~[?:?]
	at net.minecraft.util.GsonHelper.m_13874_(GsonHelper.java:130) ~[server-1.18.2-20220404.173914-srg.jar%23257!/:?]
	at net.minecraft.util.GsonHelper.m_13909_(GsonHelper.java:138) ~[server-1.18.2-20220404.173914-srg.jar%23257!/:?]
	at net.minecraft.world.level.storage.loot.entries.LootItem$Serializer.m_7267_(LootItem.java:55) ~[server-1.18.2-20220404.173914-srg.jar%23257!/:?]
	at net.minecraft.world.level.storage.loot.entries.LootItem$Serializer.m_7267_(LootItem.java:40) ~[server-1.18.2-20220404.173914-srg.jar%23257!/:?]
	at net.minecraft.world.level.storage.loot.entries.LootPoolSingletonContainer$Serializer.m_5921_(LootPoolSingletonContainer.java:151) ~[server-1.18.2-20220404.173914-srg.jar%23257!/:?]
	at net.minecraft.world.level.storage.loot.entries.LootPoolSingletonContainer$Serializer.m_5921_(LootPoolSingletonContainer.java:129) ~[server-1.18.2-20220404.173914-srg.jar%23257!/:?]
	at net.minecraft.world.level.storage.loot.entries.LootPoolEntryContainer$Serializer.m_7561_(LootPoolEntryContainer.java:86) ~[server-1.18.2-20220404.173914-srg.jar%23257!/:?]
	at net.minecraft.world.level.storage.loot.entries.LootPoolEntryContainer$Serializer.m_7561_(LootPoolEntryContainer.java:74) ~[server-1.18.2-20220404.173914-srg.jar%23257!/:?]
	at net.minecraft.world.level.storage.loot.GsonAdapterFactory$JsonAdapter.deserialize(GsonAdapterFactory.java:102) ~[server-1.18.2-20220404.173914-srg.jar%23257!/:?]
	at com.google.gson.internal.bind.TreeTypeAdapter.read(TreeTypeAdapter.java:69) ~[gson-2.8.9.jar%2321!/:?]
	at com.google.gson.internal.bind.TypeAdapterRuntimeTypeWrapper.read(TypeAdapterRuntimeTypeWrapper.java:41) ~[gson-2.8.9.jar%2321!/:?]
	at com.google.gson.internal.bind.ArrayTypeAdapter.read(ArrayTypeAdapter.java:72) ~[gson-2.8.9.jar%2321!/:?]
	at com.google.gson.Gson.fromJson(Gson.java:963) ~[gson-2.8.9.jar%2321!/:?]
	at com.google.gson.Gson.fromJson(Gson.java:1034) ~[gson-2.8.9.jar%2321!/:?]
	at com.google.gson.internal.bind.TreeTypeAdapter$GsonContextImpl.deserialize(TreeTypeAdapter.java:162) ~[gson-2.8.9.jar%2321!/:?]
	at net.minecraft.util.GsonHelper.m_13808_(GsonHelper.java:448) ~[server-1.18.2-20220404.173914-srg.jar%23257!/:?]
	at net.minecraft.util.GsonHelper.m_13836_(GsonHelper.java:456) ~[server-1.18.2-20220404.173914-srg.jar%23257!/:?]
	at net.minecraft.world.level.storage.loot.LootPool$Serializer.deserialize(LootPool.java:190) ~[server-1.18.2-20220404.173914-srg.jar%23257!/:?]
	at net.minecraft.world.level.storage.loot.LootPool$Serializer.deserialize(LootPool.java:187) ~[server-1.18.2-20220404.173914-srg.jar%23257!/:?]
	at com.google.gson.internal.bind.TreeTypeAdapter.read(TreeTypeAdapter.java:69) ~[gson-2.8.9.jar%2321!/:?]
	at com.google.gson.internal.bind.TypeAdapterRuntimeTypeWrapper.read(TypeAdapterRuntimeTypeWrapper.java:41) ~[gson-2.8.9.jar%2321!/:?]
	at com.google.gson.internal.bind.ArrayTypeAdapter.read(ArrayTypeAdapter.java:72) ~[gson-2.8.9.jar%2321!/:?]
	at com.google.gson.Gson.fromJson(Gson.java:963) ~[gson-2.8.9.jar%2321!/:?]
	at com.google.gson.Gson.fromJson(Gson.java:1034) ~[gson-2.8.9.jar%2321!/:?]
	at com.google.gson.internal.bind.TreeTypeAdapter$GsonContextImpl.deserialize(TreeTypeAdapter.java:162) ~[gson-2.8.9.jar%2321!/:?]
	at net.minecraft.util.GsonHelper.m_13808_(GsonHelper.java:448) ~[server-1.18.2-20220404.173914-srg.jar%23257!/:?]
	at net.minecraft.util.GsonHelper.m_13845_(GsonHelper.java:466) ~[server-1.18.2-20220404.173914-srg.jar%23257!/:?]
	at net.minecraft.world.level.storage.loot.LootTable$Serializer.deserialize(LootTable.java:255) ~[server-1.18.2-20220404.173914-srg.jar%23257!/:?]
	at net.minecraft.world.level.storage.loot.LootTable$Serializer.deserialize(LootTable.java:252) ~[server-1.18.2-20220404.173914-srg.jar%23257!/:?]
	at com.google.gson.internal.bind.TreeTypeAdapter.read(TreeTypeAdapter.java:69) ~[gson-2.8.9.jar%2321!/:?]
	at com.google.gson.Gson.fromJson(Gson.java:963) ~[gson-2.8.9.jar%2321!/:?]
	at com.google.gson.Gson.fromJson(Gson.java:1034) ~[gson-2.8.9.jar%2321!/:?]
	at com.google.gson.Gson.fromJson(Gson.java:1006) ~[gson-2.8.9.jar%2321!/:?]
	at net.minecraftforge.common.ForgeHooks.loadLootTable(ForgeHooks.java:888) ~[forge-1.18.2-40.2.21-universal.jar%23262!/:?]
	at net.minecraft.world.level.storage.loot.LootTables.lambda$apply$0(LootTables.java:41) ~[server-1.18.2-20220404.173914-srg.jar%23257!/:?]
	at java.util.HashMap.forEach(HashMap.java:1421) ~[?:?]
	at net.minecraft.world.level.storage.loot.LootTables.m_5787_(LootTables.java:39) ~[server-1.18.2-20220404.173914-srg.jar%23257!/:?]
	at net.minecraft.world.level.storage.loot.LootTables.m_5787_(LootTables.java:17) ~[server-1.18.2-20220404.173914-srg.jar%23257!/:?]
	at net.minecraft.server.packs.resources.SimplePreparableReloadListener.m_10789_(SimplePreparableReloadListener.java:13) ~[server-1.18.2-20220404.173914-srg.jar%23257!/:?]
	at java.util.concurrent.CompletableFuture$UniAccept.tryFire(CompletableFuture.java:718) ~[?:?]
	at java.util.concurrent.CompletableFuture$Completion.run(CompletableFuture.java:482) ~[?:?]
	at net.minecraft.server.packs.resources.SimpleReloadInstance.m_143940_(SimpleReloadInstance.java:69) ~[server-1.18.2-20220404.173914-srg.jar%23257!/:?]
	at net.minecraft.server.packs.resources.SimpleReloadInstance.m_10834_(SimpleReloadInstance.java:68) ~[server-1.18.2-20220404.173914-srg.jar%23257!/:?]
	at java.util.concurrent.CompletableFuture$UniCompletion.claim(CompletableFuture.java:572) ~[?:?]
	at java.util.concurrent.CompletableFuture$UniAccept.tryFire(CompletableFuture.java:714) ~[?:?]
	at java.util.concurrent.CompletableFuture.postComplete(CompletableFuture.java:510) ~[?:?]
	at java.util.concurrent.CompletableFuture.postFire(CompletableFuture.java:614) ~[?:?]
	at java.util.concurrent.CompletableFuture$UniAccept.tryFire(CompletableFuture.java:726) ~[?:?]
	at java.util.concurrent.CompletableFuture$Completion.run(CompletableFuture.java:482) ~[?:?]
	at net.minecraft.server.packs.resources.SimpleReloadInstance.m_143940_(SimpleReloadInstance.java:69) ~[server-1.18.2-20220404.173914-srg.jar%23257!/:?]
	at net.minecraft.server.packs.resources.SimpleReloadInstance.m_10834_(SimpleReloadInstance.java:68) ~[server-1.18.2-20220404.173914-srg.jar%23257!/:?]
	at java.util.concurrent.CompletableFuture$UniCompletion.claim(CompletableFuture.java:572) ~[?:?]
	at java.util.concurrent.CompletableFuture$UniAccept.tryFire(CompletableFuture.java:714) ~[?:?]
	at java.util.concurrent.CompletableFuture.postComplete(CompletableFuture.java:510) ~[?:?]
	at java.util.concurrent.CompletableFuture.postFire(CompletableFuture.java:614) ~[?:?]
	at java.util.concurrent.CompletableFuture$UniAccept.tryFire(CompletableFuture.java:726) ~[?:?]
	at java.util.concurrent.CompletableFuture$Completion.run(CompletableFuture.java:482) ~[?:?]
	at net.minecraft.server.packs.resources.SimpleReloadInstance.m_143940_(SimpleReloadInstance.java:69) ~[server-1.18.2-20220404.173914-srg.jar%23257!/:?]
	at net.minecraft.server.packs.resources.SimpleReloadInstance.m_10834_(SimpleReloadInstance.java:68) ~[server-1.18.2-20220404.173914-srg.jar%23257!/:?]
	at java.util.concurrent.CompletableFuture$UniCompletion.claim(CompletableFuture.java:572) ~[?:?]
	at java.util.concurrent.CompletableFuture$UniAccept.tryFire(CompletableFuture.java:714) ~[?:?]
	at java.util.concurrent.CompletableFuture.postComplete(CompletableFuture.java:510) ~[?:?]
	at java.util.concurrent.CompletableFuture.postFire(CompletableFuture.java:614) ~[?:?]
	at java.util.concurrent.CompletableFuture$UniAccept.tryFire(CompletableFuture.java:726) ~[?:?]
	at java.util.concurrent.CompletableFuture$Completion.run(CompletableFuture.java:482) ~[?:?]
	at net.minecraft.server.packs.resources.SimpleReloadInstance.m_143940_(SimpleReloadInstance.java:69) ~[server-1.18.2-20220404.173914-srg.jar%23257!/:?]
	at net.minecraft.server.packs.resources.SimpleReloadInstance.m_10834_(SimpleReloadInstance.java:68) ~[server-1.18.2-20220404.173914-srg.jar%23257!/:?]
	at java.util.concurrent.CompletableFuture$UniCompletion.claim(CompletableFuture.java:572) ~[?:?]
	at java.util.concurrent.CompletableFuture$UniAccept.tryFire(CompletableFuture.java:714) ~[?:?]
	at java.util.concurrent.CompletableFuture.postComplete(CompletableFuture.java:510) ~[?:?]
	at java.util.concurrent.CompletableFuture.postFire(CompletableFuture.java:614) ~[?:?]
	at java.util.concurrent.CompletableFuture$UniAccept.tryFire(CompletableFuture.java:726) ~[?:?]
	at java.util.concurrent.CompletableFuture$Completion.run(CompletableFuture.java:482) ~[?:?]
	at net.minecraft.server.packs.resources.SimpleReloadInstance.m_143940_(SimpleReloadInstance.java:69) ~[server-1.18.2-20220404.173914-srg.jar%23257!/:?]
	at net.minecraft.server.packs.resources.SimpleReloadInstance.m_10834_(SimpleReloadInstance.java:68) ~[server-1.18.2-20220404.173914-srg.jar%23257!/:?]
	at java.util.concurrent.CompletableFuture$UniCompletion.claim(CompletableFuture.java:572) ~[?:?]
	at java.util.concurrent.CompletableFuture$UniAccept.tryFire(CompletableFuture.java:714) ~[?:?]
	at java.util.concurrent.CompletableFuture.postComplete(CompletableFuture.java:510) ~[?:?]
	at java.util.concurrent.CompletableFuture.complete(CompletableFuture.java:2147) ~[?:?]
	at net.minecraft.server.packs.resources.SimpleReloadInstance$1.m_10855_(SimpleReloadInstance.java:51) ~[server-1.18.2-20220404.173914-srg.jar%23257!/:?]
	at net.minecraft.server.packs.resources.SimpleReloadInstance$1.m_6769_(SimpleReloadInstance.java:48) ~[server-1.18.2-20220404.173914-srg.jar%23257!/:?]
	at java.util.concurrent.CompletableFuture$UniCompose.tryFire(CompletableFuture.java:1150) [?:?]
	at java.util.concurrent.CompletableFuture.postComplete(CompletableFuture.java:510) [?:?]
	at java.util.concurrent.CompletableFuture$AsyncSupply.run(CompletableFuture.java:1773) [?:?]
	at java.util.concurrent.CompletableFuture$AsyncSupply.exec(CompletableFuture.java:1760) [?:?]
	at java.util.concurrent.ForkJoinTask.doExec(ForkJoinTask.java:373) [?:?]
	at java.util.concurrent.ForkJoinPool$WorkQueue.topLevelExec(ForkJoinPool.java:1182) [?:?]
	at java.util.concurrent.ForkJoinPool.scan(ForkJoinPool.java:1655) [?:?]
	at java.util.concurrent.ForkJoinPool.runWorker(ForkJoinPool.java:1622) [?:?]
	at java.util.concurrent.ForkJoinWorkerThread.run(ForkJoinWorkerThread.java:165) [?:?]
[04Dec2025 01:08:19.751] [Worker-Main1/ERROR] [net.minecraft.world.level.storage.loot.LootTables/]: Couldn't parse loot table darkerdepths:blocks/cobbled_sandstone_stairs
com.google.gson.JsonSyntaxException: Expected name to be an item, was unknown string 'darkerdepths:cobbled_sandstone_stairs'
	at net.minecraft.util.GsonHelper.m_13866_(GsonHelper.java:130) ~[server-1.18.2-20220404.173914-srg.jar%23257!/:?]
	at java.util.Optional.orElseThrow(Optional.java:403) ~[?:?]
	at net.minecraft.util.GsonHelper.m_13874_(GsonHelper.java:130) ~[server-1.18.2-20220404.173914-srg.jar%23257!/:?]
	at net.minecraft.util.GsonHelper.m_13909_(GsonHelper.java:138) ~[server-1.18.2-20220404.173914-srg.jar%23257!/:?]
	at net.minecraft.world.level.storage.loot.entries.LootItem$Serializer.m_7267_(LootItem.java:55) ~[server-1.18.2-20220404.173914-srg.jar%23257!/:?]
	at net.minecraft.world.level.storage.loot.entries.LootItem$Serializer.m_7267_(LootItem.java:40) ~[server-1.18.2-20220404.173914-srg.jar%23257!/:?]
	at net.minecraft.world.level.storage.loot.entries.LootPoolSingletonContainer$Serializer.m_5921_(LootPoolSingletonContainer.java:151) ~[server-1.18.2-20220404.173914-srg.jar%23257!/:?]
	at net.minecraft.world.level.storage.loot.entries.LootPoolSingletonContainer$Serializer.m_5921_(LootPoolSingletonContainer.java:129) ~[server-1.18.2-20220404.173914-srg.jar%23257!/:?]
	at net.minecraft.world.level.storage.loot.entries.LootPoolEntryContainer$Serializer.m_7561_(LootPoolEntryContainer.java:86) ~[server-1.18.2-20220404.173914-srg.jar%23257!/:?]
	at net.minecraft.world.level.storage.loot.entries.LootPoolEntryContainer$Serializer.m_7561_(LootPoolEntryContainer.java:74) ~[server-1.18.2-20220404.173914-srg.jar%23257!/:?]
	at net.minecraft.world.level.storage.loot.GsonAdapterFactory$JsonAdapter.deserialize(GsonAdapterFactory.java:102) ~[server-1.18.2-20220404.173914-srg.jar%23257!/:?]
	at com.google.gson.internal.bind.TreeTypeAdapter.read(TreeTypeAdapter.java:69) ~[gson-2.8.9.jar%2321!/:?]
	at com.google.gson.internal.bind.TypeAdapterRuntimeTypeWrapper.read(TypeAdapterRuntimeTypeWrapper.java:41) ~[gson-2.8.9.jar%2321!/:?]
	at com.google.gson.internal.bind.ArrayTypeAdapter.read(ArrayTypeAdapter.java:72) ~[gson-2.8.9.jar%2321!/:?]
	at com.google.gson.Gson.fromJson(Gson.java:963) ~[gson-2.8.9.jar%2321!/:?]
	at com.google.gson.Gson.fromJson(Gson.java:1034) ~[gson-2.8.9.jar%2321!/:?]
	at com.google.gson.internal.bind.TreeTypeAdapter$GsonContextImpl.deserialize(TreeTypeAdapter.java:162) ~[gson-2.8.9.jar%2321!/:?]
	at net.minecraft.util.GsonHelper.m_13808_(GsonHelper.java:448) ~[server-1.18.2-20220404.173914-srg.jar%23257!/:?]
	at net.minecraft.util.GsonHelper.m_13836_(GsonHelper.java:456) ~[server-1.18.2-20220404.173914-srg.jar%23257!/:?]
	at net.minecraft.world.level.storage.loot.LootPool$Serializer.deserialize(LootPool.java:190) ~[server-1.18.2-20220404.173914-srg.jar%23257!/:?]
	at net.minecraft.world.level.storage.loot.LootPool$Serializer.deserialize(LootPool.java:187) ~[server-1.18.2-20220404.173914-srg.jar%23257!/:?]
	at com.google.gson.internal.bind.TreeTypeAdapter.read(TreeTypeAdapter.java:69) ~[gson-2.8.9.jar%2321!/:?]
	at com.google.gson.internal.bind.TypeAdapterRuntimeTypeWrapper.read(TypeAdapterRuntimeTypeWrapper.java:41) ~[gson-2.8.9.jar%2321!/:?]
	at com.google.gson.internal.bind.ArrayTypeAdapter.read(ArrayTypeAdapter.java:72) ~[gson-2.8.9.jar%2321!/:?]
	at com.google.gson.Gson.fromJson(Gson.java:963) ~[gson-2.8.9.jar%2321!/:?]
	at com.google.gson.Gson.fromJson(Gson.java:1034) ~[gson-2.8.9.jar%2321!/:?]
	at com.google.gson.internal.bind.TreeTypeAdapter$GsonContextImpl.deserialize(TreeTypeAdapter.java:162) ~[gson-2.8.9.jar%2321!/:?]
	at net.minecraft.util.GsonHelper.m_13808_(GsonHelper.java:448) ~[server-1.18.2-20220404.173914-srg.jar%23257!/:?]
	at net.minecraft.util.GsonHelper.m_13845_(GsonHelper.java:466) ~[server-1.18.2-20220404.173914-srg.jar%23257!/:?]
	at net.minecraft.world.level.storage.loot.LootTable$Serializer.deserialize(LootTable.java:255) ~[server-1.18.2-20220404.173914-srg.jar%23257!/:?]
	at net.minecraft.world.level.storage.loot.LootTable$Serializer.deserialize(LootTable.java:252) ~[server-1.18.2-20220404.173914-srg.jar%23257!/:?]
	at com.google.gson.internal.bind.TreeTypeAdapter.read(TreeTypeAdapter.java:69) ~[gson-2.8.9.jar%2321!/:?]
	at com.google.gson.Gson.fromJson(Gson.java:963) ~[gson-2.8.9.jar%2321!/:?]
	at com.google.gson.Gson.fromJson(Gson.java:1034) ~[gson-2.8.9.jar%2321!/:?]
	at com.google.gson.Gson.fromJson(Gson.java:1006) ~[gson-2.8.9.jar%2321!/:?]
	at net.minecraftforge.common.ForgeHooks.loadLootTable(ForgeHooks.java:888) ~[forge-1.18.2-40.2.21-universal.jar%23262!/:?]
	at net.minecraft.world.level.storage.loot.LootTables.lambda$apply$0(LootTables.java:41) ~[server-1.18.2-20220404.173914-srg.jar%23257!/:?]
	at java.util.HashMap.forEach(HashMap.java:1421) ~[?:?]
	at net.minecraft.world.level.storage.loot.LootTables.m_5787_(LootTables.java:39) ~[server-1.18.2-20220404.173914-srg.jar%23257!/:?]
	at net.minecraft.world.level.storage.loot.LootTables.m_5787_(LootTables.java:17) ~[server-1.18.2-20220404.173914-srg.jar%23257!/:?]
	at net.minecraft.server.packs.resources.SimplePreparableReloadListener.m_10789_(SimplePreparableReloadListener.java:13) ~[server-1.18.2-20220404.173914-srg.jar%23257!/:?]
	at java.util.concurrent.CompletableFuture$UniAccept.tryFire(CompletableFuture.java:718) ~[?:?]
	at java.util.concurrent.CompletableFuture$Completion.run(CompletableFuture.java:482) ~[?:?]
	at net.minecraft.server.packs.resources.SimpleReloadInstance.m_143940_(SimpleReloadInstance.java:69) ~[server-1.18.2-20220404.173914-srg.jar%23257!/:?]
	at net.minecraft.server.packs.resources.SimpleReloadInstance.m_10834_(SimpleReloadInstance.java:68) ~[server-1.18.2-20220404.173914-srg.jar%23257!/:?]
	at java.util.concurrent.CompletableFuture$UniCompletion.claim(CompletableFuture.java:572) ~[?:?]
	at java.util.concurrent.CompletableFuture$UniAccept.tryFire(CompletableFuture.java:714) ~[?:?]
	at java.util.concurrent.CompletableFuture.postComplete(CompletableFuture.java:510) ~[?:?]
	at java.util.concurrent.CompletableFuture.postFire(CompletableFuture.java:614) ~[?:?]
	at java.util.concurrent.CompletableFuture$UniAccept.tryFire(CompletableFuture.java:726) ~[?:?]
	at java.util.concurrent.CompletableFuture$Completion.run(CompletableFuture.java:482) ~[?:?]
	at net.minecraft.server.packs.resources.SimpleReloadInstance.m_143940_(SimpleReloadInstance.java:69) ~[server-1.18.2-20220404.173914-srg.jar%23257!/:?]
	at net.minecraft.server.packs.resources.SimpleReloadInstance.m_10834_(SimpleReloadInstance.java:68) ~[server-1.18.2-20220404.173914-srg.jar%23257!/:?]
	at java.util.concurrent.CompletableFuture$UniCompletion.claim(CompletableFuture.java:572) ~[?:?]
	at java.util.concurrent.CompletableFuture$UniAccept.tryFire(CompletableFuture.java:714) ~[?:?]
	at java.util.concurrent.CompletableFuture.postComplete(CompletableFuture.java:510) ~[?:?]
	at java.util.concurrent.CompletableFuture.postFire(CompletableFuture.java:614) ~[?:?]
	at java.util.concurrent.CompletableFuture$UniAccept.tryFire(CompletableFuture.java:726) ~[?:?]
	at java.util.concurrent.CompletableFuture$Completion.run(CompletableFuture.java:482) ~[?:?]
	at net.minecraft.server.packs.resources.SimpleReloadInstance.m_143940_(SimpleReloadInstance.java:69) ~[server-1.18.2-20220404.173914-srg.jar%23257!/:?]
	at net.minecraft.server.packs.resources.SimpleReloadInstance.m_10834_(SimpleReloadInstance.java:68) ~[server-1.18.2-20220404.173914-srg.jar%23257!/:?]
	at java.util.concurrent.CompletableFuture$UniCompletion.claim(CompletableFuture.java:572) ~[?:?]
	at java.util.concurrent.CompletableFuture$UniAccept.tryFire(CompletableFuture.java:714) ~[?:?]
	at java.util.concurrent.CompletableFuture.postComplete(CompletableFuture.java:510) ~[?:?]
	at java.util.concurrent.CompletableFuture.postFire(CompletableFuture.java:614) ~[?:?]
	at java.util.concurrent.CompletableFuture$UniAccept.tryFire(CompletableFuture.java:726) ~[?:?]
	at java.util.concurrent.CompletableFuture$Completion.run(CompletableFuture.java:482) ~[?:?]
	at net.minecraft.server.packs.resources.SimpleReloadInstance.m_143940_(SimpleReloadInstance.java:69) ~[server-1.18.2-20220404.173914-srg.jar%23257!/:?]
	at net.minecraft.server.packs.resources.SimpleReloadInstance.m_10834_(SimpleReloadInstance.java:68) ~[server-1.18.2-20220404.173914-srg.jar%23257!/:?]
	at java.util.concurrent.CompletableFuture$UniCompletion.claim(CompletableFuture.java:572) ~[?:?]
	at java.util.concurrent.CompletableFuture$UniAccept.tryFire(CompletableFuture.java:714) ~[?:?]
	at java.util.concurrent.CompletableFuture.postComplete(CompletableFuture.java:510) ~[?:?]
	at java.util.concurrent.CompletableFuture.postFire(CompletableFuture.java:614) ~[?:?]
	at java.util.concurrent.CompletableFuture$UniAccept.tryFire(CompletableFuture.java:726) ~[?:?]
	at java.util.concurrent.CompletableFuture$Completion.run(CompletableFuture.java:482) ~[?:?]
	at net.minecraft.server.packs.resources.SimpleReloadInstance.m_143940_(SimpleReloadInstance.java:69) ~[server-1.18.2-20220404.173914-srg.jar%23257!/:?]
	at net.minecraft.server.packs.resources.SimpleReloadInstance.m_10834_(SimpleReloadInstance.java:68) ~[server-1.18.2-20220404.173914-srg.jar%23257!/:?]
	at java.util.concurrent.CompletableFuture$UniCompletion.claim(CompletableFuture.java:572) ~[?:?]
	at java.util.concurrent.CompletableFuture$UniAccept.tryFire(CompletableFuture.java:714) ~[?:?]
	at java.util.concurrent.CompletableFuture.postComplete(CompletableFuture.java:510) ~[?:?]
	at java.util.concurrent.CompletableFuture.complete(CompletableFuture.java:2147) ~[?:?]
	at net.minecraft.server.packs.resources.SimpleReloadInstance$1.m_10855_(SimpleReloadInstance.java:51) ~[server-1.18.2-20220404.173914-srg.jar%23257!/:?]
	at net.minecraft.server.packs.resources.SimpleReloadInstance$1.m_6769_(SimpleReloadInstance.java:48) ~[server-1.18.2-20220404.173914-srg.jar%23257!/:?]
	at java.util.concurrent.CompletableFuture$UniCompose.tryFire(CompletableFuture.java:1150) [?:?]
	at java.util.concurrent.CompletableFuture.postComplete(CompletableFuture.java:510) [?:?]
	at java.util.concurrent.CompletableFuture$AsyncSupply.run(CompletableFuture.java:1773) [?:?]
	at java.util.concurrent.CompletableFuture$AsyncSupply.exec(CompletableFuture.java:1760) [?:?]
	at java.util.concurrent.ForkJoinTask.doExec(ForkJoinTask.java:373) [?:?]
	at java.util.concurrent.ForkJoinPool$WorkQueue.topLevelExec(ForkJoinPool.java:1182) [?:?]
	at java.util.concurrent.ForkJoinPool.scan(ForkJoinPool.java:1655) [?:?]
	at java.util.concurrent.ForkJoinPool.runWorker(ForkJoinPool.java:1622) [?:?]
	at java.util.concurrent.ForkJoinWorkerThread.run(ForkJoinWorkerThread.java:165) [?:?]
[04Dec2025 01:08:19.960] [Worker-Main1/ERROR] [net.minecraft.world.level.storage.loot.LootTables/]: Couldn't parse loot table darkerdepths:blocks/shale_speleothem
com.google.gson.JsonSyntaxException: Expected name to be an item, was unknown string 'darkerdepths:shale_speleothem'
	at net.minecraft.util.GsonHelper.m_13866_(GsonHelper.java:130) ~[server-1.18.2-20220404.173914-srg.jar%23257!/:?]
	at java.util.Optional.orElseThrow(Optional.java:403) ~[?:?]
	at net.minecraft.util.GsonHelper.m_13874_(GsonHelper.java:130) ~[server-1.18.2-20220404.173914-srg.jar%23257!/:?]
	at net.minecraft.util.GsonHelper.m_13909_(GsonHelper.java:138) ~[server-1.18.2-20220404.173914-srg.jar%23257!/:?]
	at net.minecraft.world.level.storage.loot.entries.LootItem$Serializer.m_7267_(LootItem.java:55) ~[server-1.18.2-20220404.173914-srg.jar%23257!/:?]
	at net.minecraft.world.level.storage.loot.entries.LootItem$Serializer.m_7267_(LootItem.java:40) ~[server-1.18.2-20220404.173914-srg.jar%23257!/:?]
	at net.minecraft.world.level.storage.loot.entries.LootPoolSingletonContainer$Serializer.m_5921_(LootPoolSingletonContainer.java:151) ~[server-1.18.2-20220404.173914-srg.jar%23257!/:?]
	at net.minecraft.world.level.storage.loot.entries.LootPoolSingletonContainer$Serializer.m_5921_(LootPoolSingletonContainer.java:129) ~[server-1.18.2-20220404.173914-srg.jar%23257!/:?]
	at net.minecraft.world.level.storage.loot.entries.LootPoolEntryContainer$Serializer.m_7561_(LootPoolEntryContainer.java:86) ~[server-1.18.2-20220404.173914-srg.jar%23257!/:?]
	at net.minecraft.world.level.storage.loot.entries.LootPoolEntryContainer$Serializer.m_7561_(LootPoolEntryContainer.java:74) ~[server-1.18.2-20220404.173914-srg.jar%23257!/:?]
	at net.minecraft.world.level.storage.loot.GsonAdapterFactory$JsonAdapter.deserialize(GsonAdapterFactory.java:102) ~[server-1.18.2-20220404.173914-srg.jar%23257!/:?]
	at com.google.gson.internal.bind.TreeTypeAdapter.read(TreeTypeAdapter.java:69) ~[gson-2.8.9.jar%2321!/:?]
	at com.google.gson.internal.bind.TypeAdapterRuntimeTypeWrapper.read(TypeAdapterRuntimeTypeWrapper.java:41) ~[gson-2.8.9.jar%2321!/:?]
	at com.google.gson.internal.bind.ArrayTypeAdapter.read(ArrayTypeAdapter.java:72) ~[gson-2.8.9.jar%2321!/:?]
	at com.google.gson.Gson.fromJson(Gson.java:963) ~[gson-2.8.9.jar%2321!/:?]
	at com.google.gson.Gson.fromJson(Gson.java:1034) ~[gson-2.8.9.jar%2321!/:?]
	at com.google.gson.internal.bind.TreeTypeAdapter$GsonContextImpl.deserialize(TreeTypeAdapter.java:162) ~[gson-2.8.9.jar%2321!/:?]
	at net.minecraft.util.GsonHelper.m_13808_(GsonHelper.java:448) ~[server-1.18.2-20220404.173914-srg.jar%23257!/:?]
	at net.minecraft.util.GsonHelper.m_13836_(GsonHelper.java:456) ~[server-1.18.2-20220404.173914-srg.jar%23257!/:?]
	at net.minecraft.world.level.storage.loot.LootPool$Serializer.deserialize(LootPool.java:190) ~[server-1.18.2-20220404.173914-srg.jar%23257!/:?]
	at net.minecraft.world.level.storage.loot.LootPool$Serializer.deserialize(LootPool.java:187) ~[server-1.18.2-20220404.173914-srg.jar%23257!/:?]
	at com.google.gson.internal.bind.TreeTypeAdapter.read(TreeTypeAdapter.java:69) ~[gson-2.8.9.jar%2321!/:?]
	at com.google.gson.internal.bind.TypeAdapterRuntimeTypeWrapper.read(TypeAdapterRuntimeTypeWrapper.java:41) ~[gson-2.8.9.jar%2321!/:?]
	at com.google.gson.internal.bind.ArrayTypeAdapter.read(ArrayTypeAdapter.java:72) ~[gson-2.8.9.jar%2321!/:?]
	at com.google.gson.Gson.fromJson(Gson.java:963) ~[gson-2.8.9.jar%2321!/:?]
	at com.google.gson.Gson.fromJson(Gson.java:1034) ~[gson-2.8.9.jar%2321!/:?]
	at com.google.gson.internal.bind.TreeTypeAdapter$GsonContextImpl.deserialize(TreeTypeAdapter.java:162) ~[gson-2.8.9.jar%2321!/:?]
	at net.minecraft.util.GsonHelper.m_13808_(GsonHelper.java:448) ~[server-1.18.2-20220404.173914-srg.jar%23257!/:?]
	at net.minecraft.util.GsonHelper.m_13845_(GsonHelper.java:466) ~[server-1.18.2-20220404.173914-srg.jar%23257!/:?]
	at net.minecraft.world.level.storage.loot.LootTable$Serializer.deserialize(LootTable.java:255) ~[server-1.18.2-20220404.173914-srg.jar%23257!/:?]
	at net.minecraft.world.level.storage.loot.LootTable$Serializer.deserialize(LootTable.java:252) ~[server-1.18.2-20220404.173914-srg.jar%23257!/:?]
	at com.google.gson.internal.bind.TreeTypeAdapter.read(TreeTypeAdapter.java:69) ~[gson-2.8.9.jar%2321!/:?]
	at com.google.gson.Gson.fromJson(Gson.java:963) ~[gson-2.8.9.jar%2321!/:?]
	at com.google.gson.Gson.fromJson(Gson.java:1034) ~[gson-2.8.9.jar%2321!/:?]
	at com.google.gson.Gson.fromJson(Gson.java:1006) ~[gson-2.8.9.jar%2321!/:?]
	at net.minecraftforge.common.ForgeHooks.loadLootTable(ForgeHooks.java:888) ~[forge-1.18.2-40.2.21-universal.jar%23262!/:?]
	at net.minecraft.world.level.storage.loot.LootTables.lambda$apply$0(LootTables.java:41) ~[server-1.18.2-20220404.173914-srg.jar%23257!/:?]
	at java.util.HashMap.forEach(HashMap.java:1421) ~[?:?]
	at net.minecraft.world.level.storage.loot.LootTables.m_5787_(LootTables.java:39) ~[server-1.18.2-20220404.173914-srg.jar%23257!/:?]
	at net.minecraft.world.level.storage.loot.LootTables.m_5787_(LootTables.java:17) ~[server-1.18.2-20220404.173914-srg.jar%23257!/:?]
	at net.minecraft.server.packs.resources.SimplePreparableReloadListener.m_10789_(SimplePreparableReloadListener.java:13) ~[server-1.18.2-20220404.173914-srg.jar%23257!/:?]
	at java.util.concurrent.CompletableFuture$UniAccept.tryFire(CompletableFuture.java:718) ~[?:?]
	at java.util.concurrent.CompletableFuture$Completion.run(CompletableFuture.java:482) ~[?:?]
	at net.minecraft.server.packs.resources.SimpleReloadInstance.m_143940_(SimpleReloadInstance.java:69) ~[server-1.18.2-20220404.173914-srg.jar%23257!/:?]
	at net.minecraft.server.packs.resources.SimpleReloadInstance.m_10834_(SimpleReloadInstance.java:68) ~[server-1.18.2-20220404.173914-srg.jar%23257!/:?]
	at java.util.concurrent.CompletableFuture$UniCompletion.claim(CompletableFuture.java:572) ~[?:?]
	at java.util.concurrent.CompletableFuture$UniAccept.tryFire(CompletableFuture.java:714) ~[?:?]
	at java.util.concurrent.CompletableFuture.postComplete(CompletableFuture.java:510) ~[?:?]
	at java.util.concurrent.CompletableFuture.postFire(CompletableFuture.java:614) ~[?:?]
	at java.util.concurrent.CompletableFuture$UniAccept.tryFire(CompletableFuture.java:726) ~[?:?]
	at java.util.concurrent.CompletableFuture$Completion.run(CompletableFuture.java:482) ~[?:?]
	at net.minecraft.server.packs.resources.SimpleReloadInstance.m_143940_(SimpleReloadInstance.java:69) ~[server-1.18.2-20220404.173914-srg.jar%23257!/:?]
	at net.minecraft.server.packs.resources.SimpleReloadInstance.m_10834_(SimpleReloadInstance.java:68) ~[server-1.18.2-20220404.173914-srg.jar%23257!/:?]
	at java.util.concurrent.CompletableFuture$UniCompletion.claim(CompletableFuture.java:572) ~[?:?]
	at java.util.concurrent.CompletableFuture$UniAccept.tryFire(CompletableFuture.java:714) ~[?:?]
	at java.util.concurrent.CompletableFuture.postComplete(CompletableFuture.java:510) ~[?:?]
	at java.util.concurrent.CompletableFuture.postFire(CompletableFuture.java:614) ~[?:?]
	at java.util.concurrent.CompletableFuture$UniAccept.tryFire(CompletableFuture.java:726) ~[?:?]
	at java.util.concurrent.CompletableFuture$Completion.run(CompletableFuture.java:482) ~[?:?]
	at net.minecraft.server.packs.resources.SimpleReloadInstance.m_143940_(SimpleReloadInstance.java:69) ~[server-1.18.2-20220404.173914-srg.jar%23257!/:?]
	at net.minecraft.server.packs.resources.SimpleReloadInstance.m_10834_(SimpleReloadInstance.java:68) ~[server-1.18.2-20220404.173914-srg.jar%23257!/:?]
	at java.util.concurrent.CompletableFuture$UniCompletion.claim(CompletableFuture.java:572) ~[?:?]
	at java.util.concurrent.CompletableFuture$UniAccept.tryFire(CompletableFuture.java:714) ~[?:?]
	at java.util.concurrent.CompletableFuture.postComplete(CompletableFuture.java:510) ~[?:?]
	at java.util.concurrent.CompletableFuture.postFire(CompletableFuture.java:614) ~[?:?]
	at java.util.concurrent.CompletableFuture$UniAccept.tryFire(CompletableFuture.java:726) ~[?:?]
	at java.util.concurrent.CompletableFuture$Completion.run(CompletableFuture.java:482) ~[?:?]
	at net.minecraft.server.packs.resources.SimpleReloadInstance.m_143940_(SimpleReloadInstance.java:69) ~[server-1.18.2-20220404.173914-srg.jar%23257!/:?]
	at net.minecraft.server.packs.resources.SimpleReloadInstance.m_10834_(SimpleReloadInstance.java:68) ~[server-1.18.2-20220404.173914-srg.jar%23257!/:?]
	at java.util.concurrent.CompletableFuture$UniCompletion.claim(CompletableFuture.java:572) ~[?:?]
	at java.util.concurrent.CompletableFuture$UniAccept.tryFire(CompletableFuture.java:714) ~[?:?]
	at java.util.concurrent.CompletableFuture.postComplete(CompletableFuture.java:510) ~[?:?]
	at java.util.concurrent.CompletableFuture.postFire(CompletableFuture.java:614) ~[?:?]
	at java.util.concurrent.CompletableFuture$UniAccept.tryFire(CompletableFuture.java:726) ~[?:?]
	at java.util.concurrent.CompletableFuture$Completion.run(CompletableFuture.java:482) ~[?:?]
	at net.minecraft.server.packs.resources.SimpleReloadInstance.m_143940_(SimpleReloadInstance.java:69) ~[server-1.18.2-20220404.173914-srg.jar%23257!/:?]
	at net.minecraft.server.packs.resources.SimpleReloadInstance.m_10834_(SimpleReloadInstance.java:68) ~[server-1.18.2-20220404.173914-srg.jar%23257!/:?]
	at java.util.concurrent.CompletableFuture$UniCompletion.claim(CompletableFuture.java:572) ~[?:?]
	at java.util.concurrent.CompletableFuture$UniAccept.tryFire(CompletableFuture.java:714) ~[?:?]
	at java.util.concurrent.CompletableFuture.postComplete(CompletableFuture.java:510) ~[?:?]
	at java.util.concurrent.CompletableFuture.complete(CompletableFuture.java:2147) ~[?:?]
	at net.minecraft.server.packs.resources.SimpleReloadInstance$1.m_10855_(SimpleReloadInstance.java:51) ~[server-1.18.2-20220404.173914-srg.jar%23257!/:?]
	at net.minecraft.server.packs.resources.SimpleReloadInstance$1.m_6769_(SimpleReloadInstance.java:48) ~[server-1.18.2-20220404.173914-srg.jar%23257!/:?]
	at java.util.concurrent.CompletableFuture$UniCompose.tryFire(CompletableFuture.java:1150) [?:?]
	at java.util.concurrent.CompletableFuture.postComplete(CompletableFuture.java:510) [?:?]
	at java.util.concurrent.CompletableFuture$AsyncSupply.run(CompletableFuture.java:1773) [?:?]
	at java.util.concurrent.CompletableFuture$AsyncSupply.exec(CompletableFuture.java:1760) [?:?]
	at java.util.concurrent.ForkJoinTask.doExec(ForkJoinTask.java:373) [?:?]
	at java.util.concurrent.ForkJoinPool$WorkQueue.topLevelExec(ForkJoinPool.java:1182) [?:?]
	at java.util.concurrent.ForkJoinPool.scan(ForkJoinPool.java:1655) [?:?]
	at java.util.concurrent.ForkJoinPool.runWorker(ForkJoinPool.java:1622) [?:?]
	at java.util.concurrent.ForkJoinWorkerThread.run(ForkJoinWorkerThread.java:165) [?:?]
[04Dec2025 01:08:20.129] [Worker-Main1/ERROR] [net.minecraft.world.level.storage.loot.LootTables/]: Couldn't parse loot table darkerdepths:blocks/detritus
com.google.gson.JsonSyntaxException: Expected name to be an item, was unknown string 'darkerdepths:detritus'
	at net.minecraft.util.GsonHelper.m_13866_(GsonHelper.java:130) ~[server-1.18.2-20220404.173914-srg.jar%23257!/:?]
	at java.util.Optional.orElseThrow(Optional.java:403) ~[?:?]
	at net.minecraft.util.GsonHelper.m_13874_(GsonHelper.java:130) ~[server-1.18.2-20220404.173914-srg.jar%23257!/:?]
	at net.minecraft.util.GsonHelper.m_13909_(GsonHelper.java:138) ~[server-1.18.2-20220404.173914-srg.jar%23257!/:?]
	at net.minecraft.world.level.storage.loot.entries.LootItem$Serializer.m_7267_(LootItem.java:55) ~[server-1.18.2-20220404.173914-srg.jar%23257!/:?]
	at net.minecraft.world.level.storage.loot.entries.LootItem$Serializer.m_7267_(LootItem.java:40) ~[server-1.18.2-20220404.173914-srg.jar%23257!/:?]
	at net.minecraft.world.level.storage.loot.entries.LootPoolSingletonContainer$Serializer.m_5921_(LootPoolSingletonContainer.java:151) ~[server-1.18.2-20220404.173914-srg.jar%23257!/:?]
	at net.minecraft.world.level.storage.loot.entries.LootPoolSingletonContainer$Serializer.m_5921_(LootPoolSingletonContainer.java:129) ~[server-1.18.2-20220404.173914-srg.jar%23257!/:?]
	at net.minecraft.world.level.storage.loot.entries.LootPoolEntryContainer$Serializer.m_7561_(LootPoolEntryContainer.java:86) ~[server-1.18.2-20220404.173914-srg.jar%23257!/:?]
	at net.minecraft.world.level.storage.loot.entries.LootPoolEntryContainer$Serializer.m_7561_(LootPoolEntryContainer.java:74) ~[server-1.18.2-20220404.173914-srg.jar%23257!/:?]
	at net.minecraft.world.level.storage.loot.GsonAdapterFactory$JsonAdapter.deserialize(GsonAdapterFactory.java:102) ~[server-1.18.2-20220404.173914-srg.jar%23257!/:?]
	at com.google.gson.internal.bind.TreeTypeAdapter.read(TreeTypeAdapter.java:69) ~[gson-2.8.9.jar%2321!/:?]
	at com.google.gson.internal.bind.TypeAdapterRuntimeTypeWrapper.read(TypeAdapterRuntimeTypeWrapper.java:41) ~[gson-2.8.9.jar%2321!/:?]
	at com.google.gson.internal.bind.ArrayTypeAdapter.read(ArrayTypeAdapter.java:72) ~[gson-2.8.9.jar%2321!/:?]
	at com.google.gson.Gson.fromJson(Gson.java:963) ~[gson-2.8.9.jar%2321!/:?]
	at com.google.gson.Gson.fromJson(Gson.java:1034) ~[gson-2.8.9.jar%2321!/:?]
	at com.google.gson.internal.bind.TreeTypeAdapter$GsonContextImpl.deserialize(TreeTypeAdapter.java:162) ~[gson-2.8.9.jar%2321!/:?]
	at net.minecraft.util.GsonHelper.m_13808_(GsonHelper.java:448) ~[server-1.18.2-20220404.173914-srg.jar%23257!/:?]
	at net.minecraft.util.GsonHelper.m_13836_(GsonHelper.java:456) ~[server-1.18.2-20220404.173914-srg.jar%23257!/:?]
	at net.minecraft.world.level.storage.loot.LootPool$Serializer.deserialize(LootPool.java:190) ~[server-1.18.2-20220404.173914-srg.jar%23257!/:?]
	at net.minecraft.world.level.storage.loot.LootPool$Serializer.deserialize(LootPool.java:187) ~[server-1.18.2-20220404.173914-srg.jar%23257!/:?]
	at com.google.gson.internal.bind.TreeTypeAdapter.read(TreeTypeAdapter.java:69) ~[gson-2.8.9.jar%2321!/:?]
	at com.google.gson.internal.bind.TypeAdapterRuntimeTypeWrapper.read(TypeAdapterRuntimeTypeWrapper.java:41) ~[gson-2.8.9.jar%2321!/:?]
	at com.google.gson.internal.bind.ArrayTypeAdapter.read(ArrayTypeAdapter.java:72) ~[gson-2.8.9.jar%2321!/:?]
	at com.google.gson.Gson.fromJson(Gson.java:963) ~[gson-2.8.9.jar%2321!/:?]
	at com.google.gson.Gson.fromJson(Gson.java:1034) ~[gson-2.8.9.jar%2321!/:?]
	at com.google.gson.internal.bind.TreeTypeAdapter$GsonContextImpl.deserialize(TreeTypeAdapter.java:162) ~[gson-2.8.9.jar%2321!/:?]
	at net.minecraft.util.GsonHelper.m_13808_(GsonHelper.java:448) ~[server-1.18.2-20220404.173914-srg.jar%23257!/:?]
	at net.minecraft.util.GsonHelper.m_13845_(GsonHelper.java:466) ~[server-1.18.2-20220404.173914-srg.jar%23257!/:?]
	at net.minecraft.world.level.storage.loot.LootTable$Serializer.deserialize(LootTable.java:255) ~[server-1.18.2-20220404.173914-srg.jar%23257!/:?]
	at net.minecraft.world.level.storage.loot.LootTable$Serializer.deserialize(LootTable.java:252) ~[server-1.18.2-20220404.173914-srg.jar%23257!/:?]
	at com.google.gson.internal.bind.TreeTypeAdapter.read(TreeTypeAdapter.java:69) ~[gson-2.8.9.jar%2321!/:?]
	at com.google.gson.Gson.fromJson(Gson.java:963) ~[gson-2.8.9.jar%2321!/:?]
	at com.google.gson.Gson.fromJson(Gson.java:1034) ~[gson-2.8.9.jar%2321!/:?]
	at com.google.gson.Gson.fromJson(Gson.java:1006) ~[gson-2.8.9.jar%2321!/:?]
	at net.minecraftforge.common.ForgeHooks.loadLootTable(ForgeHooks.java:888) ~[forge-1.18.2-40.2.21-universal.jar%23262!/:?]
	at net.minecraft.world.level.storage.loot.LootTables.lambda$apply$0(LootTables.java:41) ~[server-1.18.2-20220404.173914-srg.jar%23257!/:?]
	at java.util.HashMap.forEach(HashMap.java:1421) ~[?:?]
	at net.minecraft.world.level.storage.loot.LootTables.m_5787_(LootTables.java:39) ~[server-1.18.2-20220404.173914-srg.jar%23257!/:?]
	at net.minecraft.world.level.storage.loot.LootTables.m_5787_(LootTables.java:17) ~[server-1.18.2-20220404.173914-srg.jar%23257!/:?]
	at net.minecraft.server.packs.resources.SimplePreparableReloadListener.m_10789_(SimplePreparableReloadListener.java:13) ~[server-1.18.2-20220404.173914-srg.jar%23257!/:?]
	at java.util.concurrent.CompletableFuture$UniAccept.tryFire(CompletableFuture.java:718) ~[?:?]
	at java.util.concurrent.CompletableFuture$Completion.run(CompletableFuture.java:482) ~[?:?]
	at net.minecraft.server.packs.resources.SimpleReloadInstance.m_143940_(SimpleReloadInstance.java:69) ~[server-1.18.2-20220404.173914-srg.jar%23257!/:?]
	at net.minecraft.server.packs.resources.SimpleReloadInstance.m_10834_(SimpleReloadInstance.java:68) ~[server-1.18.2-20220404.173914-srg.jar%23257!/:?]
	at java.util.concurrent.CompletableFuture$UniCompletion.claim(CompletableFuture.java:572) ~[?:?]
	at java.util.concurrent.CompletableFuture$UniAccept.tryFire(CompletableFuture.java:714) ~[?:?]
	at java.util.concurrent.CompletableFuture.postComplete(CompletableFuture.java:510) ~[?:?]
	at java.util.concurrent.CompletableFuture.postFire(CompletableFuture.java:614) ~[?:?]
	at java.util.concurrent.CompletableFuture$UniAccept.tryFire(CompletableFuture.java:726) ~[?:?]
	at java.util.concurrent.CompletableFuture$Completion.run(CompletableFuture.java:482) ~[?:?]
	at net.minecraft.server.packs.resources.SimpleReloadInstance.m_143940_(SimpleReloadInstance.java:69) ~[server-1.18.2-20220404.173914-srg.jar%23257!/:?]
	at net.minecraft.server.packs.resources.SimpleReloadInstance.m_10834_(SimpleReloadInstance.java:68) ~[server-1.18.2-20220404.173914-srg.jar%23257!/:?]
	at java.util.concurrent.CompletableFuture$UniCompletion.claim(CompletableFuture.java:572) ~[?:?]
	at java.util.concurrent.CompletableFuture$UniAccept.tryFire(CompletableFuture.java:714) ~[?:?]
	at java.util.concurrent.CompletableFuture.postComplete(CompletableFuture.java:510) ~[?:?]
	at java.util.concurrent.CompletableFuture.postFire(CompletableFuture.java:614) ~[?:?]
	at java.util.concurrent.CompletableFuture$UniAccept.tryFire(CompletableFuture.java:726) ~[?:?]
	at java.util.concurrent.CompletableFuture$Completion.run(CompletableFuture.java:482) ~[?:?]
	at net.minecraft.server.packs.resources.SimpleReloadInstance.m_143940_(SimpleReloadInstance.java:69) ~[server-1.18.2-20220404.173914-srg.jar%23257!/:?]
	at net.minecraft.server.packs.resources.SimpleReloadInstance.m_10834_(SimpleReloadInstance.java:68) ~[server-1.18.2-20220404.173914-srg.jar%23257!/:?]
	at java.util.concurrent.CompletableFuture$UniCompletion.claim(CompletableFuture.java:572) ~[?:?]
	at java.util.concurrent.CompletableFuture$UniAccept.tryFire(CompletableFuture.java:714) ~[?:?]
	at java.util.concurrent.CompletableFuture.postComplete(CompletableFuture.java:510) ~[?:?]
	at java.util.concurrent.CompletableFuture.postFire(CompletableFuture.java:614) ~[?:?]
	at java.util.concurrent.CompletableFuture$UniAccept.tryFire(CompletableFuture.java:726) ~[?:?]
	at java.util.concurrent.CompletableFuture$Completion.run(CompletableFuture.java:482) ~[?:?]
	at net.minecraft.server.packs.resources.SimpleReloadInstance.m_143940_(SimpleReloadInstance.java:69) ~[server-1.18.2-20220404.173914-srg.jar%23257!/:?]
	at net.minecraft.server.packs.resources.SimpleReloadInstance.m_10834_(SimpleReloadInstance.java:68) ~[server-1.18.2-20220404.173914-srg.jar%23257!/:?]
	at java.util.concurrent.CompletableFuture$UniCompletion.claim(CompletableFuture.java:572) ~[?:?]
	at java.util.concurrent.CompletableFuture$UniAccept.tryFire(CompletableFuture.java:714) ~[?:?]
	at java.util.concurrent.CompletableFuture.postComplete(CompletableFuture.java:510) ~[?:?]
	at java.util.concurrent.CompletableFuture.postFire(CompletableFuture.java:614) ~[?:?]
	at java.util.concurrent.CompletableFuture$UniAccept.tryFire(CompletableFuture.java:726) ~[?:?]
	at java.util.concurrent.CompletableFuture$Completion.run(CompletableFuture.java:482) ~[?:?]
	at net.minecraft.server.packs.resources.SimpleReloadInstance.m_143940_(SimpleReloadInstance.java:69) ~[server-1.18.2-20220404.173914-srg.jar%23257!/:?]
	at net.minecraft.server.packs.resources.SimpleReloadInstance.m_10834_(SimpleReloadInstance.java:68) ~[server-1.18.2-20220404.173914-srg.jar%23257!/:?]
	at java.util.concurrent.CompletableFuture$UniCompletion.claim(CompletableFuture.java:572) ~[?:?]
	at java.util.concurrent.CompletableFuture$UniAccept.tryFire(CompletableFuture.java:714) ~[?:?]
	at java.util.concurrent.CompletableFuture.postComplete(CompletableFuture.java:510) ~[?:?]
	at java.util.concurrent.CompletableFuture.complete(CompletableFuture.java:2147) ~[?:?]
	at net.minecraft.server.packs.resources.SimpleReloadInstance$1.m_10855_(SimpleReloadInstance.java:51) ~[server-1.18.2-20220404.173914-srg.jar%23257!/:?]
	at net.minecraft.server.packs.resources.SimpleReloadInstance$1.m_6769_(SimpleReloadInstance.java:48) ~[server-1.18.2-20220404.173914-srg.jar%23257!/:?]
	at java.util.concurrent.CompletableFuture$UniCompose.tryFire(CompletableFuture.java:1150) [?:?]
	at java.util.concurrent.CompletableFuture.postComplete(CompletableFuture.java:510) [?:?]
	at java.util.concurrent.CompletableFuture$AsyncSupply.run(CompletableFuture.java:1773) [?:?]
	at java.util.concurrent.CompletableFuture$AsyncSupply.exec(CompletableFuture.java:1760) [?:?]
	at java.util.concurrent.ForkJoinTask.doExec(ForkJoinTask.java:373) [?:?]
	at java.util.concurrent.ForkJoinPool$WorkQueue.topLevelExec(ForkJoinPool.java:1182) [?:?]
	at java.util.concurrent.ForkJoinPool.scan(ForkJoinPool.java:1655) [?:?]
	at java.util.concurrent.ForkJoinPool.runWorker(ForkJoinPool.java:1622) [?:?]
	at java.util.concurrent.ForkJoinWorkerThread.run(ForkJoinWorkerThread.java:165) [?:?]
[04Dec2025 01:08:20.206] [Worker-Main1/ERROR] [net.minecraft.world.level.storage.loot.LootTables/]: Couldn't parse loot table darkerdepths:blocks/cobbled_sandstone_vertical_slab
java.lang.IllegalArgumentException: Can't find block darkerdepths:cobbled_sandstone_vertical_slab
	at net.minecraft.world.level.storage.loot.predicates.LootItemBlockStatePropertyCondition$Serializer.m_81802_(LootItemBlockStatePropertyCondition.java:79) ~[server-1.18.2-20220404.173914-srg.jar%23257!/:?]
	at java.util.Optional.orElseThrow(Optional.java:403) ~[?:?]
	at net.minecraft.world.level.storage.loot.predicates.LootItemBlockStatePropertyCondition$Serializer.m_7561_(LootItemBlockStatePropertyCondition.java:79) ~[server-1.18.2-20220404.173914-srg.jar%23257!/:?]
	at net.minecraft.world.level.storage.loot.predicates.LootItemBlockStatePropertyCondition$Serializer.m_7561_(LootItemBlockStatePropertyCondition.java:68) ~[server-1.18.2-20220404.173914-srg.jar%23257!/:?]
	at net.minecraft.world.level.storage.loot.GsonAdapterFactory$JsonAdapter.deserialize(GsonAdapterFactory.java:102) ~[server-1.18.2-20220404.173914-srg.jar%23257!/:?]
	at com.google.gson.internal.bind.TreeTypeAdapter.read(TreeTypeAdapter.java:69) ~[gson-2.8.9.jar%2321!/:?]
	at com.google.gson.internal.bind.TypeAdapterRuntimeTypeWrapper.read(TypeAdapterRuntimeTypeWrapper.java:41) ~[gson-2.8.9.jar%2321!/:?]
	at com.google.gson.internal.bind.ArrayTypeAdapter.read(ArrayTypeAdapter.java:72) ~[gson-2.8.9.jar%2321!/:?]
	at com.google.gson.Gson.fromJson(Gson.java:963) ~[gson-2.8.9.jar%2321!/:?]
	at com.google.gson.Gson.fromJson(Gson.java:1034) ~[gson-2.8.9.jar%2321!/:?]
	at com.google.gson.internal.bind.TreeTypeAdapter$GsonContextImpl.deserialize(TreeTypeAdapter.java:162) ~[gson-2.8.9.jar%2321!/:?]
	at net.minecraft.util.GsonHelper.m_13808_(GsonHelper.java:448) ~[server-1.18.2-20220404.173914-srg.jar%23257!/:?]
	at net.minecraft.util.GsonHelper.m_13845_(GsonHelper.java:466) ~[server-1.18.2-20220404.173914-srg.jar%23257!/:?]
	at net.minecraft.world.level.storage.loot.functions.LootItemConditionalFunction$Serializer.m_7561_(LootItemConditionalFunction.java:98) ~[server-1.18.2-20220404.173914-srg.jar%23257!/:?]
	at net.minecraft.world.level.storage.loot.functions.LootItemConditionalFunction$Serializer.m_7561_(LootItemConditionalFunction.java:88) ~[server-1.18.2-20220404.173914-srg.jar%23257!/:?]
	at net.minecraft.world.level.storage.loot.GsonAdapterFactory$JsonAdapter.deserialize(GsonAdapterFactory.java:102) ~[server-1.18.2-20220404.173914-srg.jar%23257!/:?]
	at com.google.gson.internal.bind.TreeTypeAdapter.read(TreeTypeAdapter.java:69) ~[gson-2.8.9.jar%2321!/:?]
	at com.google.gson.internal.bind.TypeAdapterRuntimeTypeWrapper.read(TypeAdapterRuntimeTypeWrapper.java:41) ~[gson-2.8.9.jar%2321!/:?]
	at com.google.gson.internal.bind.ArrayTypeAdapter.read(ArrayTypeAdapter.java:72) ~[gson-2.8.9.jar%2321!/:?]
	at com.google.gson.Gson.fromJson(Gson.java:963) ~[gson-2.8.9.jar%2321!/:?]
	at com.google.gson.Gson.fromJson(Gson.java:1034) ~[gson-2.8.9.jar%2321!/:?]
	at com.google.gson.internal.bind.TreeTypeAdapter$GsonContextImpl.deserialize(TreeTypeAdapter.java:162) ~[gson-2.8.9.jar%2321!/:?]
	at net.minecraft.util.GsonHelper.m_13808_(GsonHelper.java:448) ~[server-1.18.2-20220404.173914-srg.jar%23257!/:?]
	at net.minecraft.util.GsonHelper.m_13845_(GsonHelper.java:466) ~[server-1.18.2-20220404.173914-srg.jar%23257!/:?]
	at net.minecraft.world.level.storage.loot.entries.LootPoolSingletonContainer$Serializer.m_5921_(LootPoolSingletonContainer.java:149) ~[server-1.18.2-20220404.173914-srg.jar%23257!/:?]
	at net.minecraft.world.level.storage.loot.entries.LootPoolSingletonContainer$Serializer.m_5921_(LootPoolSingletonContainer.java:129) ~[server-1.18.2-20220404.173914-srg.jar%23257!/:?]
	at net.minecraft.world.level.storage.loot.entries.LootPoolEntryContainer$Serializer.m_7561_(LootPoolEntryContainer.java:86) ~[server-1.18.2-20220404.173914-srg.jar%23257!/:?]
	at net.minecraft.world.level.storage.loot.entries.LootPoolEntryContainer$Serializer.m_7561_(LootPoolEntryContainer.java:74) ~[server-1.18.2-20220404.173914-srg.jar%23257!/:?]
	at net.minecraft.world.level.storage.loot.GsonAdapterFactory$JsonAdapter.deserialize(GsonAdapterFactory.java:102) ~[server-1.18.2-20220404.173914-srg.jar%23257!/:?]
	at com.google.gson.internal.bind.TreeTypeAdapter.read(TreeTypeAdapter.java:69) ~[gson-2.8.9.jar%2321!/:?]
	at com.google.gson.internal.bind.TypeAdapterRuntimeTypeWrapper.read(TypeAdapterRuntimeTypeWrapper.java:41) ~[gson-2.8.9.jar%2321!/:?]
	at com.google.gson.internal.bind.ArrayTypeAdapter.read(ArrayTypeAdapter.java:72) ~[gson-2.8.9.jar%2321!/:?]
	at com.google.gson.Gson.fromJson(Gson.java:963) ~[gson-2.8.9.jar%2321!/:?]
	at com.google.gson.Gson.fromJson(Gson.java:1034) ~[gson-2.8.9.jar%2321!/:?]
	at com.google.gson.internal.bind.TreeTypeAdapter$GsonContextImpl.deserialize(TreeTypeAdapter.java:162) ~[gson-2.8.9.jar%2321!/:?]
	at net.minecraft.util.GsonHelper.m_13808_(GsonHelper.java:448) ~[server-1.18.2-20220404.173914-srg.jar%23257!/:?]
	at net.minecraft.util.GsonHelper.m_13836_(GsonHelper.java:456) ~[server-1.18.2-20220404.173914-srg.jar%23257!/:?]
	at net.minecraft.world.level.storage.loot.LootPool$Serializer.deserialize(LootPool.java:190) ~[server-1.18.2-20220404.173914-srg.jar%23257!/:?]
	at net.minecraft.world.level.storage.loot.LootPool$Serializer.deserialize(LootPool.java:187) ~[server-1.18.2-20220404.173914-srg.jar%23257!/:?]
	at com.google.gson.internal.bind.TreeTypeAdapter.read(TreeTypeAdapter.java:69) ~[gson-2.8.9.jar%2321!/:?]
	at com.google.gson.internal.bind.TypeAdapterRuntimeTypeWrapper.read(TypeAdapterRuntimeTypeWrapper.java:41) ~[gson-2.8.9.jar%2321!/:?]
	at com.google.gson.internal.bind.ArrayTypeAdapter.read(ArrayTypeAdapter.java:72) ~[gson-2.8.9.jar%2321!/:?]
	at com.google.gson.Gson.fromJson(Gson.java:963) ~[gson-2.8.9.jar%2321!/:?]
	at com.google.gson.Gson.fromJson(Gson.java:1034) ~[gson-2.8.9.jar%2321!/:?]
	at com.google.gson.internal.bind.TreeTypeAdapter$GsonContextImpl.deserialize(TreeTypeAdapter.java:162) ~[gson-2.8.9.jar%2321!/:?]
	at net.minecraft.util.GsonHelper.m_13808_(GsonHelper.java:448) ~[server-1.18.2-20220404.173914-srg.jar%23257!/:?]
	at net.minecraft.util.GsonHelper.m_13845_(GsonHelper.java:466) ~[server-1.18.2-20220404.173914-srg.jar%23257!/:?]
	at net.minecraft.world.level.storage.loot.LootTable$Serializer.deserialize(LootTable.java:255) ~[server-1.18.2-20220404.173914-srg.jar%23257!/:?]
	at net.minecraft.world.level.storage.loot.LootTable$Serializer.deserialize(LootTable.java:252) ~[server-1.18.2-20220404.173914-srg.jar%23257!/:?]
	at com.google.gson.internal.bind.TreeTypeAdapter.read(TreeTypeAdapter.java:69) ~[gson-2.8.9.jar%2321!/:?]
	at com.google.gson.Gson.fromJson(Gson.java:963) ~[gson-2.8.9.jar%2321!/:?]
	at com.google.gson.Gson.fromJson(Gson.java:1034) ~[gson-2.8.9.jar%2321!/:?]
	at com.google.gson.Gson.fromJson(Gson.java:1006) ~[gson-2.8.9.jar%2321!/:?]
	at net.minecraftforge.common.ForgeHooks.loadLootTable(ForgeHooks.java:888) ~[forge-1.18.2-40.2.21-universal.jar%23262!/:?]
	at net.minecraft.world.level.storage.loot.LootTables.lambda$apply$0(LootTables.java:41) ~[server-1.18.2-20220404.173914-srg.jar%23257!/:?]
	at java.util.HashMap.forEach(HashMap.java:1421) ~[?:?]
	at net.minecraft.world.level.storage.loot.LootTables.m_5787_(LootTables.java:39) ~[server-1.18.2-20220404.173914-srg.jar%23257!/:?]
	at net.minecraft.world.level.storage.loot.LootTables.m_5787_(LootTables.java:17) ~[server-1.18.2-20220404.173914-srg.jar%23257!/:?]
	at net.minecraft.server.packs.resources.SimplePreparableReloadListener.m_10789_(SimplePreparableReloadListener.java:13) ~[server-1.18.2-20220404.173914-srg.jar%23257!/:?]
	at java.util.concurrent.CompletableFuture$UniAccept.tryFire(CompletableFuture.java:718) ~[?:?]
	at java.util.concurrent.CompletableFuture$Completion.run(CompletableFuture.java:482) ~[?:?]
	at net.minecraft.server.packs.resources.SimpleReloadInstance.m_143940_(SimpleReloadInstance.java:69) ~[server-1.18.2-20220404.173914-srg.jar%23257!/:?]
	at net.minecraft.server.packs.resources.SimpleReloadInstance.m_10834_(SimpleReloadInstance.java:68) ~[server-1.18.2-20220404.173914-srg.jar%23257!/:?]
	at java.util.concurrent.CompletableFuture$UniCompletion.claim(CompletableFuture.java:572) ~[?:?]
	at java.util.concurrent.CompletableFuture$UniAccept.tryFire(CompletableFuture.java:714) ~[?:?]
	at java.util.concurrent.CompletableFuture.postComplete(CompletableFuture.java:510) ~[?:?]
	at java.util.concurrent.CompletableFuture.postFire(CompletableFuture.java:614) ~[?:?]
	at java.util.concurrent.CompletableFuture$UniAccept.tryFire(CompletableFuture.java:726) ~[?:?]
	at java.util.concurrent.CompletableFuture$Completion.run(CompletableFuture.java:482) ~[?:?]
	at net.minecraft.server.packs.resources.SimpleReloadInstance.m_143940_(SimpleReloadInstance.java:69) ~[server-1.18.2-20220404.173914-srg.jar%23257!/:?]
	at net.minecraft.server.packs.resources.SimpleReloadInstance.m_10834_(SimpleReloadInstance.java:68) ~[server-1.18.2-20220404.173914-srg.jar%23257!/:?]
	at java.util.concurrent.CompletableFuture$UniCompletion.claim(CompletableFuture.java:572) ~[?:?]
	at java.util.concurrent.CompletableFuture$UniAccept.tryFire(CompletableFuture.java:714) ~[?:?]
	at java.util.concurrent.CompletableFuture.postComplete(CompletableFuture.java:510) ~[?:?]
	at java.util.concurrent.CompletableFuture.postFire(CompletableFuture.java:614) ~[?:?]
	at java.util.concurrent.CompletableFuture$UniAccept.tryFire(CompletableFuture.java:726) ~[?:?]
	at java.util.concurrent.CompletableFuture$Completion.run(CompletableFuture.java:482) ~[?:?]
	at net.minecraft.server.packs.resources.SimpleReloadInstance.m_143940_(SimpleReloadInstance.java:69) ~[server-1.18.2-20220404.173914-srg.jar%23257!/:?]
	at net.minecraft.server.packs.resources.SimpleReloadInstance.m_10834_(SimpleReloadInstance.java:68) ~[server-1.18.2-20220404.173914-srg.jar%23257!/:?]
	at java.util.concurrent.CompletableFuture$UniCompletion.claim(CompletableFuture.java:572) ~[?:?]
	at java.util.concurrent.CompletableFuture$UniAccept.tryFire(CompletableFuture.java:714) ~[?:?]
	at java.util.concurrent.CompletableFuture.postComplete(CompletableFuture.java:510) ~[?:?]
	at java.util.concurrent.CompletableFuture.postFire(CompletableFuture.java:614) ~[?:?]
	at java.util.concurrent.CompletableFuture$UniAccept.tryFire(CompletableFuture.java:726) ~[?:?]
	at java.util.concurrent.CompletableFuture$Completion.run(CompletableFuture.java:482) ~[?:?]
	at net.minecraft.server.packs.resources.SimpleReloadInstance.m_143940_(SimpleReloadInstance.java:69) ~[server-1.18.2-20220404.173914-srg.jar%23257!/:?]
	at net.minecraft.server.packs.resources.SimpleReloadInstance.m_10834_(SimpleReloadInstance.java:68) ~[server-1.18.2-20220404.173914-srg.jar%23257!/:?]
	at java.util.concurrent.CompletableFuture$UniCompletion.claim(CompletableFuture.java:572) ~[?:?]
	at java.util.concurrent.CompletableFuture$UniAccept.tryFire(CompletableFuture.java:714) ~[?:?]
	at java.util.concurrent.CompletableFuture.postComplete(CompletableFuture.java:510) ~[?:?]
	at java.util.concurrent.CompletableFuture.postFire(CompletableFuture.java:614) ~[?:?]
	at java.util.concurrent.CompletableFuture$UniAccept.tryFire(CompletableFuture.java:726) ~[?:?]
	at java.util.concurrent.CompletableFuture$Completion.run(CompletableFuture.java:482) ~[?:?]
	at net.minecraft.server.packs.resources.SimpleReloadInstance.m_143940_(SimpleReloadInstance.java:69) ~[server-1.18.2-20220404.173914-srg.jar%23257!/:?]
	at net.minecraft.server.packs.resources.SimpleReloadInstance.m_10834_(SimpleReloadInstance.java:68) ~[server-1.18.2-20220404.173914-srg.jar%23257!/:?]
	at java.util.concurrent.CompletableFuture$UniCompletion.claim(CompletableFuture.java:572) ~[?:?]
	at java.util.concurrent.CompletableFuture$UniAccept.tryFire(CompletableFuture.java:714) ~[?:?]
	at java.util.concurrent.CompletableFuture.postComplete(CompletableFuture.java:510) ~[?:?]
	at java.util.concurrent.CompletableFuture.complete(CompletableFuture.java:2147) ~[?:?]
	at net.minecraft.server.packs.resources.SimpleReloadInstance$1.m_10855_(SimpleReloadInstance.java:51) ~[server-1.18.2-20220404.173914-srg.jar%23257!/:?]
	at net.minecraft.server.packs.resources.SimpleReloadInstance$1.m_6769_(SimpleReloadInstance.java:48) ~[server-1.18.2-20220404.173914-srg.jar%23257!/:?]
	at java.util.concurrent.CompletableFuture$UniCompose.tryFire(CompletableFuture.java:1150) [?:?]
	at java.util.concurrent.CompletableFuture.postComplete(CompletableFuture.java:510) [?:?]
	at java.util.concurrent.CompletableFuture$AsyncSupply.run(CompletableFuture.java:1773) [?:?]
	at java.util.concurrent.CompletableFuture$AsyncSupply.exec(CompletableFuture.java:1760) [?:?]
	at java.util.concurrent.ForkJoinTask.doExec(ForkJoinTask.java:373) [?:?]
	at java.util.concurrent.ForkJoinPool$WorkQueue.topLevelExec(ForkJoinPool.java:1182) [?:?]
	at java.util.concurrent.ForkJoinPool.scan(ForkJoinPool.java:1655) [?:?]
	at java.util.concurrent.ForkJoinPool.runWorker(ForkJoinPool.java:1622) [?:?]
	at java.util.concurrent.ForkJoinWorkerThread.run(ForkJoinWorkerThread.java:165) [?:?]
[04Dec2025 01:08:20.358] [Worker-Main1/ERROR] [net.minecraft.world.level.storage.loot.LootTables/]: Couldn't parse loot table darkerdepths:blocks/lush_aridrock
com.google.gson.JsonSyntaxException: Expected name to be an item, was unknown string 'darkerdepths:lush_aridrock'
	at net.minecraft.util.GsonHelper.m_13866_(GsonHelper.java:130) ~[server-1.18.2-20220404.173914-srg.jar%23257!/:?]
	at java.util.Optional.orElseThrow(Optional.java:403) ~[?:?]
	at net.minecraft.util.GsonHelper.m_13874_(GsonHelper.java:130) ~[server-1.18.2-20220404.173914-srg.jar%23257!/:?]
	at net.minecraft.util.GsonHelper.m_13909_(GsonHelper.java:138) ~[server-1.18.2-20220404.173914-srg.jar%23257!/:?]
	at net.minecraft.world.level.storage.loot.entries.LootItem$Serializer.m_7267_(LootItem.java:55) ~[server-1.18.2-20220404.173914-srg.jar%23257!/:?]
	at net.minecraft.world.level.storage.loot.entries.LootItem$Serializer.m_7267_(LootItem.java:40) ~[server-1.18.2-20220404.173914-srg.jar%23257!/:?]
	at net.minecraft.world.level.storage.loot.entries.LootPoolSingletonContainer$Serializer.m_5921_(LootPoolSingletonContainer.java:151) ~[server-1.18.2-20220404.173914-srg.jar%23257!/:?]
	at net.minecraft.world.level.storage.loot.entries.LootPoolSingletonContainer$Serializer.m_5921_(LootPoolSingletonContainer.java:129) ~[server-1.18.2-20220404.173914-srg.jar%23257!/:?]
	at net.minecraft.world.level.storage.loot.entries.LootPoolEntryContainer$Serializer.m_7561_(LootPoolEntryContainer.java:86) ~[server-1.18.2-20220404.173914-srg.jar%23257!/:?]
	at net.minecraft.world.level.storage.loot.entries.LootPoolEntryContainer$Serializer.m_7561_(LootPoolEntryContainer.java:74) ~[server-1.18.2-20220404.173914-srg.jar%23257!/:?]
	at net.minecraft.world.level.storage.loot.GsonAdapterFactory$JsonAdapter.deserialize(GsonAdapterFactory.java:102) ~[server-1.18.2-20220404.173914-srg.jar%23257!/:?]
	at com.google.gson.internal.bind.TreeTypeAdapter.read(TreeTypeAdapter.java:69) ~[gson-2.8.9.jar%2321!/:?]
	at com.google.gson.internal.bind.TypeAdapterRuntimeTypeWrapper.read(TypeAdapterRuntimeTypeWrapper.java:41) ~[gson-2.8.9.jar%2321!/:?]
	at com.google.gson.internal.bind.ArrayTypeAdapter.read(ArrayTypeAdapter.java:72) ~[gson-2.8.9.jar%2321!/:?]
	at com.google.gson.Gson.fromJson(Gson.java:963) ~[gson-2.8.9.jar%2321!/:?]
	at com.google.gson.Gson.fromJson(Gson.java:1034) ~[gson-2.8.9.jar%2321!/:?]
	at com.google.gson.internal.bind.TreeTypeAdapter$GsonContextImpl.deserialize(TreeTypeAdapter.java:162) ~[gson-2.8.9.jar%2321!/:?]
	at net.minecraft.util.GsonHelper.m_13808_(GsonHelper.java:448) ~[server-1.18.2-20220404.173914-srg.jar%23257!/:?]
	at net.minecraft.util.GsonHelper.m_13836_(GsonHelper.java:456) ~[server-1.18.2-20220404.173914-srg.jar%23257!/:?]
	at net.minecraft.world.level.storage.loot.entries.CompositeEntryBase$1.m_5921_(CompositeEntryBase.java:61) ~[server-1.18.2-20220404.173914-srg.jar%23257!/:?]
	at net.minecraft.world.level.storage.loot.entries.CompositeEntryBase$1.m_5921_(CompositeEntryBase.java:53) ~[server-1.18.2-20220404.173914-srg.jar%23257!/:?]
	at net.minecraft.world.level.storage.loot.entries.LootPoolEntryContainer$Serializer.m_7561_(LootPoolEntryContainer.java:86) ~[server-1.18.2-20220404.173914-srg.jar%23257!/:?]
	at net.minecraft.world.level.storage.loot.entries.LootPoolEntryContainer$Serializer.m_7561_(LootPoolEntryContainer.java:74) ~[server-1.18.2-20220404.173914-srg.jar%23257!/:?]
	at net.minecraft.world.level.storage.loot.GsonAdapterFactory$JsonAdapter.deserialize(GsonAdapterFactory.java:102) ~[server-1.18.2-20220404.173914-srg.jar%23257!/:?]
	at com.google.gson.internal.bind.TreeTypeAdapter.read(TreeTypeAdapter.java:69) ~[gson-2.8.9.jar%2321!/:?]
	at com.google.gson.internal.bind.TypeAdapterRuntimeTypeWrapper.read(TypeAdapterRuntimeTypeWrapper.java:41) ~[gson-2.8.9.jar%2321!/:?]
	at com.google.gson.internal.bind.ArrayTypeAdapter.read(ArrayTypeAdapter.java:72) ~[gson-2.8.9.jar%2321!/:?]
	at com.google.gson.Gson.fromJson(Gson.java:963) ~[gson-2.8.9.jar%2321!/:?]
	at com.google.gson.Gson.fromJson(Gson.java:1034) ~[gson-2.8.9.jar%2321!/:?]
	at com.google.gson.internal.bind.TreeTypeAdapter$GsonContextImpl.deserialize(TreeTypeAdapter.java:162) ~[gson-2.8.9.jar%2321!/:?]
	at net.minecraft.util.GsonHelper.m_13808_(GsonHelper.java:448) ~[server-1.18.2-20220404.173914-srg.jar%23257!/:?]
	at net.minecraft.util.GsonHelper.m_13836_(GsonHelper.java:456) ~[server-1.18.2-20220404.173914-srg.jar%23257!/:?]
	at net.minecraft.world.level.storage.loot.LootPool$Serializer.deserialize(LootPool.java:190) ~[server-1.18.2-20220404.173914-srg.jar%23257!/:?]
	at net.minecraft.world.level.storage.loot.LootPool$Serializer.deserialize(LootPool.java:187) ~[server-1.18.2-20220404.173914-srg.jar%23257!/:?]
	at com.google.gson.internal.bind.TreeTypeAdapter.read(TreeTypeAdapter.java:69) ~[gson-2.8.9.jar%2321!/:?]
	at com.google.gson.internal.bind.TypeAdapterRuntimeTypeWrapper.read(TypeAdapterRuntimeTypeWrapper.java:41) ~[gson-2.8.9.jar%2321!/:?]
	at com.google.gson.internal.bind.ArrayTypeAdapter.read(ArrayTypeAdapter.java:72) ~[gson-2.8.9.jar%2321!/:?]
	at com.google.gson.Gson.fromJson(Gson.java:963) ~[gson-2.8.9.jar%2321!/:?]
	at com.google.gson.Gson.fromJson(Gson.java:1034) ~[gson-2.8.9.jar%2321!/:?]
	at com.google.gson.internal.bind.TreeTypeAdapter$GsonContextImpl.deserialize(TreeTypeAdapter.java:162) ~[gson-2.8.9.jar%2321!/:?]
	at net.minecraft.util.GsonHelper.m_13808_(GsonHelper.java:448) ~[server-1.18.2-20220404.173914-srg.jar%23257!/:?]
	at net.minecraft.util.GsonHelper.m_13845_(GsonHelper.java:466) ~[server-1.18.2-20220404.173914-srg.jar%23257!/:?]
	at net.minecraft.world.level.storage.loot.LootTable$Serializer.deserialize(LootTable.java:255) ~[server-1.18.2-20220404.173914-srg.jar%23257!/:?]
	at net.minecraft.world.level.storage.loot.LootTable$Serializer.deserialize(LootTable.java:252) ~[server-1.18.2-20220404.173914-srg.jar%23257!/:?]
	at com.google.gson.internal.bind.TreeTypeAdapter.read(TreeTypeAdapter.java:69) ~[gson-2.8.9.jar%2321!/:?]
	at com.google.gson.Gson.fromJson(Gson.java:963) ~[gson-2.8.9.jar%2321!/:?]
	at com.google.gson.Gson.fromJson(Gson.java:1034) ~[gson-2.8.9.jar%2321!/:?]
	at com.google.gson.Gson.fromJson(Gson.java:1006) ~[gson-2.8.9.jar%2321!/:?]
	at net.minecraftforge.common.ForgeHooks.loadLootTable(ForgeHooks.java:888) ~[forge-1.18.2-40.2.21-universal.jar%23262!/:?]
	at net.minecraft.world.level.storage.loot.LootTables.lambda$apply$0(LootTables.java:41) ~[server-1.18.2-20220404.173914-srg.jar%23257!/:?]
	at java.util.HashMap.forEach(HashMap.java:1421) ~[?:?]
	at net.minecraft.world.level.storage.loot.LootTables.m_5787_(LootTables.java:39) ~[server-1.18.2-20220404.173914-srg.jar%23257!/:?]
	at net.minecraft.world.level.storage.loot.LootTables.m_5787_(LootTables.java:17) ~[server-1.18.2-20220404.173914-srg.jar%23257!/:?]
	at net.minecraft.server.packs.resources.SimplePreparableReloadListener.m_10789_(SimplePreparableReloadListener.java:13) ~[server-1.18.2-20220404.173914-srg.jar%23257!/:?]
	at java.util.concurrent.CompletableFuture$UniAccept.tryFire(CompletableFuture.java:718) ~[?:?]
	at java.util.concurrent.CompletableFuture$Completion.run(CompletableFuture.java:482) ~[?:?]
	at net.minecraft.server.packs.resources.SimpleReloadInstance.m_143940_(SimpleReloadInstance.java:69) ~[server-1.18.2-20220404.173914-srg.jar%23257!/:?]
	at net.minecraft.server.packs.resources.SimpleReloadInstance.m_10834_(SimpleReloadInstance.java:68) ~[server-1.18.2-20220404.173914-srg.jar%23257!/:?]
	at java.util.concurrent.CompletableFuture$UniCompletion.claim(CompletableFuture.java:572) ~[?:?]
	at java.util.concurrent.CompletableFuture$UniAccept.tryFire(CompletableFuture.java:714) ~[?:?]
	at java.util.concurrent.CompletableFuture.postComplete(CompletableFuture.java:510) ~[?:?]
	at java.util.concurrent.CompletableFuture.postFire(CompletableFuture.java:614) ~[?:?]
	at java.util.concurrent.CompletableFuture$UniAccept.tryFire(CompletableFuture.java:726) ~[?:?]
	at java.util.concurrent.CompletableFuture$Completion.run(CompletableFuture.java:482) ~[?:?]
	at net.minecraft.server.packs.resources.SimpleReloadInstance.m_143940_(SimpleReloadInstance.java:69) ~[server-1.18.2-20220404.173914-srg.jar%23257!/:?]
	at net.minecraft.server.packs.resources.SimpleReloadInstance.m_10834_(SimpleReloadInstance.java:68) ~[server-1.18.2-20220404.173914-srg.jar%23257!/:?]
	at java.util.concurrent.CompletableFuture$UniCompletion.claim(CompletableFuture.java:572) ~[?:?]
	at java.util.concurrent.CompletableFuture$UniAccept.tryFire(CompletableFuture.java:714) ~[?:?]
	at java.util.concurrent.CompletableFuture.postComplete(CompletableFuture.java:510) ~[?:?]
	at java.util.concurrent.CompletableFuture.postFire(CompletableFuture.java:614) ~[?:?]
	at java.util.concurrent.CompletableFuture$UniAccept.tryFire(CompletableFuture.java:726) ~[?:?]
	at java.util.concurrent.CompletableFuture$Completion.run(CompletableFuture.java:482) ~[?:?]
	at net.minecraft.server.packs.resources.SimpleReloadInstance.m_143940_(SimpleReloadInstance.java:69) ~[server-1.18.2-20220404.173914-srg.jar%23257!/:?]
	at net.minecraft.server.packs.resources.SimpleReloadInstance.m_10834_(SimpleReloadInstance.java:68) ~[server-1.18.2-20220404.173914-srg.jar%23257!/:?]
	at java.util.concurrent.CompletableFuture$UniCompletion.claim(CompletableFuture.java:572) ~[?:?]
	at java.util.concurrent.CompletableFuture$UniAccept.tryFire(CompletableFuture.java:714) ~[?:?]
	at java.util.concurrent.CompletableFuture.postComplete(CompletableFuture.java:510) ~[?:?]
	at java.util.concurrent.CompletableFuture.postFire(CompletableFuture.java:614) ~[?:?]
	at java.util.concurrent.CompletableFuture$UniAccept.tryFire(CompletableFuture.java:726) ~[?:?]
	at java.util.concurrent.CompletableFuture$Completion.run(CompletableFuture.java:482) ~[?:?]
	at net.minecraft.server.packs.resources.SimpleReloadInstance.m_143940_(SimpleReloadInstance.java:69) ~[server-1.18.2-20220404.173914-srg.jar%23257!/:?]
	at net.minecraft.server.packs.resources.SimpleReloadInstance.m_10834_(SimpleReloadInstance.java:68) ~[server-1.18.2-20220404.173914-srg.jar%23257!/:?]
	at java.util.concurrent.CompletableFuture$UniCompletion.claim(CompletableFuture.java:572) ~[?:?]
	at java.util.concurrent.CompletableFuture$UniAccept.tryFire(CompletableFuture.java:714) ~[?:?]
	at java.util.concurrent.CompletableFuture.postComplete(CompletableFuture.java:510) ~[?:?]
	at java.util.concurrent.CompletableFuture.postFire(CompletableFuture.java:614) ~[?:?]
	at java.util.concurrent.CompletableFuture$UniAccept.tryFire(CompletableFuture.java:726) ~[?:?]
	at java.util.concurrent.CompletableFuture$Completion.run(CompletableFuture.java:482) ~[?:?]
	at net.minecraft.server.packs.resources.SimpleReloadInstance.m_143940_(SimpleReloadInstance.java:69) ~[server-1.18.2-20220404.173914-srg.jar%23257!/:?]
	at net.minecraft.server.packs.resources.SimpleReloadInstance.m_10834_(SimpleReloadInstance.java:68) ~[server-1.18.2-20220404.173914-srg.jar%23257!/:?]
	at java.util.concurrent.CompletableFuture$UniCompletion.claim(CompletableFuture.java:572) ~[?:?]
	at java.util.concurrent.CompletableFuture$UniAccept.tryFire(CompletableFuture.java:714) ~[?:?]
	at java.util.concurrent.CompletableFuture.postComplete(CompletableFuture.java:510) ~[?:?]
	at java.util.concurrent.CompletableFuture.complete(CompletableFuture.java:2147) ~[?:?]
	at net.minecraft.server.packs.resources.SimpleReloadInstance$1.m_10855_(SimpleReloadInstance.java:51) ~[server-1.18.2-20220404.173914-srg.jar%23257!/:?]
	at net.minecraft.server.packs.resources.SimpleReloadInstance$1.m_6769_(SimpleReloadInstance.java:48) ~[server-1.18.2-20220404.173914-srg.jar%23257!/:?]
	at java.util.concurrent.CompletableFuture$UniCompose.tryFire(CompletableFuture.java:1150) [?:?]
	at java.util.concurrent.CompletableFuture.postComplete(CompletableFuture.java:510) [?:?]
	at java.util.concurrent.CompletableFuture$AsyncSupply.run(CompletableFuture.java:1773) [?:?]
	at java.util.concurrent.CompletableFuture$AsyncSupply.exec(CompletableFuture.java:1760) [?:?]
	at java.util.concurrent.ForkJoinTask.doExec(ForkJoinTask.java:373) [?:?]
	at java.util.concurrent.ForkJoinPool$WorkQueue.topLevelExec(ForkJoinPool.java:1182) [?:?]
	at java.util.concurrent.ForkJoinPool.scan(ForkJoinPool.java:1655) [?:?]
	at java.util.concurrent.ForkJoinPool.runWorker(ForkJoinPool.java:1622) [?:?]
	at java.util.concurrent.ForkJoinWorkerThread.run(ForkJoinWorkerThread.java:165) [?:?]
[04Dec2025 01:08:20.472] [Worker-Main1/ERROR] [net.minecraft.world.level.storage.loot.LootTables/]: Couldn't parse loot table darkerdepths:blocks/cobbled_sandstone
com.google.gson.JsonSyntaxException: Expected name to be an item, was unknown string 'darkerdepths:cobbled_sandstone'
	at net.minecraft.util.GsonHelper.m_13866_(GsonHelper.java:130) ~[server-1.18.2-20220404.173914-srg.jar%23257!/:?]
	at java.util.Optional.orElseThrow(Optional.java:403) ~[?:?]
	at net.minecraft.util.GsonHelper.m_13874_(GsonHelper.java:130) ~[server-1.18.2-20220404.173914-srg.jar%23257!/:?]
	at net.minecraft.util.GsonHelper.m_13909_(GsonHelper.java:138) ~[server-1.18.2-20220404.173914-srg.jar%23257!/:?]
	at net.minecraft.world.level.storage.loot.entries.LootItem$Serializer.m_7267_(LootItem.java:55) ~[server-1.18.2-20220404.173914-srg.jar%23257!/:?]
	at net.minecraft.world.level.storage.loot.entries.LootItem$Serializer.m_7267_(LootItem.java:40) ~[server-1.18.2-20220404.173914-srg.jar%23257!/:?]
	at net.minecraft.world.level.storage.loot.entries.LootPoolSingletonContainer$Serializer.m_5921_(LootPoolSingletonContainer.java:151) ~[server-1.18.2-20220404.173914-srg.jar%23257!/:?]
	at net.minecraft.world.level.storage.loot.entries.LootPoolSingletonContainer$Serializer.m_5921_(LootPoolSingletonContainer.java:129) ~[server-1.18.2-20220404.173914-srg.jar%23257!/:?]
	at net.minecraft.world.level.storage.loot.entries.LootPoolEntryContainer$Serializer.m_7561_(LootPoolEntryContainer.java:86) ~[server-1.18.2-20220404.173914-srg.jar%23257!/:?]
	at net.minecraft.world.level.storage.loot.entries.LootPoolEntryContainer$Serializer.m_7561_(LootPoolEntryContainer.java:74) ~[server-1.18.2-20220404.173914-srg.jar%23257!/:?]
	at net.minecraft.world.level.storage.loot.GsonAdapterFactory$JsonAdapter.deserialize(GsonAdapterFactory.java:102) ~[server-1.18.2-20220404.173914-srg.jar%23257!/:?]
	at com.google.gson.internal.bind.TreeTypeAdapter.read(TreeTypeAdapter.java:69) ~[gson-2.8.9.jar%2321!/:?]
	at com.google.gson.internal.bind.TypeAdapterRuntimeTypeWrapper.read(TypeAdapterRuntimeTypeWrapper.java:41) ~[gson-2.8.9.jar%2321!/:?]
	at com.google.gson.internal.bind.ArrayTypeAdapter.read(ArrayTypeAdapter.java:72) ~[gson-2.8.9.jar%2321!/:?]
	at com.google.gson.Gson.fromJson(Gson.java:963) ~[gson-2.8.9.jar%2321!/:?]
	at com.google.gson.Gson.fromJson(Gson.java:1034) ~[gson-2.8.9.jar%2321!/:?]
	at com.google.gson.internal.bind.TreeTypeAdapter$GsonContextImpl.deserialize(TreeTypeAdapter.java:162) ~[gson-2.8.9.jar%2321!/:?]
	at net.minecraft.util.GsonHelper.m_13808_(GsonHelper.java:448) ~[server-1.18.2-20220404.173914-srg.jar%23257!/:?]
	at net.minecraft.util.GsonHelper.m_13836_(GsonHelper.java:456) ~[server-1.18.2-20220404.173914-srg.jar%23257!/:?]
	at net.minecraft.world.level.storage.loot.LootPool$Serializer.deserialize(LootPool.java:190) ~[server-1.18.2-20220404.173914-srg.jar%23257!/:?]
	at net.minecraft.world.level.storage.loot.LootPool$Serializer.deserialize(LootPool.java:187) ~[server-1.18.2-20220404.173914-srg.jar%23257!/:?]
	at com.google.gson.internal.bind.TreeTypeAdapter.read(TreeTypeAdapter.java:69) ~[gson-2.8.9.jar%2321!/:?]
	at com.google.gson.internal.bind.TypeAdapterRuntimeTypeWrapper.read(TypeAdapterRuntimeTypeWrapper.java:41) ~[gson-2.8.9.jar%2321!/:?]
	at com.google.gson.internal.bind.ArrayTypeAdapter.read(ArrayTypeAdapter.java:72) ~[gson-2.8.9.jar%2321!/:?]
	at com.google.gson.Gson.fromJson(Gson.java:963) ~[gson-2.8.9.jar%2321!/:?]
	at com.google.gson.Gson.fromJson(Gson.java:1034) ~[gson-2.8.9.jar%2321!/:?]
	at com.google.gson.internal.bind.TreeTypeAdapter$GsonContextImpl.deserialize(TreeTypeAdapter.java:162) ~[gson-2.8.9.jar%2321!/:?]
	at net.minecraft.util.GsonHelper.m_13808_(GsonHelper.java:448) ~[server-1.18.2-20220404.173914-srg.jar%23257!/:?]
	at net.minecraft.util.GsonHelper.m_13845_(GsonHelper.java:466) ~[server-1.18.2-20220404.173914-srg.jar%23257!/:?]
	at net.minecraft.world.level.storage.loot.LootTable$Serializer.deserialize(LootTable.java:255) ~[server-1.18.2-20220404.173914-srg.jar%23257!/:?]
	at net.minecraft.world.level.storage.loot.LootTable$Serializer.deserialize(LootTable.java:252) ~[server-1.18.2-20220404.173914-srg.jar%23257!/:?]
	at com.google.gson.internal.bind.TreeTypeAdapter.read(TreeTypeAdapter.java:69) ~[gson-2.8.9.jar%2321!/:?]
	at com.google.gson.Gson.fromJson(Gson.java:963) ~[gson-2.8.9.jar%2321!/:?]
	at com.google.gson.Gson.fromJson(Gson.java:1034) ~[gson-2.8.9.jar%2321!/:?]
	at com.google.gson.Gson.fromJson(Gson.java:1006) ~[gson-2.8.9.jar%2321!/:?]
	at net.minecraftforge.common.ForgeHooks.loadLootTable(ForgeHooks.java:888) ~[forge-1.18.2-40.2.21-universal.jar%23262!/:?]
	at net.minecraft.world.level.storage.loot.LootTables.lambda$apply$0(LootTables.java:41) ~[server-1.18.2-20220404.173914-srg.jar%23257!/:?]
	at java.util.HashMap.forEach(HashMap.java:1421) ~[?:?]
	at net.minecraft.world.level.storage.loot.LootTables.m_5787_(LootTables.java:39) ~[server-1.18.2-20220404.173914-srg.jar%23257!/:?]
	at net.minecraft.world.level.storage.loot.LootTables.m_5787_(LootTables.java:17) ~[server-1.18.2-20220404.173914-srg.jar%23257!/:?]
	at net.minecraft.server.packs.resources.SimplePreparableReloadListener.m_10789_(SimplePreparableReloadListener.java:13) ~[server-1.18.2-20220404.173914-srg.jar%23257!/:?]
	at java.util.concurrent.CompletableFuture$UniAccept.tryFire(CompletableFuture.java:718) ~[?:?]
	at java.util.concurrent.CompletableFuture$Completion.run(CompletableFuture.java:482) ~[?:?]
	at net.minecraft.server.packs.resources.SimpleReloadInstance.m_143940_(SimpleReloadInstance.java:69) ~[server-1.18.2-20220404.173914-srg.jar%23257!/:?]
	at net.minecraft.server.packs.resources.SimpleReloadInstance.m_10834_(SimpleReloadInstance.java:68) ~[server-1.18.2-20220404.173914-srg.jar%23257!/:?]
	at java.util.concurrent.CompletableFuture$UniCompletion.claim(CompletableFuture.java:572) ~[?:?]
	at java.util.concurrent.CompletableFuture$UniAccept.tryFire(CompletableFuture.java:714) ~[?:?]
	at java.util.concurrent.CompletableFuture.postComplete(CompletableFuture.java:510) ~[?:?]
	at java.util.concurrent.CompletableFuture.postFire(CompletableFuture.java:614) ~[?:?]
	at java.util.concurrent.CompletableFuture$UniAccept.tryFire(CompletableFuture.java:726) ~[?:?]
	at java.util.concurrent.CompletableFuture$Completion.run(CompletableFuture.java:482) ~[?:?]
	at net.minecraft.server.packs.resources.SimpleReloadInstance.m_143940_(SimpleReloadInstance.java:69) ~[server-1.18.2-20220404.173914-srg.jar%23257!/:?]
	at net.minecraft.server.packs.resources.SimpleReloadInstance.m_10834_(SimpleReloadInstance.java:68) ~[server-1.18.2-20220404.173914-srg.jar%23257!/:?]
	at java.util.concurrent.CompletableFuture$UniCompletion.claim(CompletableFuture.java:572) ~[?:?]
	at java.util.concurrent.CompletableFuture$UniAccept.tryFire(CompletableFuture.java:714) ~[?:?]
	at java.util.concurrent.CompletableFuture.postComplete(CompletableFuture.java:510) ~[?:?]
	at java.util.concurrent.CompletableFuture.postFire(CompletableFuture.java:614) ~[?:?]
	at java.util.concurrent.CompletableFuture$UniAccept.tryFire(CompletableFuture.java:726) ~[?:?]
	at java.util.concurrent.CompletableFuture$Completion.run(CompletableFuture.java:482) ~[?:?]
	at net.minecraft.server.packs.resources.SimpleReloadInstance.m_143940_(SimpleReloadInstance.java:69) ~[server-1.18.2-20220404.173914-srg.jar%23257!/:?]
	at net.minecraft.server.packs.resources.SimpleReloadInstance.m_10834_(SimpleReloadInstance.java:68) ~[server-1.18.2-20220404.173914-srg.jar%23257!/:?]
	at java.util.concurrent.CompletableFuture$UniCompletion.claim(CompletableFuture.java:572) ~[?:?]
	at java.util.concurrent.CompletableFuture$UniAccept.tryFire(CompletableFuture.java:714) ~[?:?]
	at java.util.concurrent.CompletableFuture.postComplete(CompletableFuture.java:510) ~[?:?]
	at java.util.concurrent.CompletableFuture.postFire(CompletableFuture.java:614) ~[?:?]
	at java.util.concurrent.CompletableFuture$UniAccept.tryFire(CompletableFuture.java:726) ~[?:?]
	at java.util.concurrent.CompletableFuture$Completion.run(CompletableFuture.java:482) ~[?:?]
	at net.minecraft.server.packs.resources.SimpleReloadInstance.m_143940_(SimpleReloadInstance.java:69) ~[server-1.18.2-20220404.173914-srg.jar%23257!/:?]
	at net.minecraft.server.packs.resources.SimpleReloadInstance.m_10834_(SimpleReloadInstance.java:68) ~[server-1.18.2-20220404.173914-srg.jar%23257!/:?]
	at java.util.concurrent.CompletableFuture$UniCompletion.claim(CompletableFuture.java:572) ~[?:?]
	at java.util.concurrent.CompletableFuture$UniAccept.tryFire(CompletableFuture.java:714) ~[?:?]
	at java.util.concurrent.CompletableFuture.postComplete(CompletableFuture.java:510) ~[?:?]
	at java.util.concurrent.CompletableFuture.postFire(CompletableFuture.java:614) ~[?:?]
	at java.util.concurrent.CompletableFuture$UniAccept.tryFire(CompletableFuture.java:726) ~[?:?]
	at java.util.concurrent.CompletableFuture$Completion.run(CompletableFuture.java:482) ~[?:?]
	at net.minecraft.server.packs.resources.SimpleReloadInstance.m_143940_(SimpleReloadInstance.java:69) ~[server-1.18.2-20220404.173914-srg.jar%23257!/:?]
	at net.minecraft.server.packs.resources.SimpleReloadInstance.m_10834_(SimpleReloadInstance.java:68) ~[server-1.18.2-20220404.173914-srg.jar%23257!/:?]
	at java.util.concurrent.CompletableFuture$UniCompletion.claim(CompletableFuture.java:572) ~[?:?]
	at java.util.concurrent.CompletableFuture$UniAccept.tryFire(CompletableFuture.java:714) ~[?:?]
	at java.util.concurrent.CompletableFuture.postComplete(CompletableFuture.java:510) ~[?:?]
	at java.util.concurrent.CompletableFuture.complete(CompletableFuture.java:2147) ~[?:?]
	at net.minecraft.server.packs.resources.SimpleReloadInstance$1.m_10855_(SimpleReloadInstance.java:51) ~[server-1.18.2-20220404.173914-srg.jar%23257!/:?]
	at net.minecraft.server.packs.resources.SimpleReloadInstance$1.m_6769_(SimpleReloadInstance.java:48) ~[server-1.18.2-20220404.173914-srg.jar%23257!/:?]
	at java.util.concurrent.CompletableFuture$UniCompose.tryFire(CompletableFuture.java:1150) [?:?]
	at java.util.concurrent.CompletableFuture.postComplete(CompletableFuture.java:510) [?:?]
	at java.util.concurrent.CompletableFuture$AsyncSupply.run(CompletableFuture.java:1773) [?:?]
	at java.util.concurrent.CompletableFuture$AsyncSupply.exec(CompletableFuture.java:1760) [?:?]
	at java.util.concurrent.ForkJoinTask.doExec(ForkJoinTask.java:373) [?:?]
	at java.util.concurrent.ForkJoinPool$WorkQueue.topLevelExec(ForkJoinPool.java:1182) [?:?]
	at java.util.concurrent.ForkJoinPool.scan(ForkJoinPool.java:1655) [?:?]
	at java.util.concurrent.ForkJoinPool.runWorker(ForkJoinPool.java:1622) [?:?]
	at java.util.concurrent.ForkJoinWorkerThread.run(ForkJoinWorkerThread.java:165) [?:?]
[04Dec2025 01:08:20.804] [Worker-Main1/ERROR] [net.minecraft.world.level.storage.loot.LootTables/]: Couldn't parse loot table darkerdepths:blocks/limestone_speleothem
com.google.gson.JsonSyntaxException: Expected name to be an item, was unknown string 'darkerdepths:limestone_speleothem'
	at net.minecraft.util.GsonHelper.m_13866_(GsonHelper.java:130) ~[server-1.18.2-20220404.173914-srg.jar%23257!/:?]
	at java.util.Optional.orElseThrow(Optional.java:403) ~[?:?]
	at net.minecraft.util.GsonHelper.m_13874_(GsonHelper.java:130) ~[server-1.18.2-20220404.173914-srg.jar%23257!/:?]
	at net.minecraft.util.GsonHelper.m_13909_(GsonHelper.java:138) ~[server-1.18.2-20220404.173914-srg.jar%23257!/:?]
	at net.minecraft.world.level.storage.loot.entries.LootItem$Serializer.m_7267_(LootItem.java:55) ~[server-1.18.2-20220404.173914-srg.jar%23257!/:?]
	at net.minecraft.world.level.storage.loot.entries.LootItem$Serializer.m_7267_(LootItem.java:40) ~[server-1.18.2-20220404.173914-srg.jar%23257!/:?]
	at net.minecraft.world.level.storage.loot.entries.LootPoolSingletonContainer$Serializer.m_5921_(LootPoolSingletonContainer.java:151) ~[server-1.18.2-20220404.173914-srg.jar%23257!/:?]
	at net.minecraft.world.level.storage.loot.entries.LootPoolSingletonContainer$Serializer.m_5921_(LootPoolSingletonContainer.java:129) ~[server-1.18.2-20220404.173914-srg.jar%23257!/:?]
	at net.minecraft.world.level.storage.loot.entries.LootPoolEntryContainer$Serializer.m_7561_(LootPoolEntryContainer.java:86) ~[server-1.18.2-20220404.173914-srg.jar%23257!/:?]
	at net.minecraft.world.level.storage.loot.entries.LootPoolEntryContainer$Serializer.m_7561_(LootPoolEntryContainer.java:74) ~[server-1.18.2-20220404.173914-srg.jar%23257!/:?]
	at net.minecraft.world.level.storage.loot.GsonAdapterFactory$JsonAdapter.deserialize(GsonAdapterFactory.java:102) ~[server-1.18.2-20220404.173914-srg.jar%23257!/:?]
	at com.google.gson.internal.bind.TreeTypeAdapter.read(TreeTypeAdapter.java:69) ~[gson-2.8.9.jar%2321!/:?]
	at com.google.gson.internal.bind.TypeAdapterRuntimeTypeWrapper.read(TypeAdapterRuntimeTypeWrapper.java:41) ~[gson-2.8.9.jar%2321!/:?]
	at com.google.gson.internal.bind.ArrayTypeAdapter.read(ArrayTypeAdapter.java:72) ~[gson-2.8.9.jar%2321!/:?]
	at com.google.gson.Gson.fromJson(Gson.java:963) ~[gson-2.8.9.jar%2321!/:?]
	at com.google.gson.Gson.fromJson(Gson.java:1034) ~[gson-2.8.9.jar%2321!/:?]
	at com.google.gson.internal.bind.TreeTypeAdapter$GsonContextImpl.deserialize(TreeTypeAdapter.java:162) ~[gson-2.8.9.jar%2321!/:?]
	at net.minecraft.util.GsonHelper.m_13808_(GsonHelper.java:448) ~[server-1.18.2-20220404.173914-srg.jar%23257!/:?]
	at net.minecraft.util.GsonHelper.m_13836_(GsonHelper.java:456) ~[server-1.18.2-20220404.173914-srg.jar%23257!/:?]
	at net.minecraft.world.level.storage.loot.LootPool$Serializer.deserialize(LootPool.java:190) ~[server-1.18.2-20220404.173914-srg.jar%23257!/:?]
	at net.minecraft.world.level.storage.loot.LootPool$Serializer.deserialize(LootPool.java:187) ~[server-1.18.2-20220404.173914-srg.jar%23257!/:?]
	at com.google.gson.internal.bind.TreeTypeAdapter.read(TreeTypeAdapter.java:69) ~[gson-2.8.9.jar%2321!/:?]
	at com.google.gson.internal.bind.TypeAdapterRuntimeTypeWrapper.read(TypeAdapterRuntimeTypeWrapper.java:41) ~[gson-2.8.9.jar%2321!/:?]
	at com.google.gson.internal.bind.ArrayTypeAdapter.read(ArrayTypeAdapter.java:72) ~[gson-2.8.9.jar%2321!/:?]
	at com.google.gson.Gson.fromJson(Gson.java:963) ~[gson-2.8.9.jar%2321!/:?]
	at com.google.gson.Gson.fromJson(Gson.java:1034) ~[gson-2.8.9.jar%2321!/:?]
	at com.google.gson.internal.bind.TreeTypeAdapter$GsonContextImpl.deserialize(TreeTypeAdapter.java:162) ~[gson-2.8.9.jar%2321!/:?]
	at net.minecraft.util.GsonHelper.m_13808_(GsonHelper.java:448) ~[server-1.18.2-20220404.173914-srg.jar%23257!/:?]
	at net.minecraft.util.GsonHelper.m_13845_(GsonHelper.java:466) ~[server-1.18.2-20220404.173914-srg.jar%23257!/:?]
	at net.minecraft.world.level.storage.loot.LootTable$Serializer.deserialize(LootTable.java:255) ~[server-1.18.2-20220404.173914-srg.jar%23257!/:?]
	at net.minecraft.world.level.storage.loot.LootTable$Serializer.deserialize(LootTable.java:252) ~[server-1.18.2-20220404.173914-srg.jar%23257!/:?]
	at com.google.gson.internal.bind.TreeTypeAdapter.read(TreeTypeAdapter.java:69) ~[gson-2.8.9.jar%2321!/:?]
	at com.google.gson.Gson.fromJson(Gson.java:963) ~[gson-2.8.9.jar%2321!/:?]
	at com.google.gson.Gson.fromJson(Gson.java:1034) ~[gson-2.8.9.jar%2321!/:?]
	at com.google.gson.Gson.fromJson(Gson.java:1006) ~[gson-2.8.9.jar%2321!/:?]
	at net.minecraftforge.common.ForgeHooks.loadLootTable(ForgeHooks.java:888) ~[forge-1.18.2-40.2.21-universal.jar%23262!/:?]
	at net.minecraft.world.level.storage.loot.LootTables.lambda$apply$0(LootTables.java:41) ~[server-1.18.2-20220404.173914-srg.jar%23257!/:?]
	at java.util.HashMap.forEach(HashMap.java:1421) ~[?:?]
	at net.minecraft.world.level.storage.loot.LootTables.m_5787_(LootTables.java:39) ~[server-1.18.2-20220404.173914-srg.jar%23257!/:?]
	at net.minecraft.world.level.storage.loot.LootTables.m_5787_(LootTables.java:17) ~[server-1.18.2-20220404.173914-srg.jar%23257!/:?]
	at net.minecraft.server.packs.resources.SimplePreparableReloadListener.m_10789_(SimplePreparableReloadListener.java:13) ~[server-1.18.2-20220404.173914-srg.jar%23257!/:?]
	at java.util.concurrent.CompletableFuture$UniAccept.tryFire(CompletableFuture.java:718) ~[?:?]
	at java.util.concurrent.CompletableFuture$Completion.run(CompletableFuture.java:482) ~[?:?]
	at net.minecraft.server.packs.resources.SimpleReloadInstance.m_143940_(SimpleReloadInstance.java:69) ~[server-1.18.2-20220404.173914-srg.jar%23257!/:?]
	at net.minecraft.server.packs.resources.SimpleReloadInstance.m_10834_(SimpleReloadInstance.java:68) ~[server-1.18.2-20220404.173914-srg.jar%23257!/:?]
	at java.util.concurrent.CompletableFuture$UniCompletion.claim(CompletableFuture.java:572) ~[?:?]
	at java.util.concurrent.CompletableFuture$UniAccept.tryFire(CompletableFuture.java:714) ~[?:?]
	at java.util.concurrent.CompletableFuture.postComplete(CompletableFuture.java:510) ~[?:?]
	at java.util.concurrent.CompletableFuture.postFire(CompletableFuture.java:614) ~[?:?]
	at java.util.concurrent.CompletableFuture$UniAccept.tryFire(CompletableFuture.java:726) ~[?:?]
	at java.util.concurrent.CompletableFuture$Completion.run(CompletableFuture.java:482) ~[?:?]
	at net.minecraft.server.packs.resources.SimpleReloadInstance.m_143940_(SimpleReloadInstance.java:69) ~[server-1.18.2-20220404.173914-srg.jar%23257!/:?]
	at net.minecraft.server.packs.resources.SimpleReloadInstance.m_10834_(SimpleReloadInstance.java:68) ~[server-1.18.2-20220404.173914-srg.jar%23257!/:?]
	at java.util.concurrent.CompletableFuture$UniCompletion.claim(CompletableFuture.java:572) ~[?:?]
	at java.util.concurrent.CompletableFuture$UniAccept.tryFire(CompletableFuture.java:714) ~[?:?]
	at java.util.concurrent.CompletableFuture.postComplete(CompletableFuture.java:510) ~[?:?]
	at java.util.concurrent.CompletableFuture.postFire(CompletableFuture.java:614) ~[?:?]
	at java.util.concurrent.CompletableFuture$UniAccept.tryFire(CompletableFuture.java:726) ~[?:?]
	at java.util.concurrent.CompletableFuture$Completion.run(CompletableFuture.java:482) ~[?:?]
	at net.minecraft.server.packs.resources.SimpleReloadInstance.m_143940_(SimpleReloadInstance.java:69) ~[server-1.18.2-20220404.173914-srg.jar%23257!/:?]
	at net.minecraft.server.packs.resources.SimpleReloadInstance.m_10834_(SimpleReloadInstance.java:68) ~[server-1.18.2-20220404.173914-srg.jar%23257!/:?]
	at java.util.concurrent.CompletableFuture$UniCompletion.claim(CompletableFuture.java:572) ~[?:?]
	at java.util.concurrent.CompletableFuture$UniAccept.tryFire(CompletableFuture.java:714) ~[?:?]
	at java.util.concurrent.CompletableFuture.postComplete(CompletableFuture.java:510) ~[?:?]
	at java.util.concurrent.CompletableFuture.postFire(CompletableFuture.java:614) ~[?:?]
	at java.util.concurrent.CompletableFuture$UniAccept.tryFire(CompletableFuture.java:726) ~[?:?]
	at java.util.concurrent.CompletableFuture$Completion.run(CompletableFuture.java:482) ~[?:?]
	at net.minecraft.server.packs.resources.SimpleReloadInstance.m_143940_(SimpleReloadInstance.java:69) ~[server-1.18.2-20220404.173914-srg.jar%23257!/:?]
	at net.minecraft.server.packs.resources.SimpleReloadInstance.m_10834_(SimpleReloadInstance.java:68) ~[server-1.18.2-20220404.173914-srg.jar%23257!/:?]
	at java.util.concurrent.CompletableFuture$UniCompletion.claim(CompletableFuture.java:572) ~[?:?]
	at java.util.concurrent.CompletableFuture$UniAccept.tryFire(CompletableFuture.java:714) ~[?:?]
	at java.util.concurrent.CompletableFuture.postComplete(CompletableFuture.java:510) ~[?:?]
	at java.util.concurrent.CompletableFuture.postFire(CompletableFuture.java:614) ~[?:?]
	at java.util.concurrent.CompletableFuture$UniAccept.tryFire(CompletableFuture.java:726) ~[?:?]
	at java.util.concurrent.CompletableFuture$Completion.run(CompletableFuture.java:482) ~[?:?]
	at net.minecraft.server.packs.resources.SimpleReloadInstance.m_143940_(SimpleReloadInstance.java:69) ~[server-1.18.2-20220404.173914-srg.jar%23257!/:?]
	at net.minecraft.server.packs.resources.SimpleReloadInstance.m_10834_(SimpleReloadInstance.java:68) ~[server-1.18.2-20220404.173914-srg.jar%23257!/:?]
	at java.util.concurrent.CompletableFuture$UniCompletion.claim(CompletableFuture.java:572) ~[?:?]
	at java.util.concurrent.CompletableFuture$UniAccept.tryFire(CompletableFuture.java:714) ~[?:?]
	at java.util.concurrent.CompletableFuture.postComplete(CompletableFuture.java:510) ~[?:?]
	at java.util.concurrent.CompletableFuture.complete(CompletableFuture.java:2147) ~[?:?]
	at net.minecraft.server.packs.resources.SimpleReloadInstance$1.m_10855_(SimpleReloadInstance.java:51) ~[server-1.18.2-20220404.173914-srg.jar%23257!/:?]
	at net.minecraft.server.packs.resources.SimpleReloadInstance$1.m_6769_(SimpleReloadInstance.java:48) ~[server-1.18.2-20220404.173914-srg.jar%23257!/:?]
	at java.util.concurrent.CompletableFuture$UniCompose.tryFire(CompletableFuture.java:1150) [?:?]
	at java.util.concurrent.CompletableFuture.postComplete(CompletableFuture.java:510) [?:?]
	at java.util.concurrent.CompletableFuture$AsyncSupply.run(CompletableFuture.java:1773) [?:?]
	at java.util.concurrent.CompletableFuture$AsyncSupply.exec(CompletableFuture.java:1760) [?:?]
	at java.util.concurrent.ForkJoinTask.doExec(ForkJoinTask.java:373) [?:?]
	at java.util.concurrent.ForkJoinPool$WorkQueue.topLevelExec(ForkJoinPool.java:1182) [?:?]
	at java.util.concurrent.ForkJoinPool.scan(ForkJoinPool.java:1655) [?:?]
	at java.util.concurrent.ForkJoinPool.runWorker(ForkJoinPool.java:1622) [?:?]
	at java.util.concurrent.ForkJoinWorkerThread.run(ForkJoinWorkerThread.java:165) [?:?]
[04Dec2025 01:08:20.952] [Worker-Main1/INFO] [com.teamabnormals.blueprint.core.Blueprint/]: Advancement Modification Manager has loaded 13 modifier groups
[04Dec2025 01:08:21.142] [Worker-Main1/ERROR] [net.minecraft.server.ServerAdvancementManager/]: Parsing error loading custom advancement twilightforest:alt/compat/tconstruct: Disallowed data tag found
[04Dec2025 01:08:21.249] [Worker-Main1/INFO] [net.minecraft.advancements.AdvancementList/]: Loaded 8120 advancements
[04Dec2025 01:08:21.598] [Worker-Main1/INFO] [slimeknights.mantle.fluid.transfer.FluidContainerTransferManager/]: Loaded 23 dynamic modifiers in 0.59537 ms
[04Dec2025 01:08:21.616] [Worker-Main1/INFO] [ModdingLegacy/blue_skies/SkiesDataManager/]: Loaded 8 tool_handle_types
[04Dec2025 01:08:21.616] [Worker-Main1/INFO] [ModdingLegacy/blue_skies/SkiesDataManager/]: Loaded 37 snowcap_oven_freezing_recipes
[04Dec2025 01:08:21.616] [Worker-Main1/INFO] [ModdingLegacy/blue_skies/SkiesDataManager/]: Loaded 7 horizonite_forge_fuels
[04Dec2025 01:08:21.617] [Worker-Main1/INFO] [ModdingLegacy/blue_skies/SkiesDataManager/]: Loaded 12 snowcap_mushroom_freezing
[04Dec2025 01:08:21.884] [Worker-Main1/INFO] [ModdingLegacy/blue_skies/SkiesDataManager/]: Loaded 70 alchemy_recipes
[04Dec2025 01:08:21.886] [Worker-Main1/INFO] [ModdingLegacy/blue_skies/SkiesDataManager/]: Loaded 81 journal/entries
[04Dec2025 01:08:21.886] [Worker-Main1/INFO] [ModdingLegacy/blue_skies/SkiesDataManager/]: Loaded 3 journal/sections
[04Dec2025 01:08:21.886] [Worker-Main1/INFO] [ModdingLegacy/blue_skies/SkiesDataManager/]: Loaded 7 journal/requirements
[04Dec2025 01:08:21.920] [Worker-Main1/INFO] [REI/]: [REI] ~~~~~~~~~~~~~~~~~~~~~~~~~~~~~~~~~~~~~~~~
[04Dec2025 01:08:21.920] [Worker-Main1/INFO] [REI/]: [REI] REIPlugin starting main-reload for START.
[04Dec2025 01:08:21.920] [Worker-Main1/INFO] [REI/]: [REI] Plugins (3):
[04Dec2025 01:08:21.920] [Worker-Main1/INFO] [REI/]: [REI]  - (-100.00) DefaultPluginImpl of DefaultPluginImpl [roughlyenoughitems]
[04Dec2025 01:08:21.921] [Worker-Main1/INFO] [REI/]: [REI]  - (0.00) DefaultRuntimePlugin of DefaultRuntimePlugin [roughlyenoughitems]
[04Dec2025 01:08:21.921] [Worker-Main1/INFO] [REI/]: [REI]  - (0.00) REI Plugin Compatibilities Server Handler of REI Plugin Compatibilities Server Handler [rei_plugin_compatibilities, jei]
[04Dec2025 01:08:21.921] [Worker-Main1/INFO] [REI/]: [REI] ~~~~~~~~~~~~~~~~~~~~~~~~~~~~~~~~~~~~~~~~
[04Dec2025 01:08:21.937] [Worker-Main1/INFO] [REI/]: [REI] OOOOOOOOOOOOOOOOOOOOOOOOOOOOOOOOOOOOOOOO
[04Dec2025 01:08:21.937] [Worker-Main1/INFO] [REI/]: [REI] REIServerPlugin starting main-reload for START.
[04Dec2025 01:08:21.937] [Worker-Main1/INFO] [REI/]: [REI] Plugins (3):
[04Dec2025 01:08:21.938] [Worker-Main1/INFO] [REI/]: [REI]  - (-100.00) DefaultPluginImpl of DefaultPluginImpl [roughlyenoughitems]
[04Dec2025 01:08:21.938] [Worker-Main1/INFO] [REI/]: [REI]  - (0.00) REI Plugin Compatibilities Server Handler of REI Plugin Compatibilities Server Handler [rei_plugin_compatibilities, jei]
[04Dec2025 01:08:21.938] [Worker-Main1/INFO] [REI/]: [REI]  - (0.00) DefaultRuntimePlugin of DefaultRuntimePlugin [roughlyenoughitems]
[04Dec2025 01:08:21.938] [Worker-Main1/INFO] [REI/]: [REI] OOOOOOOOOOOOOOOOOOOOOOOOOOOOOOOOOOOOOOOO
[04Dec2025 01:08:21.941] [Worker-Main1/INFO] [REI/]: [REI] REIPlugin finished post-reload for START in 787.1 μs, totaling 30.33 ms.
[04Dec2025 01:08:21.942] [Worker-Main1/INFO] [REI/]: [REI] REIServerPlugin finished post-reload for START in 435.9 μs, totaling 2.731 ms.
[04Dec2025 01:08:21.945] [Worker-Main1/INFO] [REI/]: [REI] OOOOOOOOOOOOOOOOOOOOOOOOOOOOOOOOOOOOOOOO
[04Dec2025 01:08:21.945] [Worker-Main1/INFO] [REI/]: [REI] REIPlugin starting main-reload for END.
[04Dec2025 01:08:21.946] [Worker-Main1/INFO] [REI/]: [REI] Plugins (3):
[04Dec2025 01:08:21.946] [Worker-Main1/INFO] [REI/]: [REI]  - (-100.00) DefaultPluginImpl of DefaultPluginImpl [roughlyenoughitems]
[04Dec2025 01:08:21.946] [Worker-Main1/INFO] [REI/]: [REI]  - (0.00) DefaultRuntimePlugin of DefaultRuntimePlugin [roughlyenoughitems]
[04Dec2025 01:08:21.946] [Worker-Main1/INFO] [REI/]: [REI]  - (0.00) REI Plugin Compatibilities Server Handler of REI Plugin Compatibilities Server Handler [rei_plugin_compatibilities, jei]
[04Dec2025 01:08:21.946] [Worker-Main1/INFO] [REI/]: [REI] OOOOOOOOOOOOOOOOOOOOOOOOOOOOOOOOOOOOOOOO
[04Dec2025 01:08:21.976] [Worker-Main1/INFO] [REI/]: [REI] ****************************************
[04Dec2025 01:08:21.976] [Worker-Main1/INFO] [REI/]: [REI] REIServerPlugin starting main-reload for END.
[04Dec2025 01:08:21.976] [Worker-Main1/INFO] [REI/]: [REI] Plugins (3):
[04Dec2025 01:08:21.976] [Worker-Main1/INFO] [REI/]: [REI]  - (-100.00) DefaultPluginImpl of DefaultPluginImpl [roughlyenoughitems]
[04Dec2025 01:08:21.976] [Worker-Main1/INFO] [REI/]: [REI]  - (0.00) REI Plugin Compatibilities Server Handler of REI Plugin Compatibilities Server Handler [rei_plugin_compatibilities, jei]
[04Dec2025 01:08:21.976] [Worker-Main1/INFO] [REI/]: [REI]  - (0.00) DefaultRuntimePlugin of DefaultRuntimePlugin [roughlyenoughitems]
[04Dec2025 01:08:21.977] [Worker-Main1/INFO] [REI/]: [REI] ****************************************
[04Dec2025 01:08:21.989] [Worker-Main1/INFO] [REI/]: [REI] REIPlugin finished post-reload for END in 343.5 μs, totaling 31.37 ms.
[04Dec2025 01:08:21.990] [Worker-Main1/INFO] [REI/]: [REI] REIServerPlugin finished post-reload for END in 463.4 μs, totaling 12.23 ms.
[04Dec2025 01:08:21.990] [Worker-Main1/INFO] [Dungeon Crawl/]: Loading data...
[04Dec2025 01:08:24.896] [Worker-Main1/INFO] [Dungeon Crawl/]: Done.
[04Dec2025 01:08:24.907] [Worker-Main1/INFO] [net.mehvahdjukaar.selene.Selene/]: Loaded 153 Soft Fluids
[04Dec2025 01:08:24.912] [Worker-Main1/INFO] [com.teamabnormals.blueprint.core.Blueprint/]: Structure Repaletter Manager has loaded 2 repaletters
[04Dec2025 01:08:25.154] [Worker-Main1/INFO] [com.teamabnormals.blueprint.core.Blueprint/]: Modded Biome Slice Manager has loaded 2 slices
[04Dec2025 01:08:25.159] [Worker-Main1/INFO] [com.teamabnormals.blueprint.core.Blueprint/]: Chunk Generator Modification Manager has loaded 1 modifier groups
[04Dec2025 01:08:25.179] [Worker-Main1/WARN] [com.klikli_dev.modonomicon.Modonomicon/]: BookErrorManager.error() called for book: occultism:dictionary_of_spirits with error: BookErrorInfo{ 
errorMessage='Failed to load entry 'occultism:dictionary_of_spirits/entries/getting_started/theurgy_divination_rod'', 
context='Page Index: 0', 
exception='com.google.gson.JsonSyntaxException: Unknown item 'theurgy:divination_rod_t1''
}
[04Dec2025 01:08:25.201] [Worker-Main1/INFO] [slimeknights.tconstruct.library.modifiers.ModifierManager/]: Loaded 68 dynamic modifiers and 15 modifier redirects in 9.71406 ms
[04Dec2025 01:08:25.461] [Worker-Main1/INFO] [slimeknights.tconstruct.library.modifiers.ModifierManager/]: Loaded 5 modifier tags for 20 modifiers in 260.01495 ms
[04Dec2025 01:08:25.462] [Worker-Main1/INFO] [slimeknights.tconstruct.library.modifiers.ModifierManager/]: Loaded 49 enchantment to modifier mappings in 0.646234 ms
[04Dec2025 01:08:25.466] [Worker-Main1/INFO] [slimeknights.tconstruct.library.modifiers.spilling.SpillingFluidManager/]: Loaded 48 spilling fluids in 4.029662 ms
[04Dec2025 01:08:25.470] [Worker-Main1/INFO] [slimeknights.tconstruct.library.materials.definition.MaterialManager/]: Loaded 63 materials in 4.109931 ms
[04Dec2025 01:08:25.717] [Worker-Main1/INFO] [slimeknights.tconstruct.library.materials.definition.MaterialManager/]: Loaded 1 material tags for 20 materials in 246.33995 ms
[04Dec2025 01:08:25.992] [Worker-Main1/INFO] [slimeknights.tconstruct.library.materials.stats.MaterialStatsManager/]: 206 stats loaded for 69 materials in 275.27045 ms
[04Dec2025 01:08:26.276] [Worker-Main1/INFO] [slimeknights.tconstruct.library.materials.traits.MaterialTraitsManager/]: 90 traits loaded for 69 materials in 284.15298 ms
[04Dec2025 01:08:26.286] [Worker-Main1/INFO] [slimeknights.tconstruct.library.tools.definition.ToolDefinitionLoader/]: Loaded 33 tool definitions in 9.303462 ms
[04Dec2025 01:08:26.289] [Worker-Main1/INFO] [slimeknights.tconstruct.library.tools.layout.StationSlotLayoutLoader/]: Loaded 18 station slot layouts in 3.173636 ms
[04Dec2025 01:08:26.301] [main/WARN] [net.minecraft.core.MappedRegistry/]: Not all defined tags for registry ResourceKey[minecraft:root / minecraft:worldgen/biome] are present in data pack: mvs:has_structure/nether_biomes
[04Dec2025 01:08:32.089] [main/INFO] [net.mehvahdjukaar.supplementaries.Supplementaries/]: Finished additional setup in 0 seconds
[04Dec2025 01:08:32.543] [main/INFO] [potionstudios.byg.BYG/]: "/workspaces/server/servidor_minecraft/config/byg/nether-biomes.json5" was read.
[04Dec2025 01:08:32.547] [main/INFO] [potionstudios.byg.BYG/]: "/workspaces/server/servidor_minecraft/config/byg/end-biomes.json5" was read.
[04Dec2025 01:08:32.556] [Server thread/INFO] [net.minecraft.server.dedicated.DedicatedServer/]: Starting minecraft server version 1.18.2
[04Dec2025 01:08:32.557] [Server thread/INFO] [net.minecraft.server.dedicated.DedicatedServer/]: Loading properties
[04Dec2025 01:08:32.557] [Server thread/INFO] [net.minecraft.server.dedicated.DedicatedServer/]: Default game type: SURVIVAL
[04Dec2025 01:08:32.557] [Server thread/INFO] [net.minecraft.server.MinecraftServer/]: Generating keypair
[04Dec2025 01:08:32.658] [Server thread/INFO] [net.minecraft.server.dedicated.DedicatedServer/]: Starting Minecraft server on *:25565
[04Dec2025 01:08:32.686] [Server thread/INFO] [net.minecraft.server.network.ServerConnectionListener/]: Using epoll channel type
[04Dec2025 01:08:32.764] [Server thread/WARN] [net.minecraft.server.dedicated.DedicatedServer/]: **** SERVER IS RUNNING IN OFFLINE/INSECURE MODE!
[04Dec2025 01:08:32.765] [Server thread/WARN] [net.minecraft.server.dedicated.DedicatedServer/]: The server will make no attempt to authenticate usernames. Beware.
[04Dec2025 01:08:32.765] [Server thread/WARN] [net.minecraft.server.dedicated.DedicatedServer/]: While this makes the game possible to play without internet access, it also opens up the ability for hackers to connect with any username they choose.
[04Dec2025 01:08:32.765] [Server thread/WARN] [net.minecraft.server.dedicated.DedicatedServer/]: To change this, set "online-mode" to "true" in the server.properties file.
[04Dec2025 01:08:33.044] [Netty Epoll Server IO #1/INFO] [net.minecraftforge.server.ServerLifecycleHooks/SERVERHOOKS]: Disconnecting Player (server is still starting): Server is still starting! Please wait before reconnecting.
[04Dec2025 01:08:33.613] [Netty Epoll Server IO #2/INFO] [net.minecraftforge.server.ServerLifecycleHooks/SERVERHOOKS]: Disconnecting Player (server is still starting): Server is still starting! Please wait before reconnecting.
[04Dec2025 01:08:33.779] [Netty Epoll Server IO #3/INFO] [net.minecraftforge.server.ServerLifecycleHooks/SERVERHOOKS]: Disconnecting Player (server is still starting): Server is still starting! Please wait before reconnecting.
[04Dec2025 01:08:33.916] [Netty Epoll Server IO #4/INFO] [net.minecraftforge.server.ServerLifecycleHooks/SERVERHOOKS]: Disconnecting Player (server is still starting): Server is still starting! Please wait before reconnecting.
[04Dec2025 01:08:35.842] [Netty Epoll Server IO #5/INFO] [net.minecraftforge.server.ServerLifecycleHooks/SERVERHOOKS]: Disconnecting Player (server is still starting): Server is still starting! Please wait before reconnecting.
[04Dec2025 01:08:35.875] [Server thread/INFO] [spark/]: Starting background profiler...
[04Dec2025 01:08:37.053] [Server thread/INFO] [brightspark.asynclocator.AsyncLocatorMod/]: Async Locator -> Starting locating executor service with thread pool size of 1
[04Dec2025 01:08:37.999] [Server thread/INFO] [terrablender/]: Initialized TerraBlender biomes for level stem minecraft:overworld
[04Dec2025 01:08:38.247] [Server thread/INFO] [net.minecraft.server.dedicated.DedicatedServer/]: Preparing level "world"
[04Dec2025 01:08:38.435] [Server thread/INFO] [shetiphian.core.ShetiPhianCore/]: Loading Teams Data
[04Dec2025 01:08:38.436] [Server thread/INFO] [shetiphian.core.ShetiPhianCore/]: Finished Loading Teams Data
[04Dec2025 01:08:38.928] [Server thread/WARN] [net.minecraft.network.syncher.SynchedEntityData/]: defineId called for: class com.endertech.minecraft.mods.adhooks.hook.HookShot from class com.endertech.minecraft.mods.adhooks.hook.HookShot$WatchedBool
[04Dec2025 01:08:38.928] [Server thread/WARN] [net.minecraft.network.syncher.SynchedEntityData/]: defineId called for: class com.endertech.minecraft.mods.adhooks.hook.HookShot from class com.endertech.minecraft.mods.adhooks.hook.HookShot$WatchedBool
[04Dec2025 01:08:38.929] [Server thread/WARN] [net.minecraft.network.syncher.SynchedEntityData/]: defineId called for: class com.endertech.minecraft.mods.adhooks.hook.HookShot from class com.endertech.minecraft.mods.adhooks.hook.HookShot$WatchedBool
[04Dec2025 01:08:38.929] [Server thread/WARN] [net.minecraft.network.syncher.SynchedEntityData/]: defineId called for: class com.endertech.minecraft.mods.adhooks.hook.HookShot from class com.endertech.minecraft.mods.adhooks.hook.HookShot$WatchedBool
[04Dec2025 01:08:38.929] [Server thread/WARN] [net.minecraft.network.syncher.SynchedEntityData/]: defineId called for: class com.endertech.minecraft.mods.adhooks.hook.HookShot from class com.endertech.minecraft.mods.adhooks.hook.HookShot$WatchedBool
[04Dec2025 01:08:38.930] [Server thread/WARN] [net.minecraft.network.syncher.SynchedEntityData/]: defineId called for: class com.endertech.minecraft.mods.adhooks.hook.HookShot from class com.endertech.minecraft.mods.adhooks.hook.HookShot$WatchedBool
[04Dec2025 01:08:38.930] [Server thread/WARN] [net.minecraft.network.syncher.SynchedEntityData/]: defineId called for: class com.endertech.minecraft.mods.adhooks.hook.HookShot from class com.endertech.minecraft.mods.adhooks.hook.HookShot$WatchedInt
[04Dec2025 01:08:38.931] [Server thread/WARN] [net.minecraft.network.syncher.SynchedEntityData/]: defineId called for: class com.endertech.minecraft.mods.adhooks.hook.HookShot from class com.endertech.minecraft.mods.adhooks.hook.HookShot$WatchedInt
[04Dec2025 01:08:38.931] [Server thread/WARN] [net.minecraft.network.syncher.SynchedEntityData/]: defineId called for: class com.endertech.minecraft.mods.adhooks.hook.HookShot from class com.endertech.minecraft.mods.adhooks.hook.HookShot$WatchedInt
[04Dec2025 01:08:38.932] [Server thread/WARN] [net.minecraft.network.syncher.SynchedEntityData/]: defineId called for: class com.endertech.minecraft.mods.adhooks.hook.HookShot from class com.endertech.minecraft.mods.adhooks.hook.HookShot$WatchedInt
[04Dec2025 01:08:38.932] [Server thread/WARN] [net.minecraft.network.syncher.SynchedEntityData/]: defineId called for: class com.endertech.minecraft.mods.adhooks.hook.HookShot from class com.endertech.minecraft.mods.adhooks.hook.HookShot$WatchedInt
[04Dec2025 01:08:38.933] [Server thread/WARN] [net.minecraft.network.syncher.SynchedEntityData/]: defineId called for: class com.endertech.minecraft.mods.adhooks.hook.HookShot from class com.endertech.minecraft.mods.adhooks.hook.HookShot$WatchedInt
[04Dec2025 01:08:38.933] [Server thread/WARN] [net.minecraft.network.syncher.SynchedEntityData/]: defineId called for: class com.endertech.minecraft.mods.adhooks.hook.HookShot from class com.endertech.minecraft.mods.adhooks.hook.HookShot$WatchedInt
[04Dec2025 01:08:38.934] [Server thread/WARN] [net.minecraft.network.syncher.SynchedEntityData/]: defineId called for: class com.endertech.minecraft.mods.adhooks.hook.HookShot from class com.endertech.minecraft.mods.adhooks.hook.HookShot$WatchedInt
[04Dec2025 01:08:38.934] [Server thread/WARN] [net.minecraft.network.syncher.SynchedEntityData/]: defineId called for: class com.endertech.minecraft.mods.adhooks.hook.HookShot from class com.endertech.minecraft.mods.adhooks.hook.HookShot$WatchedInt
[04Dec2025 01:08:38.935] [Server thread/WARN] [net.minecraft.network.syncher.SynchedEntityData/]: defineId called for: class com.endertech.minecraft.mods.adhooks.hook.HookShot from class com.endertech.minecraft.mods.adhooks.hook.HookShot$WatchedFloat
[04Dec2025 01:08:38.935] [Server thread/WARN] [net.minecraft.network.syncher.SynchedEntityData/]: defineId called for: class com.endertech.minecraft.mods.adhooks.hook.HookShot from class com.endertech.minecraft.mods.adhooks.hook.HookShot$WatchedFloat
[04Dec2025 01:08:38.936] [Server thread/WARN] [net.minecraft.network.syncher.SynchedEntityData/]: defineId called for: class com.endertech.minecraft.mods.adhooks.hook.HookShot from class com.endertech.minecraft.mods.adhooks.hook.HookShot$WatchedFloat
[04Dec2025 01:08:38.936] [Server thread/WARN] [net.minecraft.network.syncher.SynchedEntityData/]: defineId called for: class com.endertech.minecraft.mods.adhooks.hook.HookShot from class com.endertech.minecraft.mods.adhooks.hook.HookShot$WatchedFloat
[04Dec2025 01:08:38.937] [Server thread/WARN] [net.minecraft.network.syncher.SynchedEntityData/]: defineId called for: class com.endertech.minecraft.mods.adhooks.hook.HookShot from class com.endertech.minecraft.mods.adhooks.hook.HookShot$WatchedFloat
[04Dec2025 01:08:38.937] [Server thread/WARN] [net.minecraft.network.syncher.SynchedEntityData/]: defineId called for: class com.endertech.minecraft.mods.adhooks.hook.HookShot from class com.endertech.minecraft.mods.adhooks.hook.HookShot$WatchedFloat
[04Dec2025 01:08:39.259] [Server thread/WARN] [net.minecraft.network.syncher.SynchedEntityData/]: defineId called for: class net.mrscauthd.beyond_earth.entities.RocketTier1Entity from class net.mrscauthd.beyond_earth.entities.IRocketEntity
[04Dec2025 01:08:39.260] [Server thread/WARN] [net.minecraft.network.syncher.SynchedEntityData/]: defineId called for: class net.mrscauthd.beyond_earth.entities.RocketTier1Entity from class net.mrscauthd.beyond_earth.entities.IRocketEntity
[04Dec2025 01:08:39.260] [Server thread/WARN] [net.minecraft.network.syncher.SynchedEntityData/]: defineId called for: class net.mrscauthd.beyond_earth.entities.RocketTier1Entity from class net.mrscauthd.beyond_earth.entities.IRocketEntity
[04Dec2025 01:08:39.261] [Server thread/WARN] [net.minecraft.network.syncher.SynchedEntityData/]: defineId called for: class net.mrscauthd.beyond_earth.entities.RocketTier1Entity from class net.mrscauthd.beyond_earth.entities.IRocketEntity
[04Dec2025 01:08:39.746] [Server thread/INFO] [potionstudios.byg.BYG/]: "/workspaces/server/servidor_minecraft/config/byg/surface_rules/nether_surface_rules.json5" was read.
[04Dec2025 01:08:39.754] [Server thread/INFO] [potionstudios.byg.BYG/]: "/workspaces/server/servidor_minecraft/config/byg/surface_rules/overworld_surface_rules.json5" was read.
[04Dec2025 01:08:39.773] [Server thread/INFO] [potionstudios.byg.BYG/]: "/workspaces/server/servidor_minecraft/config/byg/surface_rules/end_surface_rules.json5" was read.
[04Dec2025 01:08:39.781] [Server thread/INFO] [potionstudios.byg.BYG/]: Loading dimension "minecraft:the_nether" with biome source: "blueprint:modded".
[04Dec2025 01:08:39.782] [Server thread/INFO] [potionstudios.byg.BYG/]: "/workspaces/server/servidor_minecraft/config/byg/surface_rules/nether_surface_rules.json5" was read.
[04Dec2025 01:08:39.789] [Server thread/INFO] [potionstudios.byg.BYG/]: "/workspaces/server/servidor_minecraft/config/byg/surface_rules/overworld_surface_rules.json5" was read.
[04Dec2025 01:08:39.811] [Server thread/INFO] [potionstudios.byg.BYG/]: "/workspaces/server/servidor_minecraft/config/byg/surface_rules/end_surface_rules.json5" was read.
[04Dec2025 01:08:39.813] [Server thread/INFO] [potionstudios.byg.BYG/]: Loading dimension "minecraft:the_end" with biome source: "blueprint:modded".
[04Dec2025 01:08:39.815] [Server thread/INFO] [net.minecraft.server.MinecraftServer/]: Preparing start region for dimension minecraft:overworld
[04Dec2025 01:08:43.047] [Netty Epoll Server IO #6/INFO] [net.minecraftforge.server.ServerLifecycleHooks/SERVERHOOKS]: Disconnecting Player (server is still starting): Server is still starting! Please wait before reconnecting.
[04Dec2025 01:08:43.066] [Netty Epoll Server IO #7/INFO] [net.minecraftforge.server.ServerLifecycleHooks/SERVERHOOKS]: Disconnecting Player (server is still starting): Server is still starting! Please wait before reconnecting.
[04Dec2025 01:08:45.152] [Netty Epoll Server IO #0/INFO] [net.minecraftforge.server.ServerLifecycleHooks/SERVERHOOKS]: Disconnecting Player (server is still starting): Server is still starting! Please wait before reconnecting.
[04Dec2025 01:08:45.975] [Worker-Main2/INFO] [net.minecraft.server.level.progress.LoggerChunkProgressListener/]: Preparing spawn area: 0%
[04Dec2025 01:08:45.976] [Worker-Main1/INFO] [net.minecraft.server.level.progress.LoggerChunkProgressListener/]: Preparing spawn area: 0%
[04Dec2025 01:08:45.976] [Worker-Main2/INFO] [net.minecraft.server.level.progress.LoggerChunkProgressListener/]: Preparing spawn area: 0%
[04Dec2025 01:08:45.977] [Worker-Main2/INFO] [net.minecraft.server.level.progress.LoggerChunkProgressListener/]: Preparing spawn area: 0%
[04Dec2025 01:08:45.978] [Worker-Main2/INFO] [net.minecraft.server.level.progress.LoggerChunkProgressListener/]: Preparing spawn area: 0%
[04Dec2025 01:08:45.979] [Worker-Main2/INFO] [net.minecraft.server.level.progress.LoggerChunkProgressListener/]: Preparing spawn area: 0%
[04Dec2025 01:08:45.980] [Worker-Main1/INFO] [net.minecraft.server.level.progress.LoggerChunkProgressListener/]: Preparing spawn area: 0%
[04Dec2025 01:08:45.980] [Worker-Main1/INFO] [net.minecraft.server.level.progress.LoggerChunkProgressListener/]: Preparing spawn area: 0%
[04Dec2025 01:08:45.981] [Worker-Main1/INFO] [net.minecraft.server.level.progress.LoggerChunkProgressListener/]: Preparing spawn area: 0%
[04Dec2025 01:08:45.982] [Worker-Main1/INFO] [net.minecraft.server.level.progress.LoggerChunkProgressListener/]: Preparing spawn area: 0%
[04Dec2025 01:08:45.983] [Worker-Main1/INFO] [net.minecraft.server.level.progress.LoggerChunkProgressListener/]: Preparing spawn area: 0%
[04Dec2025 01:08:45.984] [Worker-Main1/INFO] [net.minecraft.server.level.progress.LoggerChunkProgressListener/]: Preparing spawn area: 0%
[04Dec2025 01:08:45.984] [Worker-Main1/INFO] [net.minecraft.server.level.progress.LoggerChunkProgressListener/]: Preparing spawn area: 0%
[04Dec2025 01:08:46.373] [Worker-Main1/INFO] [net.minecraft.server.level.progress.LoggerChunkProgressListener/]: Preparing spawn area: 0%
[04Dec2025 01:08:46.816] [Worker-Main2/INFO] [net.minecraft.server.level.progress.LoggerChunkProgressListener/]: Preparing spawn area: 5%
[04Dec2025 01:08:47.316] [Worker-Main2/INFO] [net.minecraft.server.level.progress.LoggerChunkProgressListener/]: Preparing spawn area: 40%
[04Dec2025 01:08:48.039] [Worker-Main1/INFO] [net.minecraft.server.level.progress.LoggerChunkProgressListener/]: Preparing spawn area: 48%
[04Dec2025 01:08:48.207] [Server thread/INFO] [net.minecraft.server.level.progress.LoggerChunkProgressListener/]: Time elapsed: 8392 ms
[04Dec2025 01:08:48.208] [Server thread/INFO] [net.minecraft.server.dedicated.DedicatedServer/]: Done (15.431s)! For help, type "help"
[04Dec2025 01:08:48.519] [Server thread/INFO] [net.minecraftforge.server.permission.PermissionAPI/]: Successfully initialized permission handler forge:default_handler
[04Dec2025 01:09:02.929] [Server thread/INFO] [atomicstryker.infernalmobs.common.InfernalMobsCore/]: item config parser finished, item count: 14
[04Dec2025 01:09:02.929] [Server thread/INFO] [atomicstryker.infernalmobs.common.InfernalMobsCore/]: item config parser finished, item count: 17
[04Dec2025 01:09:02.929] [Server thread/INFO] [atomicstryker.infernalmobs.common.InfernalMobsCore/]: item config parser finished, item count: 16
[04Dec2025 01:09:02.930] [Server thread/INFO] [atomicstryker.infernalmobs.common.InfernalMobsCore/]: InfernalMobsCore commonSetup completed! Modifiers ready: 27
[04Dec2025 01:09:02.930] [Server thread/INFO] [atomicstryker.infernalmobs.common.InfernalMobsCore/]: InfernalMobsCore commonSetup completed! config file at: /workspaces/server/servidor_minecraft/./config/infernalmobs.cfg
[04Dec2025 01:09:02.977] [Server thread/INFO] [com.github.alexthe666.iceandfire.IceAndFire/]: {SPAWN_DRAGON_SKELETON_I_CF=true, HYDRA_CAVE_CF=true, SPAWN_SEA_SERPENT_CF=true, SPAWN_STYMPHALIAN_BIRD_CF=true, SPAWN_WANDERING_CYCLOPS_CF=true, PIXIE_VILLAGE_CF=true, SPAWN_DEATH_WORM_CF=true, FIRE_DRAGON_CAVE_CF=true, SIREN_ISLAND_CF=true, MYRMEX_HIVE_DESERT_CF=true, SPAWN_HIPPOCAMPUS_CF=true, FIRE_DRAGON_ROOST_CF=true, MYRMEX_HIVE_JUNGLE_CF=true, COPPER_ORE_CF=true, SILVER_ORE_CF=true, LIGHTNING_DRAGON_CAVE_CF=true, SPAWN_DRAGON_SKELETON_F_CF=true, AMETHYST_ORE_CF=true, SPAWN_DRAGON_SKELETON_L_CF=true, LIGHTNING_LILY_CF=true, ICE_DRAGON_CAVE_CF=true, SAPPHIRE_ORE_CF=true, LIGHTNING_DRAGON_ROOST_CF=true, CYCLOPS_CAVE_CF=true, FROST_LILY_CF=true, FIRE_LILY_CF=true, ICE_DRAGON_ROOST_CF=true}
[04Dec2025 01:09:02.977] [Server thread/INFO] [com.github.alexthe666.iceandfire.IceAndFire/]: {TROLL_S=true, HIPPOGRYPH=true, AMPHITHERE=true, COCKATRICE=true, TROLL_M=true, DREAD_LICH=false, TROLL_F=true}
[04Dec2025 01:09:02.978] [Server thread/WARN] [voicechat/]: Running in offline mode - Voice chat encryption is not secure!
[04Dec2025 01:09:02.993] [Server thread/INFO] [patchouli/]: Sending reload packet to clients
[04Dec2025 01:09:03.001] [VoiceChatServerThread/INFO] [voicechat/]: Voice chat server started at port 24454
[04Dec2025 01:09:03.120] [Server thread/INFO] [immersiveengineering/]: Couldn't fully analyze 1 radiator, missing knowledge for {1 water_bucket=0.25}
[04Dec2025 01:09:03.120] [Server thread/INFO] [immersiveengineering/]: Couldn't fully analyze 1 free_runners_armored, missing knowledge for {1 free_runners=1.0}
[04Dec2025 01:09:03.120] [Server thread/INFO] [immersiveengineering/]: Finished recipe profiler for Arc Recycling, took 120 milliseconds
[04Dec2025 01:09:12.702] [Server thread/INFO] [net.minecraftforge.common.AdvancementLoadFix/]: Using new advancement loading for net.minecraft.server.PlayerAdvancements@4a88028f
[04Dec2025 01:09:12.757] [Server thread/INFO] [net.minecraft.server.players.PlayerList/]: Yanderu75[/127.12.125.251:53227] logged in with entity id 2399 at (-2788.5, 73.0, -649.5)
[04Dec2025 01:09:12.783] [Server thread/INFO] [ModdingLegacy/blue_skies/]: Sending ToolHandleTypeManager to Yanderu75
[04Dec2025 01:09:12.783] [Server thread/INFO] [ModdingLegacy/blue_skies/]: Sending SnowcapOvenFreezingManager to Yanderu75
[04Dec2025 01:09:12.784] [Server thread/INFO] [ModdingLegacy/blue_skies/]: Sending HorizoniteForgeFuelManager to Yanderu75
[04Dec2025 01:09:12.784] [Server thread/INFO] [ModdingLegacy/blue_skies/]: Sending AlchemyRecipeManager to Yanderu75
[04Dec2025 01:09:12.789] [Server thread/INFO] [ModdingLegacy/blue_skies/]: Sending JournalEntryManager to Yanderu75
[04Dec2025 01:09:12.795] [Server thread/INFO] [ModdingLegacy/blue_skies/]: Sending JournalSectionManager to Yanderu75
[04Dec2025 01:09:12.796] [Server thread/INFO] [ModdingLegacy/blue_skies/]: Sending JournalRequirementManager to Yanderu75
[04Dec2025 01:09:12.807] [Server thread/INFO] [com.klikli_dev.modonomicon.Modonomicon/]: Building books ...
[04Dec2025 01:09:12.812] [Server thread/WARN] [com.klikli_dev.modonomicon.Modonomicon/]: Recipe minecraft:netherite_axe_smithing_does_not_exist (of type minecraft:smithing) not found.
[04Dec2025 01:09:12.813] [Server thread/INFO] [com.klikli_dev.modonomicon.Modonomicon/]: Books built.
[04Dec2025 01:09:12.813] [Server thread/INFO] [com.klikli_dev.modonomicon.Modonomicon/]: Adding read conditions ...
[04Dec2025 01:09:12.814] [Server thread/INFO] [com.klikli_dev.modonomicon.Modonomicon/]: Read conditions added.
[04Dec2025 01:09:12.910] [Server thread/INFO] [net.minecraft.server.dedicated.DedicatedServer/]: Yanderu75 joined the game
[04Dec2025 01:09:13.337] [Netty Epoll Server IO #2/INFO] [immersiveengineering/]: Recipes for potions: minecraft:strong_poison, alexsmobs:knockback_resistance, undergarden:long_brittleness, minecraft:long_slow_falling, minecraft:harming, minecraft:mundane, atmospheric:relief_long, minecraft:strong_healing, minecraft:regeneration, mowziesmobs:poison_resist, alexsmobs:poison_resistance, upgrade_aquatic:repellence_long, minecraft:long_turtle_master, upgrade_aquatic:restfulness, minecraft:long_swiftness, minecraft:long_strength, upgrade_aquatic:repellence, minecraft:long_water_breathing, alexsmobs:long_soulsteal, undergarden:long_virulent_resistance, undergarden:strong_featherweight, upgrade_aquatic:insomnia, alexsmobs:clinging, alexsmobs:long_clinging, minecraft:strong_swiftness, minecraft:strong_strength, minecraft:weakness, minecraft:turtle_master, minecraft:slow_falling, atmospheric:worsening, alexsmobs:strong_soulsteal, undergarden:long_featherweight, tombstone:earthly_garden, tombstone:discretion, undergarden:featherweight, minecraft:long_slowness, minecraft:long_fire_resistance, upgrade_aquatic:repellence_strong, upgrade_aquatic:vibing_strong, upgrade_aquatic:vibing_long, minecraft:slowness, tombstone:spectral, alexsmobs:speed_iii, minecraft:strong_leaping, minecraft:long_regeneration, undergarden:virulent_resistance, minecraft:swiftness, minecraft:poison, minecraft:long_night_vision, alexsmobs:long_poison_resistance, alexsmobs:lava_vision, minecraft:leaping, undergarden:glowing, minecraft:long_poison, minecraft:fire_resistance, tombstone:bait, minecraft:long_weakness, minecraft:invisibility, minecraft:long_invisibility, alexsmobs:strong_knockback_resistance, alexsmobs:bug_pheromones, minecraft:awkward, upgrade_aquatic:vibing, minecraft:night_vision, upgrade_aquatic:insomnia_strong, undergarden:strong_brittleness, alexsmobs:long_bug_pheromones, atmospheric:worsening_long, atmospheric:relief, minecraft:strength, atmospheric:worsening_strong, alexsmobs:soulsteal, atmospheric:relief_strong, alexsmobs:long_knockback_resistance, minecraft:healing, minecraft:strong_turtle_master, undergarden:long_glowing, minecraft:long_leaping, minecraft:water_breathing, upgrade_aquatic:restfulness_strong, minecraft:water, minecraft:strong_harming, alexsmobs:long_lava_vision, minecraft:strong_regeneration, mowziesmobs:long_poison_resist, minecraft:strong_slowness, undergarden:brittleness, tombstone:frostbite
[04Dec2025 01:09:13.391] [Thread-28/INFO] [net.minecraft.server.dedicated.DedicatedServer/]: [MemorySweep]Sweepings...
[04Dec2025 01:09:13.393] [Thread-28/INFO] [com.tkisor.memorysweep.MemoryCleaner/]: Memory Sweep start.
[04Dec2025 01:09:15.304] [Server thread/INFO] [Waila/]: Syncing config to Yanderu75 (89ee158d-227b-3d32-9375-31975ec17f21)
[04Dec2025 01:09:18.326] [Thread-28/INFO] [net.minecraft.server.dedicated.DedicatedServer/]: [MemorySweep]Done.
[04Dec2025 01:09:18.327] [Thread-28/INFO] [com.tkisor.memorysweep.MemoryCleaner/]: Memory Sweep end.
[04Dec2025 01:09:19.168] [Server thread/INFO] [voicechat/]: Received secret request of Yanderu75 (17)
[04Dec2025 01:09:19.170] [Server thread/INFO] [voicechat/]: Sent secret to Yanderu75
[04Dec2025 01:09:19.176] [Server thread/WARN] [net.minecraft.server.MinecraftServer/]: Can't keep up! Is the server overloaded? Running 6605ms or 132 ticks behind
[04Dec2025 01:09:30.905] [Server thread/INFO] [net.minecraftforge.common.AdvancementLoadFix/]: Using new advancement loading for net.minecraft.server.PlayerAdvancements@1d56ebf6
[04Dec2025 01:09:30.944] [Server thread/INFO] [net.minecraft.server.players.PlayerList/]: NovaProXX[/127.237.128.149:45491] logged in with entity id 2645 at (-2760.699999988079, 93.0, -716.9044431399982)
[04Dec2025 01:09:30.960] [Server thread/INFO] [ModdingLegacy/blue_skies/]: Sending ToolHandleTypeManager to NovaProXX
[04Dec2025 01:09:30.960] [Server thread/INFO] [ModdingLegacy/blue_skies/]: Sending SnowcapOvenFreezingManager to NovaProXX
[04Dec2025 01:09:30.961] [Server thread/INFO] [ModdingLegacy/blue_skies/]: Sending HorizoniteForgeFuelManager to NovaProXX
[04Dec2025 01:09:30.961] [Server thread/INFO] [ModdingLegacy/blue_skies/]: Sending AlchemyRecipeManager to NovaProXX
[04Dec2025 01:09:30.963] [Server thread/INFO] [ModdingLegacy/blue_skies/]: Sending JournalEntryManager to NovaProXX
[04Dec2025 01:09:30.966] [Server thread/INFO] [ModdingLegacy/blue_skies/]: Sending JournalSectionManager to NovaProXX
[04Dec2025 01:09:30.966] [Server thread/INFO] [ModdingLegacy/blue_skies/]: Sending JournalRequirementManager to NovaProXX
[04Dec2025 01:09:31.018] [Server thread/INFO] [net.minecraft.server.dedicated.DedicatedServer/]: NovaProXX joined the game
[04Dec2025 01:09:31.162] [Server thread/INFO] [Waila/]: Syncing config to NovaProXX (deaa7cf0-65bc-37b0-bf11-b4f64b3fa6e3)
[04Dec2025 01:09:34.248] [Server thread/INFO] [voicechat/]: Received secret request of NovaProXX (17)
[04Dec2025 01:09:34.248] [Server thread/INFO] [voicechat/]: Sent secret to NovaProXX
[04Dec2025 01:10:09.030] [Server thread/INFO] [net.minecraft.server.dedicated.DedicatedServer/]: <Yanderu75> discord
[04Dec2025 01:10:15.604] [Server thread/INFO] [net.minecraft.server.dedicated.DedicatedServer/]: <Yanderu75> y onde tas
[04Dec2025 01:14:09.875] [Server thread/INFO] [com.BrassAmber.ba_bt.BrassAmberBattleTowers/]: Setting obelisk data
[04Dec2025 01:14:24.460] [Server thread/INFO] [net.minecraft.server.dedicated.DedicatedServer/]: <Yanderu75> :peped:
[04Dec2025 01:19:09.804] [Server thread/INFO] [com.BrassAmber.ba_bt.BrassAmberBattleTowers/]: Setting obelisk data
[04Dec2025 01:23:59.387] [Server thread/INFO] [net.minecraft.server.dedicated.DedicatedServer/]: <NovaProXX> :monka_gun:
[04Dec2025 01:24:03.137] [Thread-36/INFO] [net.minecraft.server.dedicated.DedicatedServer/]: [MemorySweep]Sweepings...
[04Dec2025 01:24:03.137] [Thread-36/INFO] [com.tkisor.memorysweep.MemoryCleaner/]: Memory Sweep start.
[04Dec2025 01:24:07.810] [Thread-36/INFO] [net.minecraft.server.dedicated.DedicatedServer/]: [MemorySweep]Done.
[04Dec2025 01:24:07.811] [Thread-36/INFO] [com.tkisor.memorysweep.MemoryCleaner/]: Memory Sweep end.
[04Dec2025 01:24:07.812] [Server thread/INFO] [net.minecraft.server.dedicated.DedicatedServer/]: <NovaProXX> :monka:
[04Dec2025 01:24:09.725] [Server thread/INFO] [com.BrassAmber.ba_bt.BrassAmberBattleTowers/]: Setting obelisk data
[04Dec2025 01:24:11.750] [Server thread/INFO] [net.minecraft.server.dedicated.DedicatedServer/]: <Yanderu75> :peped:
[04Dec2025 01:24:16.088] [Server thread/INFO] [net.minecraft.server.dedicated.DedicatedServer/]: <Yanderu75> :thonkbutcool:
[04Dec2025 01:29:09.818] [Server thread/INFO] [com.BrassAmber.ba_bt.BrassAmberBattleTowers/]: Setting obelisk data
[04Dec2025 01:32:09.528] [Server thread/INFO] [net.minecraft.server.dedicated.DedicatedServer/]: Yanderu75 has made the advancement [Enchanter]
[04Dec2025 01:34:09.721] [Server thread/INFO] [com.BrassAmber.ba_bt.BrassAmberBattleTowers/]: Setting obelisk data
[04Dec2025 01:39:03.172] [Thread-49/INFO] [net.minecraft.server.dedicated.DedicatedServer/]: [MemorySweep]Sweepings...
[04Dec2025 01:39:03.172] [Thread-49/INFO] [com.tkisor.memorysweep.MemoryCleaner/]: Memory Sweep start.
[04Dec2025 01:39:05.284] [Server thread/WARN] [net.minecraft.server.MinecraftServer/]: Can't keep up! Is the server overloaded? Running 2062ms or 41 ticks behind
[04Dec2025 01:39:08.235] [Thread-49/INFO] [net.minecraft.server.dedicated.DedicatedServer/]: [MemorySweep]Done.
[04Dec2025 01:39:08.236] [Thread-49/INFO] [com.tkisor.memorysweep.MemoryCleaner/]: Memory Sweep end.
[04Dec2025 01:39:11.760] [Server thread/INFO] [com.BrassAmber.ba_bt.BrassAmberBattleTowers/]: Setting obelisk data
[04Dec2025 01:42:53.285] [Server thread/INFO] [net.minecraft.server.dedicated.DedicatedServer/]: <Yanderu75> tu me escuchas :V
[04Dec2025 01:43:17.740] [Server thread/INFO] [net.minecraft.server.dedicated.DedicatedServer/]: <NovaProXX> lag
[04Dec2025 01:43:26.056] [Server thread/INFO] [net.minecraft.server.dedicated.DedicatedServer/]: <Yanderu75> Æ
[04Dec2025 01:44:11.762] [Server thread/INFO] [com.BrassAmber.ba_bt.BrassAmberBattleTowers/]: Setting obelisk data
[04Dec2025 01:49:11.759] [Server thread/INFO] [com.BrassAmber.ba_bt.BrassAmberBattleTowers/]: Setting obelisk data
[04Dec2025 01:50:31.885] [Server thread/INFO] [net.minecraft.server.network.ServerGamePacketListenerImpl/]: NovaProXX lost connection: Timed out
[04Dec2025 01:50:31.886] [Server thread/INFO] [net.minecraft.server.dedicated.DedicatedServer/]: NovaProXX left the game
[04Dec2025 01:50:31.897] [Server thread/INFO] [voicechat/]: Disconnecting client NovaProXX
[04Dec2025 01:50:31.944] [Server thread/WARN] [net.minecraft.network.Connection/]: handleDisconnection() called twice
[04Dec2025 01:51:20.047] [Server thread/INFO] [net.minecraftforge.common.AdvancementLoadFix/]: Using new advancement loading for net.minecraft.server.PlayerAdvancements@571e4664
[04Dec2025 01:51:20.071] [Server thread/INFO] [net.minecraft.server.players.PlayerList/]: NovaProXX[/127.237.128.149:50921] logged in with entity id 9186 at (-2777.461914166386, 69.0, -650.4704317956199)
[04Dec2025 01:51:20.085] [Server thread/INFO] [ModdingLegacy/blue_skies/]: Sending ToolHandleTypeManager to NovaProXX
[04Dec2025 01:51:20.086] [Server thread/INFO] [ModdingLegacy/blue_skies/]: Sending SnowcapOvenFreezingManager to NovaProXX
[04Dec2025 01:51:20.086] [Server thread/INFO] [ModdingLegacy/blue_skies/]: Sending HorizoniteForgeFuelManager to NovaProXX
[04Dec2025 01:51:20.087] [Server thread/INFO] [ModdingLegacy/blue_skies/]: Sending AlchemyRecipeManager to NovaProXX
[04Dec2025 01:51:20.089] [Server thread/INFO] [ModdingLegacy/blue_skies/]: Sending JournalEntryManager to NovaProXX
[04Dec2025 01:51:20.090] [Server thread/INFO] [ModdingLegacy/blue_skies/]: Sending JournalSectionManager to NovaProXX
[04Dec2025 01:51:20.091] [Server thread/INFO] [ModdingLegacy/blue_skies/]: Sending JournalRequirementManager to NovaProXX
[04Dec2025 01:51:20.136] [Server thread/INFO] [net.minecraft.server.dedicated.DedicatedServer/]: NovaProXX joined the game
[04Dec2025 01:51:20.271] [Server thread/INFO] [Waila/]: Syncing config to NovaProXX (deaa7cf0-65bc-37b0-bf11-b4f64b3fa6e3)
[04Dec2025 01:51:20.486] [Server thread/INFO] [voicechat/]: Received secret request of NovaProXX (17)
[04Dec2025 01:51:20.486] [Server thread/INFO] [voicechat/]: Sent secret to NovaProXX
[04Dec2025 01:54:03.187] [Thread-63/INFO] [net.minecraft.server.dedicated.DedicatedServer/]: [MemorySweep]Sweepings...
[04Dec2025 01:54:03.188] [Thread-63/INFO] [com.tkisor.memorysweep.MemoryCleaner/]: Memory Sweep start.
[04Dec2025 01:54:07.826] [Thread-63/INFO] [net.minecraft.server.dedicated.DedicatedServer/]: [MemorySweep]Done.
[04Dec2025 01:54:07.827] [Thread-63/INFO] [com.tkisor.memorysweep.MemoryCleaner/]: Memory Sweep end.
[04Dec2025 01:54:11.760] [Server thread/INFO] [com.BrassAmber.ba_bt.BrassAmberBattleTowers/]: Setting obelisk data
[04Dec2025 01:57:56.939] [Server thread/INFO] [net.minecraft.server.dedicated.DedicatedServer/]: <Yanderu75> se te lagea :anguished:
[04Dec2025 01:59:08.367] [Server thread/WARN] [net.minecraft.server.network.ServerGamePacketListenerImpl/]: NovaProXX moved too quickly! 9.404506424992178,-2.268476202412984,3.060066956392234
[04Dec2025 01:59:11.763] [Server thread/INFO] [com.BrassAmber.ba_bt.BrassAmberBattleTowers/]: Setting obelisk data
[04Dec2025 02:03:45.419] [Server thread/WARN] [net.minecraft.server.network.ServerGamePacketListenerImpl/]: NovaProXX moved too quickly! 7.615478187764893,2.9948323399327847,-7.078493274755147
[04Dec2025 02:04:01.734] [Server thread/WARN] [net.minecraft.server.network.ServerGamePacketListenerImpl/]: NovaProXX moved too quickly! -2.6532663346401932,0.0,-9.662718643314975
[04Dec2025 02:04:05.724] [Server thread/WARN] [net.minecraft.server.MinecraftServer/]: Can't keep up! Is the server overloaded? Running 2053ms or 41 ticks behind
[04Dec2025 02:04:13.984] [Server thread/INFO] [com.BrassAmber.ba_bt.BrassAmberBattleTowers/]: Setting obelisk data
[04Dec2025 02:04:23.021] [Server thread/WARN] [net.minecraft.server.MinecraftServer/]: Can't keep up! Is the server overloaded? Running 2299ms or 45 ticks behind
[04Dec2025 02:06:12.147] [Server thread/WARN] [net.minecraft.server.MinecraftServer/]: Can't keep up! Is the server overloaded? Running 2025ms or 40 ticks behind
[04Dec2025 02:06:51.558] [Server thread/WARN] [net.minecraft.server.network.ServerGamePacketListenerImpl/]: NovaProXX moved too quickly! 3.9514835320719612,-7.256990966677066,7.620749721845868
[04Dec2025 02:06:57.197] [Server thread/WARN] [net.minecraft.server.network.ServerGamePacketListenerImpl/]: NovaProXX moved too quickly! 1.4250351338391738,6.402916020441651,9.245447315792262
[04Dec2025 02:07:06.994] [Server thread/WARN] [net.minecraft.server.network.ServerGamePacketListenerImpl/]: NovaProXX moved too quickly! 1.061204780645312,8.066302223076306,8.37689919311515
[04Dec2025 02:07:12.553] [Server thread/WARN] [net.minecraft.server.network.ServerGamePacketListenerImpl/]: NovaProXX moved too quickly! 0.5802742288396985,3.076708300132921,9.81256265416323
[04Dec2025 02:07:23.904] [Server thread/INFO] [com.BrassAmber.ba_bt.BrassAmberBattleTowers/]: Setting obelisk data
[04Dec2025 02:07:30.653] [Server thread/WARN] [net.minecraft.server.network.ServerGamePacketListenerImpl/]: NovaProXX moved too quickly! 2.0485263907507942,-1.7499999999999005,9.694631452496424
[04Dec2025 02:07:37.750] [Server thread/WARN] [net.minecraft.server.network.ServerGamePacketListenerImpl/]: NovaProXX moved too quickly! 2.2664635101791646,-1.7999999999998977,9.660752974038928
[04Dec2025 02:09:03.221] [Thread-76/INFO] [net.minecraft.server.dedicated.DedicatedServer/]: [MemorySweep]Sweepings...
[04Dec2025 02:09:03.228] [Thread-76/INFO] [com.tkisor.memorysweep.MemoryCleaner/]: Memory Sweep start.
[04Dec2025 02:09:08.165] [Thread-76/INFO] [net.minecraft.server.dedicated.DedicatedServer/]: [MemorySweep]Done.
[04Dec2025 02:09:08.166] [Thread-76/INFO] [com.tkisor.memorysweep.MemoryCleaner/]: Memory Sweep end.
[04Dec2025 02:09:18.061] [Server thread/INFO] [com.BrassAmber.ba_bt.BrassAmberBattleTowers/]: Setting obelisk data
[04Dec2025 02:09:45.891] [Server thread/WARN] [net.minecraft.server.network.ServerGamePacketListenerImpl/]: NovaProXX moved too quickly! -10.018215750612399,0.0,0.21561800080348803
[04Dec2025 02:10:11.138] [Server thread/WARN] [net.minecraft.server.network.ServerGamePacketListenerImpl/]: NovaProXX moved too quickly! -1.4981287342420728,-2.1661092609382138,-9.835044866162548
[04Dec2025 02:10:27.434] [Server thread/WARN] [net.minecraft.server.network.ServerGamePacketListenerImpl/]: Yanderu75 was kicked for floating too long!
[04Dec2025 02:10:27.481] [Server thread/INFO] [net.minecraft.server.network.ServerGamePacketListenerImpl/]: Yanderu75 lost connection: Flying is not enabled on this server
[04Dec2025 02:10:27.481] [Server thread/INFO] [net.minecraft.server.dedicated.DedicatedServer/]: Yanderu75 left the game
[04Dec2025 02:10:27.482] [Server thread/INFO] [voicechat/]: Disconnecting client Yanderu75
[04Dec2025 02:10:41.619] [Server thread/WARN] [net.minecraft.server.network.ServerGamePacketListenerImpl/]: NovaProXX moved too quickly! -1.5147056240211896,-4.958903005989683,-8.877219323362624
[04Dec2025 02:10:46.945] [Server thread/INFO] [net.minecraftforge.common.AdvancementLoadFix/]: Using new advancement loading for net.minecraft.server.PlayerAdvancements@2b418370
[04Dec2025 02:10:46.964] [Server thread/INFO] [net.minecraft.server.players.PlayerList/]: Yanderu75[/127.12.125.251:44983] logged in with entity id 13123 at (-2793.2240289998726, 64.17675927506424, -689.5320866947427)
[04Dec2025 02:10:46.978] [Server thread/INFO] [ModdingLegacy/blue_skies/]: Sending ToolHandleTypeManager to Yanderu75
[04Dec2025 02:10:46.978] [Server thread/INFO] [ModdingLegacy/blue_skies/]: Sending SnowcapOvenFreezingManager to Yanderu75
[04Dec2025 02:10:46.978] [Server thread/INFO] [ModdingLegacy/blue_skies/]: Sending HorizoniteForgeFuelManager to Yanderu75
[04Dec2025 02:10:46.979] [Server thread/INFO] [ModdingLegacy/blue_skies/]: Sending AlchemyRecipeManager to Yanderu75
[04Dec2025 02:10:46.980] [Server thread/INFO] [ModdingLegacy/blue_skies/]: Sending JournalEntryManager to Yanderu75
[04Dec2025 02:10:46.982] [Server thread/INFO] [ModdingLegacy/blue_skies/]: Sending JournalSectionManager to Yanderu75
[04Dec2025 02:10:46.982] [Server thread/INFO] [ModdingLegacy/blue_skies/]: Sending JournalRequirementManager to Yanderu75
[04Dec2025 02:10:47.018] [Server thread/INFO] [net.minecraft.server.dedicated.DedicatedServer/]: Yanderu75 joined the game
[04Dec2025 02:10:47.118] [Server thread/INFO] [Waila/]: Syncing config to Yanderu75 (89ee158d-227b-3d32-9375-31975ec17f21)
[04Dec2025 02:10:47.372] [Server thread/INFO] [voicechat/]: Received secret request of Yanderu75 (17)
[04Dec2025 02:10:47.372] [Server thread/INFO] [voicechat/]: Sent secret to Yanderu75
[04Dec2025 02:11:00.701] [Server thread/INFO] [net.minecraft.server.dedicated.DedicatedServer/]: <Yanderu75> xD
[04Dec2025 02:12:11.790] [Server thread/WARN] [net.minecraft.server.network.ServerGamePacketListenerImpl/]: NovaProXX moved too quickly! -0.08460637192047216,-5.684301436238314,9.459455616193509
[04Dec2025 02:12:13.642] [Server thread/INFO] [com.BrassAmber.ba_bt.BrassAmberBattleTowers/]: Setting obelisk data
[04Dec2025 02:12:47.041] [Server thread/WARN] [net.minecraft.server.network.ServerGamePacketListenerImpl/]: NovaProXX moved too quickly! 3.0456551667593885,6.559913101994894,-14.889883525286905
[04Dec2025 02:14:18.062] [Server thread/INFO] [com.BrassAmber.ba_bt.BrassAmberBattleTowers/]: Setting obelisk data
[04Dec2025 02:14:18.065] [Server thread/INFO] [com.BrassAmber.ba_bt.BrassAmberBattleTowers/]: Setting obelisk data
[04Dec2025 02:15:02.372] [Server thread/INFO] [com.BrassAmber.ba_bt.BrassAmberBattleTowers/]: Setting obelisk data
[04Dec2025 02:15:52.993] [Server thread/INFO] [com.BrassAmber.ba_bt.BrassAmberBattleTowers/]: Setting obelisk data
[04Dec2025 02:16:15.334] [Server thread/INFO] [com.BrassAmber.ba_bt.BrassAmberBattleTowers/]: Setting obelisk data
[04Dec2025 02:18:55.735] [Server thread/INFO] [com.BrassAmber.ba_bt.BrassAmberBattleTowers/]: Setting obelisk data
[04Dec2025 02:20:06.734] [Server thread/INFO] [com.BrassAmber.ba_bt.BrassAmberBattleTowers/]: Setting obelisk data
[04Dec2025 02:24:03.238] [Thread-92/INFO] [net.minecraft.server.dedicated.DedicatedServer/]: [MemorySweep]Sweepings...
[04Dec2025 02:24:03.239] [Thread-92/INFO] [com.tkisor.memorysweep.MemoryCleaner/]: Memory Sweep start.
[04Dec2025 02:24:08.476] [Thread-92/INFO] [net.minecraft.server.dedicated.DedicatedServer/]: [MemorySweep]Done.
[04Dec2025 02:24:08.478] [Thread-92/INFO] [com.tkisor.memorysweep.MemoryCleaner/]: Memory Sweep end.
[04Dec2025 02:24:08.489] [Server thread/WARN] [net.minecraft.server.MinecraftServer/]: Can't keep up! Is the server overloaded? Running 2067ms or 41 ticks behind
[04Dec2025 02:24:20.126] [Server thread/INFO] [com.BrassAmber.ba_bt.BrassAmberBattleTowers/]: Setting obelisk data
[04Dec2025 02:27:59.765] [Server thread/WARN] [net.minecraft.server.network.ServerGamePacketListenerImpl/]: NovaProXX moved too quickly! -6.269148682006289,0.7531999805212024,7.986168077904267
[04Dec2025 02:29:20.128] [Server thread/INFO] [com.BrassAmber.ba_bt.BrassAmberBattleTowers/]: Setting obelisk data
[04Dec2025 02:29:26.339] [Server thread/INFO] [net.minecraft.server.dedicated.DedicatedServer/]: <Yanderu75> :monkey:
[04Dec2025 02:29:34.287] [Server thread/INFO] [com.BrassAmber.ba_bt.BrassAmberBattleTowers/]: Setting obelisk data
[04Dec2025 02:33:16.583] [Server thread/INFO] [net.minecraft.world.entity.npc.Villager/]: Villager Villager['Nitwit'/20269, l='ServerLevel[world]', x=-3185.48, y=101.00, z=-1353.48] died, message: 'Nitwit walked into fire whilst fighting Fire Dragon'
[04Dec2025 02:33:30.278] [Server thread/INFO] [net.minecraft.world.entity.npc.Villager/]: Villager Villager['Unemployed'/20042, l='ServerLevel[world]', x=-3135.71, y=96.00, z=-1377.09] died, message: 'Unemployed was burnt to a crisp whilst fighting Fire Dragon'
[04Dec2025 02:33:42.830] [Server thread/INFO] [net.minecraft.world.entity.npc.Villager/]: Villager Villager['Unemployed'/20041, l='ServerLevel[world]', x=-3110.30, y=98.00, z=-1319.24] died, message: 'Unemployed was incinerated by Fire Dragon'
[04Dec2025 02:34:08.329] [Server thread/INFO] [net.minecraft.world.entity.npc.Villager/]: Villager Villager['Unemployed'/20270, l='ServerLevel[world]', x=-3198.57, y=103.00, z=-1351.55] died, message: 'Unemployed was turned into KFC by Fire Dragon'
[04Dec2025 02:35:24.902] [Server thread/WARN] [net.minecraft.server.level.ServerPlayerGameMode/]: Mismatch in destroy block pos: BlockPos{x=-3022, y=18, z=-1270} BlockPos{x=-3023, y=18, z=-1268}
[04Dec2025 02:35:42.199] [Server thread/INFO] [net.minecraft.server.dedicated.DedicatedServer/]: [Server] hello :)
[04Dec2025 02:37:40.907] [Server thread/WARN] [net.minecraft.server.network.ServerGamePacketListenerImpl/]: NovaProXX moved too quickly! -9.859640525970917,0.0,1.8289290468658237
[04Dec2025 02:37:57.240] [Server thread/WARN] [net.minecraft.server.network.ServerGamePacketListenerImpl/]: NovaProXX moved too quickly! -12.254597267242843,3.9030571161889185,-0.47466444073393177
[04Dec2025 02:38:27.685] [Server thread/INFO] [com.BrassAmber.ba_bt.BrassAmberBattleTowers/]: Setting obelisk data
[04Dec2025 02:38:37.988] [Server thread/WARN] [net.minecraft.server.network.ServerGamePacketListenerImpl/]: NovaProXX moved too quickly! -15.034182574907845,7.069243338688267,-0.6692437871441825
[04Dec2025 02:38:59.352] [Server thread/WARN] [net.minecraft.server.network.ServerGamePacketListenerImpl/]: NovaProXX moved too quickly! -9.7033484620315,-6.280954495943746,0.13650588851237444
[04Dec2025 02:38:59.885] [Server thread/WARN] [net.minecraft.server.network.ServerGamePacketListenerImpl/]: NovaProXX was kicked for floating too long!
[04Dec2025 02:38:59.933] [Server thread/INFO] [net.minecraft.server.network.ServerGamePacketListenerImpl/]: NovaProXX lost connection: Flying is not enabled on this server
[04Dec2025 02:38:59.933] [Server thread/INFO] [net.minecraft.server.dedicated.DedicatedServer/]: NovaProXX left the game
[04Dec2025 02:38:59.934] [Server thread/INFO] [voicechat/]: Disconnecting client NovaProXX
[04Dec2025 02:39:03.271] [Thread-112/INFO] [net.minecraft.server.dedicated.DedicatedServer/]: [MemorySweep]Sweepings...
[04Dec2025 02:39:03.272] [Thread-112/INFO] [com.tkisor.memorysweep.MemoryCleaner/]: Memory Sweep start.
[04Dec2025 02:39:08.120] [Thread-112/INFO] [net.minecraft.server.dedicated.DedicatedServer/]: [MemorySweep]Done.
[04Dec2025 02:39:08.121] [Thread-112/INFO] [com.tkisor.memorysweep.MemoryCleaner/]: Memory Sweep end.
[04Dec2025 02:39:20.105] [Server thread/INFO] [com.BrassAmber.ba_bt.BrassAmberBattleTowers/]: Setting obelisk data
[04Dec2025 02:39:29.795] [Server thread/INFO] [net.minecraftforge.common.AdvancementLoadFix/]: Using new advancement loading for net.minecraft.server.PlayerAdvancements@4507e6f
[04Dec2025 02:39:29.807] [Server thread/INFO] [net.minecraft.server.players.PlayerList/]: NovaProXX[/127.237.128.149:55595] logged in with entity id 22093 at (-3016.4401719353937, 109.8107408987934, -658.111648186522)
[04Dec2025 02:39:29.818] [Server thread/INFO] [ModdingLegacy/blue_skies/]: Sending ToolHandleTypeManager to NovaProXX
[04Dec2025 02:39:29.819] [Server thread/INFO] [ModdingLegacy/blue_skies/]: Sending SnowcapOvenFreezingManager to NovaProXX
[04Dec2025 02:39:29.819] [Server thread/INFO] [ModdingLegacy/blue_skies/]: Sending HorizoniteForgeFuelManager to NovaProXX
[04Dec2025 02:39:29.819] [Server thread/INFO] [ModdingLegacy/blue_skies/]: Sending AlchemyRecipeManager to NovaProXX
[04Dec2025 02:39:29.820] [Server thread/INFO] [ModdingLegacy/blue_skies/]: Sending JournalEntryManager to NovaProXX
[04Dec2025 02:39:29.822] [Server thread/INFO] [ModdingLegacy/blue_skies/]: Sending JournalSectionManager to NovaProXX
[04Dec2025 02:39:29.822] [Server thread/INFO] [ModdingLegacy/blue_skies/]: Sending JournalRequirementManager to NovaProXX
[04Dec2025 02:39:29.850] [Server thread/INFO] [net.minecraft.server.dedicated.DedicatedServer/]: NovaProXX joined the game
[04Dec2025 02:39:29.960] [Server thread/INFO] [Waila/]: Syncing config to NovaProXX (deaa7cf0-65bc-37b0-bf11-b4f64b3fa6e3)
[04Dec2025 02:39:30.139] [Server thread/INFO] [voicechat/]: Received secret request of NovaProXX (17)
[04Dec2025 02:39:30.140] [Server thread/INFO] [voicechat/]: Sent secret to NovaProXX
[04Dec2025 02:39:58.656] [Server thread/WARN] [net.minecraft.server.network.ServerGamePacketListenerImpl/]: NovaProXX moved too quickly! -10.561012465819203,-2.0282627288010247,-1.3305235792761323
[04Dec2025 02:40:34.546] [Server thread/INFO] [net.minecraft.server.dedicated.DedicatedServer/]: <Yanderu75> jometry
[04Dec2025 02:41:00.896] [Server thread/WARN] [net.minecraft.server.network.ServerGamePacketListenerImpl/]: NovaProXX moved too quickly! -9.370668835322249,1.0,3.4084751544220353
[04Dec2025 02:43:17.221] [Server thread/WARN] [net.minecraft.server.network.ServerGamePacketListenerImpl/]: NovaProXX moved too quickly! 10.147799968832715,4.7769486246486395,-0.7031356062290115
[04Dec2025 02:43:51.946] [Server thread/WARN] [net.minecraft.server.network.ServerGamePacketListenerImpl/]: NovaProXX moved too quickly! -0.8899256850763777,-0.7684762024129839,10.48032934174887
[04Dec2025 02:43:59.095] [Worker-Main73/INFO] [com.BrassAmber.ba_bt.BrassAmberBattleTowers/]: Land Tower at BlockPos{x=-3640, y=102, z=-632}
[04Dec2025 02:44:14.841] [Server thread/INFO] [com.BrassAmber.ba_bt.BrassAmberBattleTowers/]: Setting obelisk data
[04Dec2025 02:44:44.343] [Server thread/WARN] [net.minecraft.server.network.ServerGamePacketListenerImpl/]: NovaProXX moved too quickly! -11.035345663613498,-0.3499999999999801,-0.9026562644914975
[04Dec2025 02:44:52.570] [Worker-Main70/INFO] [com.BrassAmber.ba_bt.BrassAmberBattleTowers/]: Ocean Tower at BlockPos{x=-3800, y=51, z=-1000}
[04Dec2025 02:44:54.963] [Server thread/WARN] [net.minecraft.server.network.ServerGamePacketListenerImpl/]: NovaProXX moved too quickly! 0.5056821151702025,-1.7499999999999005,-9.893967135260937
